sku_id,product_name,category,color,size,supplier_id,cost_price,mrp,units_purchased,units_sold_total,units_on_hand,stock_remaining_pct,sell_through_rate,last_sale_date,days_since_last_sale,velocity_overall,units_sold_last_4w,weeks_of_stock,bleed_score,margin_at_risk,status,top_channel,action,recommended_discount_pct,reason,markdown_price,projected_recovery,est_revenue_if_actioned,urgency_rank
SKU-0489,Ikat Palazzo (Silk blend),Palazzo,Mauve,XS,SUP-004,226,603,122,2,120,0.984,0.016,2024-06-08,176,0.08,0.0,999.0,173.18,45240,Critical,Store - Koramangala,Urgent markdown,25,No sale in 176 days with 98% stock remaining. Margin eroding rapidly. Act before season ends.,452,30763,43392,1
SKU-0416,Block print Dress (Mul mul),Dress,Charcoal,S,SUP-007,605,1570,114,2,112,0.982,0.018,2024-06-14,170,0.08,0.0,999.0,166.94,108080,Critical,Online - Instagram,Urgent markdown,30,No sale in 170 days with 98% stock remaining. Margin eroding rapidly. Act before season ends.,1099,73494,98470,1
SKU-0426,Ikat Dress (Chanderi),Dress,Terracotta,XXL,SUP-001,443,1640,113,2,111,0.982,0.018,2024-06-18,166,0.08,0.0,999.0,163.01,132867,Critical,Online - Nykaa,Urgent markdown,30,No sale in 166 days with 98% stock remaining. Margin eroding rapidly. Act before season ends.,1148,90350,101942,1
SKU-0373,Bandhani Dress (Georgette),Dress,Charcoal,S,SUP-009,532,1431,103,1,102,0.99,0.01,2024-07-19,135,0.05,0.0,999.0,133.65,91698,Critical,Online - Website,Urgent markdown,30,No sale in 135 days with 99% stock remaining. Margin eroding rapidly. Act before season ends.,1002,62355,81763,1
SKU-0321,Shibori Dupatta (Rayon),Dupatta,Ochre,L,SUP-009,199,749,74,0,74,1.0,0.0,2024-08-04,119,0.0,0.0,999.0,119.0,40700,Critical,,Urgent markdown,25,No sale in 119 days with 100% stock remaining. Margin eroding rapidly. Act before season ends.,562,27676,33270,1
SKU-0119,Block print Kurta (Cotton),Kurta,Ivory,XS,SUP-007,372,1524,95,5,90,0.947,0.053,2024-07-30,124,0.22,0.0,999.0,117.43,103680,Critical,Store - MG Road,Urgent markdown,30,No sale in 124 days with 95% stock remaining. Margin eroding rapidly. Act before season ends.,1067,70502,76824,1
SKU-0290,Shibori Coord Set (Chanderi),Coord Set,Indigo,M,SUP-001,635,1759,65,4,61,0.938,0.062,2024-07-30,124,0.17,0.0,999.0,116.31,68564,Critical,Online - Nykaa,Urgent markdown,35,No sale in 124 days with 94% stock remaining. Margin eroding rapidly. Act before season ends.,1143,46624,55778,1
SKU-0230,Ajrakh Coord Set (Chanderi),Coord Set,Ivory,S,SUP-008,618,2641,76,8,68,0.895,0.105,2024-07-26,128,0.33,0.0,999.0,114.56,137564,Critical,Online - Website,Urgent markdown,35,No sale in 128 days with 90% stock remaining. Margin eroding rapidly. Act before season ends.,1717,93544,93405,1
SKU-0363,Block print Dupatta (Georgette),Dupatta,Ochre,XXL,SUP-006,210,788,54,2,52,0.963,0.037,2024-08-05,118,0.12,0.0,999.0,113.63,30056,Critical,Store - Koramangala,Urgent markdown,25,No sale in 118 days with 96% stock remaining. Margin eroding rapidly. Act before season ends.,591,20438,24586,1
SKU-0063,Shibori Kurta (Linen),Kurta,Ivory,XS,SUP-004,362,1228,141,0,141,1.0,0.0,2024-08-11,112,0.0,0.0,999.0,112.0,122106,Critical,,Urgent markdown,30,No sale in 112 days with 100% stock remaining. Margin eroding rapidly. Act before season ends.,860,83032,97008,1
SKU-0135,Mirror work Saree (Linen),Saree,Blush pink,XS,SUP-007,1648,5632,30,4,26,0.867,0.133,2024-08-03,120,0.17,0.0,999.0,104.04,103584,Critical,Online - Website,Urgent markdown,35,No sale in 120 days with 87% stock remaining. Margin eroding rapidly. Act before season ends.,3661,70437,76149,1
SKU-0332,Bagru print Dupatta (Rayon),Dupatta,Ochre,L,SUP-009,235,563,69,8,61,0.884,0.116,2024-08-06,117,0.36,0.0,999.0,103.43,20008,Critical,Online - Instagram,Urgent markdown,25,No sale in 117 days with 88% stock remaining. Margin eroding rapidly. Act before season ends.,422,13605,20594,1
SKU-0166,Ajrakh Saree (Cotton),Saree,Terracotta,L,SUP-002,1781,3120,84,3,81,0.964,0.036,2024-08-20,103,0.14,0.0,999.0,99.29,108459,Critical,Store - MG Road,Urgent markdown,35,No sale in 103 days with 96% stock remaining. Margin eroding rapidly. Act before season ends.,2028,73752,131414,1
SKU-0444,Mirror work Dress (Mul mul),Dress,Charcoal,XL,SUP-010,606,1853,65,0,65,1.0,0.0,2024-08-24,99,0.0,0.0,999.0,99.0,81055,Critical,,Urgent markdown,30,No sale in 99 days with 100% stock remaining. Margin eroding rapidly. Act before season ends.,1297,55117,67444,1
SKU-0121,Ikat Saree (Rayon),Saree,Ochre,XS,SUP-001,1353,4235,130,5,125,0.962,0.038,2024-08-23,100,0.21,0.0,999.0,96.2,360250,Critical,Store - MG Road,Urgent markdown,35,No sale in 100 days with 96% stock remaining. Margin eroding rapidly. Act before season ends.,2753,244970,275300,1
SKU-0493,Chikankari Palazzo (Chanderi),Palazzo,Indigo,XXL,SUP-003,274,1077,65,0,65,1.0,0.0,2024-08-28,95,0.0,0.0,999.0,95.0,52195,Critical,,Urgent markdown,25,No sale in 95 days with 100% stock remaining. Margin eroding rapidly. Act before season ends.,808,35493,42016,1
SKU-0327,Bagru print Dupatta (Rayon),Dupatta,Indigo,L,SUP-010,205,638,72,0,72,1.0,0.0,2024-08-29,94,0.0,0.0,999.0,94.0,31176,Critical,,Urgent markdown,25,No sale in 94 days with 100% stock remaining. Margin eroding rapidly. Act before season ends.,478,21200,27533,1
SKU-0252,Bandhani Coord Set (Mul mul),Coord Set,Teal,M,SUP-010,649,2204,102,9,93,0.912,0.088,2024-08-21,102,0.4,0.0,999.0,93.02,144615,Critical,Store - Koramangala,Urgent markdown,35,No sale in 102 days with 91% stock remaining. Margin eroding rapidly. Act before season ends.,1433,98338,106615,1
SKU-0215,Ikat Coord Set (Linen),Coord Set,Teal,S,SUP-003,565,1734,144,16,128,0.889,0.111,2024-08-20,103,0.64,0.0,999.0,91.57,149632,Critical,Online - Instagram,Urgent markdown,35,No sale in 103 days with 89% stock remaining. Margin eroding rapidly. Act before season ends.,1127,101750,115405,1
SKU-0402,Bandhani Dress (Cotton),Dress,Sage green,XS,SUP-005,746,1641,30,3,27,0.9,0.1,2024-08-25,98,0.14,0.0,999.0,88.2,24165,Critical,Online - Nykaa,Urgent markdown,30,No sale in 98 days with 90% stock remaining. Margin eroding rapidly. Act before season ends.,1149,16432,24818,1
SKU-0150,Dabu print Saree (Linen),Saree,Mauve,M,SUP-009,1976,3822,60,9,51,0.85,0.15,2024-08-21,102,0.48,0.0,999.0,86.7,94146,Critical,Online - Nykaa,Urgent markdown,35,No sale in 102 days with 85% stock remaining. Margin eroding rapidly. Act before season ends.,2484,64019,101347,1
SKU-0185,Chikankari Saree (Georgette),Saree,Indigo,L,SUP-002,1162,5708,107,15,92,0.86,0.14,2024-08-24,99,0.61,0.0,999.0,85.14,418232,Critical,Online - Instagram,Urgent markdown,35,No sale in 99 days with 86% stock remaining. Margin eroding rapidly. Act before season ends.,3710,284398,273056,1
SKU-0453,Bandhani Palazzo (Rayon),Palazzo,Teal,S,SUP-008,275,831,34,4,30,0.882,0.118,2024-08-27,96,0.22,0.0,999.0,84.67,16680,Critical,Online - Nykaa,Urgent markdown,25,No sale in 96 days with 88% stock remaining. Margin eroding rapidly. Act before season ends.,623,11342,14952,1
SKU-0420,Ikat Dress (Georgette),Dress,Indigo,XS,SUP-009,432,1309,67,5,62,0.925,0.075,2024-09-02,90,0.23,0.0,999.0,83.25,54374,Critical,Online - Website,Urgent markdown,30,No sale in 90 days with 92% stock remaining. Margin eroding rapidly. Act before season ends.,916,36974,45434,1
SKU-0219,Shibori Coord Set (Cotton),Coord Set,Indigo,M,SUP-005,825,2568,34,3,31,0.912,0.088,2024-09-01,91,0.15,0.0,999.0,82.99,54033,Critical,Store - MG Road,Urgent markdown,35,No sale in 91 days with 91% stock remaining. Margin eroding rapidly. Act before season ends.,1669,36742,41391,1
SKU-0079,Mirror work Kurta (Georgette),Kurta,Ivory,XS,SUP-001,569,990,146,16,130,0.89,0.11,2024-08-30,93,0.67,0.0,999.0,82.77,54730,Critical,Store - MG Road,Urgent markdown,30,No sale in 93 days with 89% stock remaining. Margin eroding rapidly. Act before season ends.,693,37216,72072,1
SKU-0357,Mirror work Dupatta (Cotton),Dupatta,Blush pink,XL,SUP-001,224,474,77,8,69,0.896,0.104,2024-08-31,92,0.46,0.0,999.0,82.43,17250,Critical,Online - Instagram,Urgent markdown,25,No sale in 92 days with 90% stock remaining. Margin eroding rapidly. Act before season ends.,356,11730,19651,1
SKU-0500,Ikat Palazzo (Silk blend),Palazzo,Rust,L,SUP-005,220,791,30,5,25,0.833,0.167,2024-08-25,98,0.29,0.0,999.0,81.63,14275,Critical,Online - Website,Urgent markdown,25,No sale in 98 days with 83% stock remaining. Margin eroding rapidly. Act before season ends.,593,9707,11860,1
SKU-0023,Ajrakh Kurta (Chanderi),Kurta,Ochre,XL,SUP-001,430,1648,30,4,26,0.867,0.133,2024-08-30,93,0.22,0.0,999.0,80.63,31668,Critical,Online - Instagram,Urgent markdown,30,No sale in 93 days with 87% stock remaining. Margin eroding rapidly. Act before season ends.,1154,21534,24003,1
SKU-0325,Bagru print Dupatta (Cotton),Dupatta,Rust,M,SUP-009,250,436,114,12,102,0.895,0.105,2024-09-02,90,0.47,0.0,999.0,80.55,18972,Critical,Store - Koramangala,Urgent markdown,25,No sale in 90 days with 90% stock remaining. Margin eroding rapidly. Act before season ends.,327,12901,26683,1
SKU-0379,Shibori Dress (Georgette),Dress,Teal,M,SUP-010,607,1294,86,17,69,0.802,0.198,2024-08-24,99,0.7,0.0,999.0,79.4,47403,Critical,Online - Website,Urgent markdown,30,No sale in 99 days with 80% stock remaining. Margin eroding rapidly. Act before season ends.,906,32234,50011,1
SKU-0220,Dabu print Coord Set (Silk blend),Coord Set,Ochre,XXL,SUP-010,663,1700,122,4,118,0.967,0.033,2024-09-11,81,0.17,0.0,999.0,78.33,122366,Critical,Online - Nykaa,Urgent markdown,35,No sale in 81 days with 97% stock remaining. Margin eroding rapidly. Act before season ends.,1105,83209,104312,1
SKU-0236,Block print Coord Set (Mul mul),Coord Set,Terracotta,XL,SUP-003,588,2124,89,13,76,0.854,0.146,2024-09-01,91,0.58,0.0,999.0,77.71,116736,Critical,Store - MG Road,Urgent markdown,35,No sale in 91 days with 85% stock remaining. Margin eroding rapidly. Act before season ends.,1381,79380,83965,1
SKU-0203,Ajrakh Coord Set (Mul mul),Coord Set,Ivory,S,SUP-001,591,2072,62,15,47,0.758,0.242,2024-08-21,102,0.61,0.0,999.0,77.32,69607,Critical,Store - Koramangala,Urgent markdown,35,No sale in 102 days with 76% stock remaining. Margin eroding rapidly. Act before season ends.,1347,47333,50647,1
SKU-0287,Block print Coord Set (Rayon),Coord Set,Sage green,XL,SUP-008,542,1807,87,13,74,0.851,0.149,2024-09-02,90,0.55,0.0,999.0,76.59,93610,Critical,Store - Koramangala,Urgent markdown,35,No sale in 90 days with 85% stock remaining. Margin eroding rapidly. Act before season ends.,1175,63655,69560,1
SKU-0475,Kalamkari Palazzo (Silk blend),Palazzo,Mauve,M,SUP-001,271,673,35,3,32,0.914,0.086,2024-09-09,83,0.17,0.0,999.0,75.86,12864,Critical,Store - MG Road,Urgent markdown,25,No sale in 83 days with 91% stock remaining. Margin eroding rapidly. Act before season ends.,505,8748,12928,1
SKU-0352,Mirror work Dupatta (Georgette),Dupatta,Ochre,XS,SUP-003,207,619,139,14,125,0.899,0.101,2024-09-08,84,0.59,0.0,999.0,75.52,51500,Critical,Store - Koramangala,Urgent markdown,25,No sale in 84 days with 90% stock remaining. Margin eroding rapidly. Act before season ends.,464,35020,46400,1
SKU-0072,Bandhani Kurta (Georgette),Kurta,Rust,XL,SUP-002,440,1663,121,4,117,0.967,0.033,2024-09-14,78,0.27,0.0,999.0,75.43,143091,Critical,Online - Instagram,Urgent markdown,30,No sale in 78 days with 97% stock remaining. Margin eroding rapidly. Act before season ends.,1164,97302,108950,1
SKU-0051,Mirror work Kurta (Cotton),Kurta,Blush pink,XL,SUP-005,639,1045,30,6,24,0.8,0.2,2024-08-30,93,0.3,0.0,999.0,74.4,9744,Critical,Online - Instagram,Urgent markdown,30,No sale in 93 days with 80% stock remaining. Margin eroding rapidly. Act before season ends.,732,6626,14054,1
SKU-0468,Chikankari Palazzo (Cotton),Palazzo,Ivory,M,SUP-010,280,625,44,6,38,0.864,0.136,2024-09-09,83,0.34,0.0,999.0,71.71,13110,Critical,Store - Indiranagar,Urgent markdown,25,No sale in 83 days with 86% stock remaining. Margin eroding rapidly. Act before season ends.,469,8915,14258,1
SKU-0479,Bagru print Palazzo (Chanderi),Palazzo,Terracotta,XS,SUP-009,327,1026,37,4,33,0.892,0.108,2024-09-12,80,0.17,0.0,999.0,71.36,23067,Critical,Store - Koramangala,Urgent markdown,25,No sale in 80 days with 89% stock remaining. Margin eroding rapidly. Act before season ends.,770,15686,20328,1
SKU-0206,Shibori Coord Set (Linen),Coord Set,Charcoal,XS,SUP-002,816,2034,105,2,103,0.981,0.019,2024-09-20,72,0.1,0.0,999.0,70.63,125454,Critical,Online - Instagram,Urgent markdown,35,No sale in 72 days with 98% stock remaining. Margin eroding rapidly. Act before season ends.,1322,85309,108933,1
SKU-0153,Dabu print Saree (Rayon),Saree,Mauve,M,SUP-008,1492,5563,40,6,34,0.85,0.15,2024-09-09,83,0.33,0.0,999.0,70.55,138414,Critical,Store - Indiranagar,Urgent markdown,35,No sale in 83 days with 85% stock remaining. Margin eroding rapidly. Act before season ends.,3616,94122,98355,1
SKU-0391,Dabu print Dress (Silk blend),Dress,Mauve,XL,SUP-008,671,1203,57,16,41,0.719,0.281,2024-08-25,98,0.68,0.0,999.0,70.46,21812,Critical,Store - Koramangala,Urgent markdown,30,No sale in 98 days with 72% stock remaining. Margin eroding rapidly. Act before season ends.,842,14832,27618,1
SKU-0131,Kalamkari Saree (Chanderi),Saree,Charcoal,M,SUP-004,1960,5707,54,0,54,1.0,0.0,2024-09-22,70,0.0,0.0,999.0,70.0,202338,Critical,,Urgent markdown,35,No sale in 70 days with 100% stock remaining. Margin eroding rapidly. Act before season ends.,3710,137590,160272,1
SKU-0216,Bandhani Coord Set (Rayon),Coord Set,Indigo,XL,SUP-001,685,2669,128,18,110,0.859,0.141,2024-09-12,80,0.91,0.0,999.0,68.72,218240,Critical,Store - Indiranagar,Urgent markdown,35,No sale in 80 days with 86% stock remaining. Margin eroding rapidly. Act before season ends.,1735,148403,152680,1
SKU-0087,Ajrakh Kurta (Mul mul),Kurta,Ivory,XXL,SUP-005,467,1720,123,9,114,0.927,0.073,2024-09-19,73,0.46,0.0,999.0,67.67,142842,Critical,Online - Website,Urgent markdown,30,No sale in 73 days with 93% stock remaining. Margin eroding rapidly. Act before season ends.,1204,97133,109805,1
SKU-0100,Dabu print Kurta (Linen),Kurta,Blush pink,M,SUP-007,565,1335,32,7,25,0.781,0.219,2024-09-07,85,0.4,0.0,999.0,66.39,19250,Critical,Online - Nykaa,Urgent markdown,30,No sale in 85 days with 78% stock remaining. Margin eroding rapidly. Act before season ends.,934,13090,18680,1
SKU-0244,Shibori Coord Set (Linen),Coord Set,Teal,L,SUP-010,576,2043,68,7,61,0.897,0.103,2024-09-18,74,0.48,0.0,999.0,66.38,89487,Critical,Store - Indiranagar,Urgent markdown,35,No sale in 74 days with 90% stock remaining. Margin eroding rapidly. Act before season ends.,1328,60851,64806,1
SKU-0204,Dabu print Coord Set (Linen),Coord Set,Teal,S,SUP-006,732,1988,132,9,123,0.932,0.068,2024-09-22,70,0.49,0.0,999.0,65.24,154488,Critical,Online - Website,Urgent markdown,35,No sale in 70 days with 93% stock remaining. Margin eroding rapidly. Act before season ends.,1292,105052,127133,1
SKU-0396,Shibori Dress (Silk blend),Dress,Indigo,XS,SUP-003,494,1506,82,13,69,0.841,0.159,2024-09-15,77,0.58,0.0,999.0,64.76,69828,Critical,Store - Koramangala,Urgent markdown,30,No sale in 77 days with 84% stock remaining. Margin eroding rapidly. Act before season ends.,1054,47483,58181,1
SKU-0410,Ajrakh Dress (Linen),Dress,Indigo,L,SUP-004,473,1759,82,13,69,0.841,0.159,2024-09-16,76,0.53,0.0,999.0,63.92,88734,Critical,Store - MG Road,Urgent markdown,30,No sale in 76 days with 84% stock remaining. Margin eroding rapidly. Act before season ends.,1231,60339,67951,1
SKU-0050,Kalamkari Kurta (Cotton),Kurta,Terracotta,S,SUP-001,628,1076,140,31,109,0.779,0.221,2024-09-10,82,1.45,0.0,999.0,63.88,48832,Critical,Online - Nykaa,Urgent markdown,30,No sale in 82 days with 78% stock remaining. Margin eroding rapidly. Act before season ends.,753,33206,65662,1
SKU-0246,Chikankari Coord Set (Linen),Coord Set,Ivory,L,SUP-008,535,2507,74,12,62,0.838,0.162,2024-09-16,76,0.64,0.0,999.0,63.69,122264,Critical,Store - MG Road,Urgent markdown,35,No sale in 76 days with 84% stock remaining. Margin eroding rapidly. Act before season ends.,1630,83140,80848,1
SKU-0253,Ajrakh Coord Set (Silk blend),Coord Set,Teal,XL,SUP-002,577,2500,96,25,71,0.74,0.26,2024-09-07,85,1.05,0.0,999.0,62.9,136533,Critical,Store - MG Road,Urgent markdown,35,No sale in 85 days with 74% stock remaining. Margin eroding rapidly. Act before season ends.,1625,92842,92300,1
SKU-0490,Dabu print Palazzo (Silk blend),Palazzo,Blush pink,L,SUP-001,322,622,72,19,53,0.736,0.264,2024-09-10,82,0.79,0.0,999.0,60.35,15900,Critical,Store - Koramangala,Urgent markdown,25,No sale in 82 days with 74% stock remaining. Margin eroding rapidly. Act before season ends.,466,10812,19758,1
SKU-0498,Mirror work Palazzo (Mul mul),Palazzo,Ivory,M,SUP-006,203,763,143,13,130,0.909,0.091,2024-09-26,66,0.61,0.0,999.0,59.99,72800,Critical,Online - Nykaa,Urgent markdown,25,No sale in 66 days with 91% stock remaining. Margin eroding rapidly. Act before season ends.,572,49504,59488,1
SKU-0414,Shibori Dress (Cotton),Dress,Rust,XS,SUP-002,739,1767,73,10,63,0.863,0.137,2024-09-23,69,0.46,0.0,999.0,59.55,64764,Critical,Online - Nykaa,Urgent markdown,30,No sale in 69 days with 86% stock remaining. Margin eroding rapidly. Act before season ends.,1237,44040,62345,1
SKU-0264,Ikat Coord Set (Cotton),Coord Set,Teal,S,SUP-002,725,1908,134,39,95,0.709,0.291,2024-09-09,83,1.76,0.0,999.0,58.85,112385,Critical,Online - Instagram,Urgent markdown,35,No sale in 83 days with 71% stock remaining. Margin eroding rapidly. Act before season ends.,1240,76422,94240,1
SKU-0245,Bagru print Coord Set (Cotton),Coord Set,Terracotta,XL,SUP-010,896,1558,85,4,81,0.953,0.047,2024-10-01,61,0.33,0.0,999.0,58.13,53622,Critical,Online - Instagram,Urgent markdown,35,No sale in 61 days with 95% stock remaining. Margin eroding rapidly. Act before season ends.,1013,36463,65642,1
SKU-0152,Ajrakh Saree (Mul mul),Saree,Ochre,M,SUP-001,1780,4881,80,2,78,0.975,0.025,2024-10-03,59,0.24,0.0,999.0,57.52,241878,Critical,Online - Website,Urgent markdown,35,No sale in 59 days with 98% stock remaining. Margin eroding rapidly. Act before season ends.,3173,164477,197995,1
SKU-0446,Bandhani Dress (Mul mul),Dress,Terracotta,L,SUP-009,574,1988,83,8,75,0.904,0.096,2024-09-29,63,0.53,0.0,999.0,56.95,106050,Critical,Store - Koramangala,Urgent markdown,30,No sale in 63 days with 90% stock remaining. Margin eroding rapidly. Act before season ends.,1392,72114,83520,1
SKU-0194,Mirror work Saree (Silk blend),Saree,Charcoal,XL,SUP-003,1668,6226,30,3,27,0.9,0.1,2024-09-29,63,0.22,0.0,999.0,56.7,123066,Critical,Online - Instagram,Urgent markdown,35,No sale in 63 days with 90% stock remaining. Margin eroding rapidly. Act before season ends.,4047,83685,87415,1
SKU-0212,Mirror work Coord Set (Georgette),Coord Set,Ivory,L,SUP-001,534,1844,123,7,116,0.943,0.057,2024-10-02,60,0.46,0.0,999.0,56.58,151960,Critical,Online - Nykaa,Urgent markdown,35,No sale in 60 days with 94% stock remaining. Margin eroding rapidly. Act before season ends.,1199,103333,111267,1
SKU-0107,Chikankari Kurta (Mul mul),Kurta,Blush pink,XS,SUP-007,626,1659,32,4,28,0.875,0.125,2024-09-29,63,0.34,0.0,999.0,55.12,28924,Critical,Store - Indiranagar,Urgent markdown,30,No sale in 63 days with 88% stock remaining. Margin eroding rapidly. Act before season ends.,1161,19668,26006,1
SKU-0070,Bagru print Kurta (Rayon),Kurta,Ivory,XXL,SUP-004,514,1371,46,6,40,0.87,0.13,2024-09-29,63,0.44,0.0,999.0,54.81,34280,Critical,Online - Nykaa,Urgent markdown,30,No sale in 63 days with 87% stock remaining. Margin eroding rapidly. Act before season ends.,960,23310,30720,1
SKU-0349,Chikankari Dupatta (Cotton),Dupatta,Rust,L,SUP-002,261,833,144,8,136,0.944,0.056,2024-10-04,58,0.35,0.0,999.0,54.75,77792,Critical,Store - MG Road,Urgent markdown,25,No sale in 58 days with 94% stock remaining. Margin eroding rapidly. Act before season ends.,625,52899,68000,1
SKU-0392,Ikat Dress (Linen),Dress,Rust,M,SUP-005,424,1756,127,14,113,0.89,0.11,2024-10-01,61,0.86,0.0,999.0,54.29,150516,Critical,Store - Indiranagar,Urgent markdown,30,No sale in 61 days with 89% stock remaining. Margin eroding rapidly. Act before season ends.,1229,102351,111102,1
SKU-0455,Chikankari Palazzo (Linen),Palazzo,Charcoal,M,SUP-004,335,917,44,17,27,0.614,0.386,2024-09-04,88,0.74,0.0,999.0,54.03,15714,Critical,Online - Instagram,Urgent markdown,25,No sale in 88 days with 61% stock remaining. Margin eroding rapidly. Act before season ends.,688,10686,14861,1
SKU-0311,Mirror work Dupatta (Rayon),Dupatta,Sage green,M,SUP-004,195,379,123,5,118,0.959,0.041,2024-10-06,56,0.49,0.0,999.0,53.7,21712,Critical,Online - Instagram,Urgent markdown,25,No sale in 56 days with 96% stock remaining. Margin eroding rapidly. Act before season ends.,284,14764,26810,1
SKU-0187,Bandhani Saree (Linen),Saree,Teal,S,SUP-009,2046,3207,125,3,122,0.976,0.024,2024-10-07,55,0.25,0.0,999.0,53.68,141642,Critical,Online - Nykaa,Urgent markdown,35,No sale in 55 days with 98% stock remaining. Margin eroding rapidly. Act before season ends.,2085,96317,203496,1
SKU-0472,Bandhani Palazzo (Silk blend),Palazzo,Terracotta,XS,SUP-004,212,789,124,8,116,0.935,0.065,2024-10-05,57,0.73,0.0,999.0,53.3,66932,Critical,Online - Nykaa,Urgent markdown,25,No sale in 57 days with 94% stock remaining. Margin eroding rapidly. Act before season ends.,592,45514,54938,1
SKU-0262,Kalamkari Coord Set (Mul mul),Coord Set,Blush pink,L,SUP-001,614,2527,59,18,41,0.695,0.305,2024-09-16,76,0.96,0.0,999.0,52.82,78433,Critical,Online - Nykaa,Urgent markdown,35,No sale in 76 days with 70% stock remaining. Margin eroding rapidly. Act before season ends.,1643,53334,53890,1
SKU-0059,Dabu print Kurta (Chanderi),Kurta,Terracotta,XXL,SUP-002,439,1725,144,6,138,0.958,0.042,2024-10-08,54,0.4,0.0,999.0,51.73,177468,Critical,Store - Indiranagar,Urgent markdown,30,No sale in 54 days with 96% stock remaining. Margin eroding rapidly. Act before season ends.,1208,120678,133363,1
SKU-0365,Bagru print Dupatta (Linen),Dupatta,Rust,XL,SUP-004,212,458,85,12,73,0.859,0.141,2024-10-02,60,0.75,0.0,999.0,51.54,17958,Critical,Online - Nykaa,Urgent markdown,25,No sale in 60 days with 86% stock remaining. Margin eroding rapidly. Act before season ends.,344,12211,20090,1
SKU-0474,Bandhani Palazzo (Chanderi),Palazzo,Teal,M,SUP-003,206,755,111,17,94,0.847,0.153,2024-10-02,60,0.9,0.0,999.0,50.82,51606,Critical,Online - Instagram,Urgent markdown,25,No sale in 60 days with 85% stock remaining. Margin eroding rapidly. Act before season ends.,566,35092,42563,1
SKU-0441,Ajrakh Dress (Silk blend),Dress,Teal,XXL,SUP-006,558,1456,111,21,90,0.811,0.189,2024-09-30,62,1.44,0.0,999.0,50.28,80820,Critical,Store - MG Road,Urgent markdown,30,No sale in 62 days with 81% stock remaining. Margin eroding rapidly. Act before season ends.,1019,54958,73368,1
SKU-0318,Block print Dupatta (Cotton),Dupatta,Sage green,XXL,SUP-009,158,847,83,24,59,0.711,0.289,2024-09-22,70,0.95,0.0,999.0,49.77,40651,Critical,Online - Website,Urgent markdown,25,No sale in 70 days with 71% stock remaining. Margin eroding rapidly. Act before season ends.,635,27643,29972,1
SKU-0035,Mirror work Kurta (Linen),Kurta,Rust,XXL,SUP-008,371,1699,56,26,30,0.536,0.464,2024-08-31,92,1.06,0.0,999.0,49.31,39840,Critical,Online - Instagram,Urgent markdown,25,92 days since last sale. Sell-through stalled at 46%. Markdown needed to restart velocity.,1274,27091,30576,1
SKU-0141,Bandhani Saree (Cotton),Saree,Blush pink,S,SUP-003,1560,5510,125,9,116,0.928,0.072,2024-10-09,53,0.79,0.0,999.0,49.18,458200,Critical,Online - Nykaa,Urgent markdown,30,53 days since last sale. Sell-through stalled at 7%. Markdown needed to restart velocity.,3857,311576,357930,1
SKU-0247,Chikankari Coord Set (Linen),Coord Set,Ochre,XL,SUP-006,861,1958,121,5,116,0.959,0.041,2024-10-11,51,0.26,0.0,999.0,48.91,127252,Critical,Online - Nykaa,Urgent markdown,30,51 days since last sale. Sell-through stalled at 4%. Markdown needed to restart velocity.,1371,86531,127229,1
SKU-0147,Bandhani Saree (Cotton),Saree,Charcoal,S,SUP-009,927,4968,132,33,99,0.75,0.25,2024-09-27,65,1.82,0.0,999.0,48.75,400059,Critical,Online - Instagram,Urgent markdown,35,No sale in 65 days with 75% stock remaining. Margin eroding rapidly. Act before season ends.,3229,272040,255737,1
SKU-0112,Kalamkari Kurta (Linen),Kurta,Sage green,XL,SUP-003,491,1269,62,3,59,0.952,0.048,2024-10-11,51,0.41,0.0,999.0,48.55,45902,Critical,Store - MG Road,Urgent markdown,25,51 days since last sale. Sell-through stalled at 5%. Markdown needed to restart velocity.,952,31213,44934,1
SKU-0470,Chikankari Palazzo (Mul mul),Palazzo,Blush pink,M,SUP-003,277,819,35,19,16,0.457,0.543,2024-08-18,105,0.76,0.0,999.0,47.98,8672,Critical,Store - Indiranagar,Urgent markdown,20,105 days since last sale. Sell-through stalled at 54%. Markdown needed to restart velocity.,655,5897,8384,1
SKU-0133,Shibori Saree (Georgette),Saree,Sage green,XXL,SUP-005,1754,3405,117,32,85,0.726,0.274,2024-09-26,66,1.36,0.0,999.0,47.92,140335,Critical,Store - MG Road,Urgent markdown,35,No sale in 66 days with 73% stock remaining. Margin eroding rapidly. Act before season ends.,2213,95428,150484,1
SKU-0094,Bagru print Kurta (Cotton),Kurta,Rust,M,SUP-002,357,1309,90,26,64,0.711,0.289,2024-09-25,67,1.26,0.0,999.0,47.64,60928,Critical,Store - Koramangala,Urgent markdown,30,No sale in 67 days with 71% stock remaining. Margin eroding rapidly. Act before season ends.,916,41431,46899,1
SKU-0132,Ajrakh Saree (Silk blend),Saree,Indigo,M,SUP-001,874,2585,72,25,47,0.653,0.347,2024-09-20,72,1.18,0.0,999.0,47.02,80417,Critical,Online - Website,Urgent markdown,35,No sale in 72 days with 65% stock remaining. Margin eroding rapidly. Act before season ends.,1680,54684,63168,1
SKU-0343,Shibori Dupatta (Rayon),Dupatta,Blush pink,S,SUP-006,240,744,32,9,23,0.719,0.281,2024-09-27,65,0.52,0.0,999.0,46.74,11592,Critical,Online - Nykaa,Urgent markdown,25,No sale in 65 days with 72% stock remaining. Margin eroding rapidly. Act before season ends.,558,7883,10267,1
SKU-0372,Ikat Dress (Chanderi),Dress,Mauve,M,SUP-008,743,2089,113,44,69,0.611,0.389,2024-09-16,76,1.77,0.0,999.0,46.44,92874,Critical,Store - Koramangala,Urgent markdown,30,No sale in 76 days with 61% stock remaining. Margin eroding rapidly. Act before season ends.,1462,63154,80702,1
SKU-0067,Kalamkari Kurta (Silk blend),Kurta,Teal,XL,SUP-002,535,1347,140,24,116,0.829,0.171,2024-10-06,56,1.24,0.0,999.0,46.42,94192,Critical,Store - Indiranagar,Urgent markdown,25,56 days since last sale. Sell-through stalled at 17%. Markdown needed to restart velocity.,1010,64051,93728,1
SKU-0240,Mirror work Coord Set (Linen),Coord Set,Indigo,L,SUP-005,542,2343,52,7,45,0.865,0.135,2024-10-09,53,0.49,0.0,999.0,45.84,81045,Critical,Online - Website,Urgent markdown,30,53 days since last sale. Sell-through stalled at 14%. Markdown needed to restart velocity.,1640,55111,59040,1
SKU-0136,Bagru print Saree (Silk blend),Saree,Ivory,XL,SUP-008,1964,3189,48,5,43,0.896,0.104,2024-10-11,51,0.26,0.0,999.0,45.7,52675,Critical,Online - Website,Urgent markdown,30,51 days since last sale. Sell-through stalled at 10%. Markdown needed to restart velocity.,2232,35819,76781,1
SKU-0234,Ajrakh Coord Set (Rayon),Coord Set,Ochre,XXL,SUP-004,576,2582,131,5,126,0.962,0.038,2024-10-15,47,0.43,0.0,999.0,45.21,252756,Critical,Online - Website,Urgent markdown,30,47 days since last sale. Sell-through stalled at 4%. Markdown needed to restart velocity.,1807,171874,182146,1
SKU-0312,Ikat Dupatta (Cotton),Dupatta,Charcoal,L,SUP-006,232,532,74,16,58,0.784,0.216,2024-10-05,57,0.7,0.0,999.0,44.69,17400,Critical,Store - Koramangala,Urgent markdown,20,57 days since last sale. Sell-through stalled at 22%. Markdown needed to restart velocity.,426,11832,19766,1
SKU-0089,Mirror work Kurta (Mul mul),Kurta,Indigo,XXL,SUP-002,415,1024,127,18,109,0.858,0.142,2024-10-10,52,1.09,0.0,999.0,44.62,66381,Critical,Store - Koramangala,Urgent markdown,25,52 days since last sale. Sell-through stalled at 14%. Markdown needed to restart velocity.,768,45139,66970,1
SKU-0138,Bandhani Saree (Georgette),Saree,Sage green,XS,SUP-008,1936,4361,58,33,25,0.431,0.569,2024-08-21,102,1.29,0.0,999.0,43.96,60625,Critical,Store - Indiranagar,Urgent markdown,30,102 days since last sale. Sell-through stalled at 57%. Markdown needed to restart velocity.,3053,41225,61060,1
SKU-0233,Block print Coord Set (Cotton),Coord Set,Charcoal,XL,SUP-009,691,1974,146,7,139,0.952,0.048,2024-10-16,46,0.57,0.0,999.0,43.79,178337,Critical,Store - Indiranagar,Urgent markdown,30,46 days since last sale. Sell-through stalled at 5%. Markdown needed to restart velocity.,1382,121269,153678,1
SKU-0371,Chikankari Dress (Cotton),Dress,Sage green,S,SUP-002,427,1958,95,14,81,0.853,0.147,2024-10-11,51,0.98,0.0,999.0,43.5,124011,Critical,Online - Instagram,Urgent markdown,25,51 days since last sale. Sell-through stalled at 15%. Markdown needed to restart velocity.,1468,84327,95126,1
SKU-0184,Shibori Saree (Silk blend),Saree,Teal,S,SUP-010,806,2756,61,6,55,0.902,0.098,2024-10-14,48,0.59,0.0,999.0,43.3,107250,Critical,Store - Indiranagar,Urgent markdown,30,48 days since last sale. Sell-through stalled at 10%. Markdown needed to restart velocity.,1929,72930,84876,1
SKU-0038,Block print Kurta (Linen),Kurta,Mauve,M,SUP-001,386,1229,145,25,120,0.828,0.172,2024-10-10,52,1.65,0.0,999.0,43.06,101160,Critical,Online - Website,Urgent markdown,25,52 days since last sale. Sell-through stalled at 17%. Markdown needed to restart velocity.,922,68789,88512,1
SKU-0417,Block print Dress (Mul mul),Dress,Ivory,L,SUP-009,654,2136,123,32,91,0.74,0.26,2024-10-04,58,1.96,0.0,999.0,42.92,134862,Critical,Online - Website,Urgent markdown,25,58 days since last sale. Sell-through stalled at 26%. Markdown needed to restart velocity.,1602,91706,116626,1
SKU-0085,Shibori Kurta (Linen),Kurta,Ivory,M,SUP-004,494,1034,91,19,72,0.791,0.209,2024-10-08,54,1.46,0.0,999.0,42.71,38880,Critical,Store - Koramangala,Urgent markdown,25,54 days since last sale. Sell-through stalled at 21%. Markdown needed to restart velocity.,776,26438,44698,1
SKU-0117,Bandhani Kurta (Rayon),Kurta,Mauve,XL,SUP-003,619,1777,107,1,106,0.991,0.009,2024-10-19,43,0.16,0.0,999.0,42.61,122748,Critical,Store - Indiranagar,Urgent markdown,25,43 days since last sale. Sell-through stalled at 1%. Markdown needed to restart velocity.,1333,83469,113038,1
SKU-0497,Kalamkari Palazzo (Georgette),Palazzo,Indigo,S,SUP-006,363,801,40,15,25,0.625,0.375,2024-09-24,68,0.88,0.0,999.0,42.5,10950,Critical,Store - MG Road,Urgent markdown,25,No sale in 68 days with 62% stock remaining. Margin eroding rapidly. Act before season ends.,601,7446,12020,1
SKU-0128,Dabu print Saree (Cotton),Saree,Ochre,M,SUP-008,1808,2803,70,3,67,0.957,0.043,2024-10-18,44,0.48,0.0,999.0,42.11,66665,Critical,Online - Instagram,Urgent markdown,30,44 days since last sale. Sell-through stalled at 4%. Markdown needed to restart velocity.,1962,45332,105163,1
SKU-0326,Ajrakh Dupatta (Rayon),Dupatta,Sage green,S,SUP-009,247,745,100,42,58,0.58,0.42,2024-09-20,72,1.69,0.0,999.0,41.76,28884,Critical,Store - MG Road,Urgent markdown,20,72 days since last sale. Sell-through stalled at 42%. Markdown needed to restart velocity.,596,19641,27654,1
SKU-0182,Bagru print Saree (Mul mul),Saree,Ivory,M,SUP-009,2112,3485,42,15,27,0.643,0.357,2024-09-28,64,0.66,0.0,999.0,41.15,37071,Critical,Store - Koramangala,Urgent markdown,35,No sale in 64 days with 64% stock remaining. Margin eroding rapidly. Act before season ends.,2265,25208,48924,1
SKU-0145,Ikat Saree (Rayon),Saree,Mauve,XXL,SUP-009,1506,5390,127,34,93,0.732,0.268,2024-10-07,55,1.56,0.0,999.0,40.26,361212,Critical,Online - Instagram,Urgent markdown,30,55 days since last sale. Sell-through stalled at 27%. Markdown needed to restart velocity.,3773,245624,280711,1
SKU-0098,Block print Kurta (Chanderi),Kurta,Sage green,XS,SUP-008,405,1299,142,41,101,0.711,0.289,2024-10-07,55,2.39,0.0,999.0,39.1,90294,Critical,Store - Indiranagar,Urgent markdown,25,55 days since last sale. Sell-through stalled at 29%. Markdown needed to restart velocity.,974,61400,78699,1
SKU-0151,Shibori Saree (Rayon),Saree,Teal,S,SUP-001,1445,6463,55,17,38,0.691,0.309,2024-10-06,56,1.07,0.0,999.0,38.7,190684,Critical,Store - Indiranagar,Urgent markdown,30,56 days since last sale. Sell-through stalled at 31%. Markdown needed to restart velocity.,4524,129665,137530,1
SKU-0495,Shibori Palazzo (Georgette),Palazzo,Ivory,L,SUP-001,272,1058,83,39,44,0.53,0.47,2024-09-19,73,1.86,0.0,999.0,38.69,34584,Critical,Store - Koramangala,Urgent markdown,20,73 days since last sale. Sell-through stalled at 47%. Markdown needed to restart velocity.,846,23517,29779,1
SKU-0466,Mirror work Palazzo (Cotton),Palazzo,Teal,S,SUP-007,295,972,86,37,49,0.57,0.43,2024-09-26,66,1.9,0.0,999.0,37.62,33173,Critical,Store - MG Road,Urgent markdown,20,66 days since last sale. Sell-through stalled at 43%. Markdown needed to restart velocity.,778,22558,30498,1
SKU-0388,Mirror work Dress (Rayon),Dress,Teal,M,SUP-003,724,1773,71,22,49,0.69,0.31,2024-10-08,54,1.26,0.0,999.0,37.26,51401,Critical,Online - Nykaa,Urgent markdown,25,54 days since last sale. Sell-through stalled at 31%. Markdown needed to restart velocity.,1330,34953,52136,1
SKU-0093,Bandhani Kurta (Georgette),Kurta,Charcoal,M,SUP-006,402,1399,45,13,32,0.711,0.289,2024-10-10,52,0.65,0.0,999.0,36.97,31904,Critical,Online - Nykaa,Urgent markdown,25,52 days since last sale. Sell-through stalled at 29%. Markdown needed to restart velocity.,1049,21695,26854,1
SKU-0095,Kalamkari Kurta (Rayon),Kurta,Indigo,L,SUP-010,471,1000,90,39,51,0.567,0.433,2024-10-02,60,1.71,0.0,999.0,34.02,26979,Critical,Online - Nykaa,Urgent markdown,25,60 days since last sale. Sell-through stalled at 43%. Markdown needed to restart velocity.,750,18346,30600,1
SKU-0005,Chikankari Kurta (Chanderi),Kurta,Sage green,XS,SUP-002,484,970,38,15,23,0.605,0.395,2024-10-07,55,1.22,0.0,999.0,33.28,11178,Critical,Store - MG Road,Urgent markdown,25,55 days since last sale. Sell-through stalled at 40%. Markdown needed to restart velocity.,728,7601,13395,1
SKU-0101,Ajrakh Kurta (Chanderi),Kurta,Ochre,M,SUP-003,460,1699,44,15,29,0.659,0.341,2024-10-12,50,0.88,0.0,999.0,32.95,35931,Critical,Online - Nykaa,Urgent markdown,25,50 days since last sale. Sell-through stalled at 34%. Markdown needed to restart velocity.,1274,24433,29557,1
SKU-0393,Mirror work Dress (Silk blend),Dress,Teal,L,SUP-005,686,1345,110,60,50,0.455,0.545,2024-09-21,71,2.59,0.0,999.0,32.3,32950,Critical,Online - Instagram,Urgent markdown,25,71 days since last sale. Sell-through stalled at 55%. Markdown needed to restart velocity.,1009,22406,40360,1
SKU-0123,Ikat Saree (Rayon),Saree,Blush pink,L,SUP-008,1941,5053,44,21,23,0.523,0.477,2024-10-03,59,0.95,0.0,999.0,30.86,71576,Critical,Store - MG Road,Urgent markdown,30,59 days since last sale. Sell-through stalled at 48%. Markdown needed to restart velocity.,3537,48672,65081,1
SKU-0164,Bandhani Saree (Mul mul),Saree,Indigo,M,SUP-005,2096,3382,72,33,39,0.542,0.458,2024-10-06,56,1.4,0.0,999.0,30.35,50154,Critical,Store - MG Road,Urgent markdown,30,56 days since last sale. Sell-through stalled at 46%. Markdown needed to restart velocity.,2367,34105,73850,1
SKU-0091,Bandhani Kurta (Cotton),Kurta,Mauve,XL,SUP-004,379,1708,39,23,16,0.41,0.59,2024-09-18,74,1.35,0.0,999.0,30.34,21264,Critical,Store - Koramangala,Urgent markdown,25,74 days since last sale. Sell-through stalled at 59%. Markdown needed to restart velocity.,1281,14460,16397,1
SKU-0324,Shibori Dupatta (Rayon),Dupatta,Terracotta,XL,SUP-002,239,733,98,47,51,0.52,0.48,2024-10-05,57,2.12,0.0,999.0,29.64,25194,Critical,Online - Nykaa,Urgent markdown,20,57 days since last sale. Sell-through stalled at 48%. Markdown needed to restart velocity.,586,17132,23909,1
SKU-0183,Kalamkari Saree (Chanderi),Saree,Sage green,M,SUP-006,1162,4804,89,31,58,0.652,0.348,2024-10-17,45,2.13,0.0,999.0,29.34,211236,Warning,Online - Nykaa,Urgent markdown,30,45 days since last sale. Sell-through stalled at 35%. Markdown needed to restart velocity.,3363,143640,156043,1
SKU-0431,Shibori Dress (Rayon),Dress,Indigo,S,SUP-007,551,1715,73,41,32,0.438,0.562,2024-09-26,66,1.69,0.0,999.0,28.91,37248,Critical,Store - MG Road,Urgent markdown,25,66 days since last sale. Sell-through stalled at 56%. Markdown needed to restart velocity.,1286,25329,32922,1
SKU-0171,Dabu print Saree (Rayon),Saree,Mauve,M,SUP-006,1384,3163,68,37,31,0.456,0.544,2024-09-29,63,1.69,0.0,999.0,28.73,55149,Critical,Store - Koramangala,Urgent markdown,30,63 days since last sale. Sell-through stalled at 54%. Markdown needed to restart velocity.,2214,37501,54907,1
SKU-0062,Chikankari Kurta (Linen),Kurta,Mauve,L,SUP-001,385,1045,84,47,37,0.44,0.56,2024-09-27,65,1.99,0.0,999.0,28.6,24420,Critical,Store - Koramangala,Urgent markdown,25,65 days since last sale. Sell-through stalled at 56%. Markdown needed to restart velocity.,784,16606,23206,1
SKU-0057,Block print Kurta (Cotton),Kurta,Rust,M,SUP-005,527,1624,41,23,18,0.439,0.561,2024-09-27,65,1.18,0.0,999.0,28.54,19746,Critical,Store - MG Road,Urgent markdown,25,65 days since last sale. Sell-through stalled at 56%. Markdown needed to restart velocity.,1218,13427,17539,1
SKU-0025,Mirror work Kurta (Rayon),Kurta,Sage green,S,SUP-006,533,1072,115,64,51,0.443,0.557,2024-09-29,63,2.84,0.0,999.0,27.91,27489,Critical,Online - Instagram,Urgent markdown,25,63 days since last sale. Sell-through stalled at 56%. Markdown needed to restart velocity.,804,18693,32803,1
SKU-0142,Ikat Saree (Mul mul),Saree,Mauve,XXL,SUP-005,1911,3511,43,24,19,0.442,0.558,2024-09-29,63,1.26,0.0,999.0,27.85,30400,Critical,Online - Nykaa,Urgent markdown,30,63 days since last sale. Sell-through stalled at 56%. Markdown needed to restart velocity.,2458,20672,37362,1
SKU-0282,Bagru print Coord Set (Silk blend),Coord Set,Charcoal,XL,SUP-004,551,2023,58,31,27,0.466,0.534,2024-10-04,58,2.28,0.0,999.0,27.03,39744,Critical,Store - Koramangala,Urgent markdown,30,58 days since last sale. Sell-through stalled at 53%. Markdown needed to restart velocity.,1416,27026,30586,1
SKU-0276,Chikankari Coord Set (Mul mul),Coord Set,Sage green,XL,SUP-004,759,2184,65,38,27,0.415,0.585,2024-09-28,64,2.33,0.0,999.0,26.56,38475,Critical,Store - MG Road,Urgent markdown,30,64 days since last sale. Sell-through stalled at 58%. Markdown needed to restart velocity.,1529,26163,33026,1
SKU-0061,Kalamkari Kurta (Cotton),Kurta,Blush pink,M,SUP-001,598,1625,128,57,71,0.555,0.445,2024-10-15,47,2.64,0.0,999.0,26.08,72917,Warning,Online - Instagram,Urgent markdown,25,47 days since last sale. Sell-through stalled at 44%. Markdown needed to restart velocity.,1219,49584,69239,1
SKU-0231,Shibori Coord Set (Linen),Coord Set,Sage green,XS,SUP-001,731,1987,48,21,27,0.562,0.438,2024-10-16,46,1.73,0.0,999.0,25.85,33912,Warning,Online - Instagram,Urgent markdown,30,46 days since last sale. Sell-through stalled at 44%. Markdown needed to restart velocity.,1391,23060,30046,1
SKU-0293,Ajrakh Coord Set (Silk blend),Coord Set,Terracotta,XS,SUP-008,680,1559,47,28,19,0.404,0.596,2024-10-01,61,1.81,0.0,999.0,24.64,16701,Critical,Store - Indiranagar,Urgent markdown,30,61 days since last sale. Sell-through stalled at 60%. Markdown needed to restart velocity.,1091,11357,16583,1
SKU-0302,Shibori Dupatta (Chanderi),Dupatta,Mauve,XXL,SUP-007,183,711,120,67,53,0.442,0.558,2024-10-07,55,4.23,0.0,999.0,24.31,27984,Critical,Online - Instagram,Urgent markdown,20,55 days since last sale. Sell-through stalled at 56%. Markdown needed to restart velocity.,569,19029,24126,1
SKU-0013,Bagru print Kurta (Rayon),Kurta,Rust,L,SUP-008,397,1452,115,65,50,0.435,0.565,2024-10-07,55,2.77,0.0,999.0,23.92,52750,Critical,Store - Indiranagar,Urgent markdown,25,55 days since last sale. Sell-through stalled at 56%. Markdown needed to restart velocity.,1089,35870,43560,1
SKU-0478,Mirror work Palazzo (Georgette),Palazzo,Teal,XXL,SUP-007,232,690,48,27,21,0.438,0.562,2024-10-08,54,1.95,0.0,999.0,23.65,9618,Critical,Store - Koramangala,Urgent markdown,20,54 days since last sale. Sell-through stalled at 56%. Markdown needed to restart velocity.,552,6540,9274,1
SKU-0266,Mirror work Coord Set (Silk blend),Coord Set,Ochre,L,SUP-005,810,1661,145,81,64,0.441,0.559,2024-10-09,53,3.22,0.0,999.0,23.37,54464,Critical,Store - MG Road,Urgent markdown,30,53 days since last sale. Sell-through stalled at 56%. Markdown needed to restart velocity.,1163,37036,59546,1
SKU-0146,Bagru print Saree (Cotton),Saree,Terracotta,XXL,SUP-008,1876,5777,88,52,36,0.409,0.591,2024-10-07,55,3.68,0.0,999.0,22.49,140436,Critical,Online - Nykaa,Urgent markdown,30,55 days since last sale. Sell-through stalled at 59%. Markdown needed to restart velocity.,4044,95496,116467,1
SKU-0494,Dabu print Palazzo (Linen),Palazzo,Ivory,M,SUP-008,262,1053,80,47,33,0.412,0.588,2024-10-17,45,2.28,0.0,999.0,18.54,26103,Warning,Online - Website,Urgent markdown,20,45 days since last sale. Sell-through stalled at 59%. Markdown needed to restart velocity.,842,17750,22229,1
SKU-0374,Mirror work Dress (Cotton),Dress,Charcoal,L,SUP-003,726,2009,113,9,104,0.92,0.08,2024-10-19,43,0.98,0.0,999.0,39.56,133432,Warning,Online - Instagram,Planned markdown,20,Slowing velocity (1.0 units/week). 999 weeks of stock at current pace. Schedule markdown for next week.,1607,106746,133702,2
SKU-0227,Shibori Coord Set (Georgette),Coord Set,Blush pink,M,SUP-002,625,1616,52,3,49,0.942,0.058,2024-10-22,40,0.33,0.0,999.0,37.68,48559,Warning,Store - MG Road,Planned markdown,25,Slowing velocity (0.3 units/week). 999 weeks of stock at current pace. Schedule markdown for next week.,1212,38847,47510,2
SKU-0257,Ajrakh Coord Set (Mul mul),Coord Set,Mauve,L,SUP-005,695,1960,37,5,32,0.865,0.135,2024-10-19,43,0.48,0.0,999.0,37.2,40480,Warning,Store - Indiranagar,Planned markdown,25,Slowing velocity (0.5 units/week). 999 weeks of stock at current pace. Schedule markdown for next week.,1470,32384,37632,2
SKU-0438,Dabu print Dress (Linen),Dress,Rust,XXL,SUP-006,505,1545,122,14,108,0.885,0.115,2024-10-20,42,1.08,0.0,999.0,37.17,112320,Warning,Online - Instagram,Planned markdown,20,Slowing velocity (1.1 units/week). 999 weeks of stock at current pace. Schedule markdown for next week.,1236,89856,106790,2
SKU-0256,Ikat Coord Set (Silk blend),Coord Set,Charcoal,XS,SUP-006,535,2143,70,11,59,0.843,0.157,2024-10-18,44,0.7,0.0,999.0,37.09,94872,Warning,Online - Nykaa,Planned markdown,25,Slowing velocity (0.7 units/week). 999 weeks of stock at current pace. Schedule markdown for next week.,1607,75898,75850,2
SKU-0314,Shibori Dupatta (Mul mul),Dupatta,Terracotta,S,SUP-003,209,749,106,6,100,0.943,0.057,2024-10-23,39,0.51,0.0,999.0,36.78,54000,Warning,Online - Instagram,Planned markdown,15,Slowing velocity (0.5 units/week). 999 weeks of stock at current pace. Schedule markdown for next week.,637,43200,50960,2
SKU-0195,Ajrakh Saree (Rayon),Saree,Rust,XS,SUP-009,1369,6163,53,32,21,0.396,0.604,2024-09-01,91,1.25,0.0,999.0,36.04,100674,Critical,Online - Nykaa,Planned markdown,25,Slowing velocity (1.2 units/week). 999 weeks of stock at current pace. Schedule markdown for next week.,4622,80539,77650,2
SKU-0269,Ajrakh Coord Set (Linen),Coord Set,Sage green,S,SUP-010,846,1529,54,35,19,0.352,0.648,2024-08-30,93,1.39,0.0,999.0,32.74,12977,Critical,Store - MG Road,Planned markdown,25,Slowing velocity (1.4 units/week). 999 weeks of stock at current pace. Schedule markdown for next week.,1147,10382,17434,2
SKU-0481,Bandhani Palazzo (Chanderi),Palazzo,Indigo,XS,SUP-003,281,1023,109,21,88,0.807,0.193,2024-10-22,40,1.75,0.0,999.0,32.28,65296,Warning,Online - Nykaa,Planned markdown,15,Slowing velocity (1.8 units/week). 999 weeks of stock at current pace. Schedule markdown for next week.,870,52237,61248,2
SKU-0385,Kalamkari Dress (Linen),Dress,Terracotta,XL,SUP-010,725,1361,66,9,57,0.864,0.136,2024-10-26,36,0.87,0.0,999.0,31.1,36252,Warning,Online - Nykaa,Planned markdown,20,Slowing velocity (0.9 units/week). 999 weeks of stock at current pace. Schedule markdown for next week.,1089,29002,49658,2
SKU-0159,Block print Saree (Georgette),Saree,Blush pink,M,SUP-008,1840,5840,124,11,113,0.911,0.089,2024-10-28,34,1.13,0.0,999.0,30.97,452000,Warning,Store - Koramangala,Planned markdown,25,Slowing velocity (1.1 units/week). 999 weeks of stock at current pace. Schedule markdown for next week.,4380,361600,395952,2
SKU-0277,Kalamkari Coord Set (Mul mul),Coord Set,Rust,M,SUP-006,623,1821,43,8,35,0.814,0.186,2024-10-25,37,0.74,0.0,999.0,30.12,41930,Warning,Online - Nykaa,Planned markdown,25,Slowing velocity (0.7 units/week). 999 weeks of stock at current pace. Schedule markdown for next week.,1366,33544,38248,2
SKU-0177,Kalamkari Saree (Chanderi),Saree,Charcoal,M,SUP-009,1912,4576,96,22,74,0.771,0.229,2024-10-23,39,1.9,0.0,999.0,30.07,197136,Warning,Store - Indiranagar,Planned markdown,25,Slowing velocity (1.9 units/week). 999 weeks of stock at current pace. Schedule markdown for next week.,3432,157709,203174,2
SKU-0377,Chikankari Dress (Cotton),Dress,Ochre,L,SUP-005,468,1322,83,50,33,0.398,0.602,2024-09-17,75,2.11,0.0,999.0,29.85,28182,Critical,Online - Instagram,Planned markdown,20,Slowing velocity (2.1 units/week). 999 weeks of stock at current pace. Schedule markdown for next week.,1058,22546,27931,2
SKU-0044,Ajrakh Kurta (Chanderi),Kurta,Teal,XXL,SUP-003,491,1420,54,35,19,0.352,0.648,2024-09-08,84,1.57,0.0,999.0,29.57,17651,Critical,Store - Koramangala,Planned markdown,20,Slowing velocity (1.6 units/week). 999 weeks of stock at current pace. Schedule markdown for next week.,1136,14121,17267,2
SKU-0058,Ajrakh Kurta (Rayon),Kurta,Rust,S,SUP-003,414,1366,116,26,90,0.776,0.224,2024-10-24,38,2.09,0.0,999.0,29.49,85680,Warning,Online - Instagram,Planned markdown,20,Slowing velocity (2.1 units/week). 999 weeks of stock at current pace. Schedule markdown for next week.,1093,68544,78696,2
SKU-0412,Shibori Dress (Mul mul),Dress,Ivory,XS,SUP-001,667,1453,122,74,48,0.393,0.607,2024-09-19,73,3.7,0.0,999.0,28.69,37728,Critical,Store - Koramangala,Planned markdown,20,Slowing velocity (3.7 units/week). 999 weeks of stock at current pace. Schedule markdown for next week.,1162,30182,44621,2
SKU-0317,Kalamkari Dupatta (Mul mul),Dupatta,Ochre,S,SUP-004,168,754,132,13,119,0.902,0.098,2024-10-31,31,1.05,0.0,999.0,27.96,69734,Warning,Online - Instagram,Planned markdown,15,Slowing velocity (1.1 units/week). 999 weeks of stock at current pace. Schedule markdown for next week.,641,55787,61023,2
SKU-0280,Kalamkari Coord Set (Rayon),Coord Set,Sage green,XS,SUP-003,741,1892,142,35,107,0.754,0.246,2024-10-25,37,2.58,0.0,999.0,27.9,123157,Warning,Online - Website,Planned markdown,25,Slowing velocity (2.6 units/week). 999 weeks of stock at current pace. Schedule markdown for next week.,1419,98526,121466,2
SKU-0390,Ajrakh Dress (Silk blend),Dress,Sage green,M,SUP-001,511,1582,128,17,111,0.867,0.133,2024-10-30,32,0.77,0.0,999.0,27.74,118881,Warning,Store - Koramangala,Planned markdown,20,Slowing velocity (0.8 units/week). 999 weeks of stock at current pace. Schedule markdown for next week.,1266,95105,112421,2
SKU-0261,Bagru print Coord Set (Mul mul),Coord Set,Rust,XXL,SUP-007,899,2435,121,81,40,0.331,0.669,2024-09-10,82,3.59,0.0,999.0,27.14,61440,Critical,Store - MG Road,Planned markdown,25,Slowing velocity (3.6 units/week). 999 weeks of stock at current pace. Schedule markdown for next week.,1826,49152,58432,2
SKU-0048,Ajrakh Kurta (Mul mul),Kurta,Terracotta,XXL,SUP-003,396,1772,46,14,32,0.696,0.304,2024-10-23,39,1.51,0.0,999.0,27.14,44032,Warning,Store - MG Road,Planned markdown,20,Slowing velocity (1.5 units/week). 999 weeks of stock at current pace. Schedule markdown for next week.,1418,35226,36301,2
SKU-0284,Block print Coord Set (Chanderi),Coord Set,Indigo,S,SUP-008,629,1971,50,9,41,0.82,0.18,2024-10-29,33,1.03,0.0,999.0,27.06,55022,Warning,Store - Koramangala,Planned markdown,25,Slowing velocity (1.0 units/week). 999 weeks of stock at current pace. Schedule markdown for next week.,1478,44018,48478,2
SKU-0173,Dabu print Saree (Silk blend),Saree,Indigo,XS,SUP-010,2133,3084,70,43,27,0.386,0.614,2024-09-22,70,2.45,0.0,999.0,27.02,25677,Critical,Online - Website,Planned markdown,25,Slowing velocity (2.5 units/week). 999 weeks of stock at current pace. Schedule markdown for next week.,2313,20542,49961,2
SKU-0041,Dabu print Kurta (Cotton),Kurta,Blush pink,XS,SUP-009,476,1104,72,48,24,0.333,0.667,2024-09-11,81,2.35,0.0,999.0,26.97,15072,Critical,Store - Indiranagar,Planned markdown,20,Slowing velocity (2.4 units/week). 999 weeks of stock at current pace. Schedule markdown for next week.,883,12058,16954,2
SKU-0224,Ajrakh Coord Set (Linen),Coord Set,Indigo,XS,SUP-005,750,2356,49,33,16,0.327,0.673,2024-09-10,82,1.43,0.0,999.0,26.81,25696,Critical,Online - Instagram,Planned markdown,25,Slowing velocity (1.4 units/week). 999 weeks of stock at current pace. Schedule markdown for next week.,1767,20557,22618,2
SKU-0400,Kalamkari Dress (Mul mul),Dress,Indigo,XS,SUP-008,742,2005,64,7,57,0.891,0.109,2024-11-01,30,0.89,0.0,999.0,26.73,71991,Warning,Store - Indiranagar,Planned markdown,20,Slowing velocity (0.9 units/week). 999 weeks of stock at current pace. Schedule markdown for next week.,1604,57593,73142,2
SKU-0073,Bagru print Kurta (Rayon),Kurta,Charcoal,XS,SUP-003,475,1007,106,64,42,0.396,0.604,2024-09-25,67,2.78,0.0,999.0,26.53,22344,Critical,Store - Indiranagar,Planned markdown,20,Slowing velocity (2.8 units/week). 999 weeks of stock at current pace. Schedule markdown for next week.,806,17875,27082,2
SKU-0218,Bagru print Coord Set (Georgette),Coord Set,Charcoal,L,SUP-002,540,1717,132,23,109,0.826,0.174,2024-10-30,32,2.21,0.0,999.0,26.43,128293,Warning,Store - MG Road,Planned markdown,25,Slowing velocity (2.2 units/week). 999 weeks of stock at current pace. Schedule markdown for next week.,1288,102634,112314,2
SKU-0428,Kalamkari Dress (Linen),Dress,Teal,XL,SUP-009,594,1844,62,45,17,0.274,0.726,2024-08-28,95,1.8,0.0,999.0,26.03,21250,Critical,Store - Koramangala,Planned markdown,20,Slowing velocity (1.8 units/week). 999 weeks of stock at current pace. Schedule markdown for next week.,1475,17000,20060,2
SKU-0260,Shibori Coord Set (Georgette),Coord Set,Terracotta,XXL,SUP-009,649,1852,84,28,56,0.667,0.333,2024-10-23,39,2.18,0.0,999.0,26.01,67368,Warning,Store - Indiranagar,Planned markdown,25,Slowing velocity (2.2 units/week). 999 weeks of stock at current pace. Schedule markdown for next week.,1389,53894,62227,2
SKU-0077,Chikankari Kurta (Cotton),Kurta,Terracotta,XXL,SUP-008,403,1208,57,39,18,0.316,0.684,2024-09-11,81,1.74,0.0,999.0,25.6,14490,Critical,Store - Koramangala,Planned markdown,20,Slowing velocity (1.7 units/week). 999 weeks of stock at current pace. Schedule markdown for next week.,966,11592,13910,2
SKU-0105,Dabu print Kurta (Cotton),Kurta,Mauve,XXL,SUP-004,613,1318,55,19,36,0.655,0.345,2024-10-23,39,1.39,0.0,999.0,25.54,25380,Warning,Store - MG Road,Planned markdown,20,Slowing velocity (1.4 units/week). 999 weeks of stock at current pace. Schedule markdown for next week.,1054,20304,30355,2
SKU-0408,Kalamkari Dress (Silk blend),Dress,Mauve,M,SUP-009,577,1536,54,1,53,0.981,0.019,2024-11-05,26,0.27,1.0,212.0,25.51,50827,Warning,Store - MG Road,Planned markdown,20,Slowing velocity (0.3 units/week). 212 weeks of stock at current pace. Schedule markdown for next week.,1229,40662,52110,2
SKU-0341,Block print Dupatta (Mul mul),Dupatta,Charcoal,L,SUP-002,188,374,55,38,17,0.309,0.691,2024-09-10,82,1.85,0.0,999.0,25.34,3162,Critical,Online - Nykaa,Planned markdown,15,Slowing velocity (1.9 units/week). 999 weeks of stock at current pace. Schedule markdown for next week.,318,2530,4325,2
SKU-0294,Dabu print Coord Set (Cotton),Coord Set,Indigo,XXL,SUP-004,682,1887,59,18,41,0.695,0.305,2024-10-26,36,1.75,0.0,999.0,25.02,49405,Warning,Online - Instagram,Planned markdown,25,Slowing velocity (1.8 units/week). 999 weeks of stock at current pace. Schedule markdown for next week.,1415,39524,46412,2
SKU-0297,Chikankari Coord Set (Mul mul),Coord Set,Ochre,XXL,SUP-009,801,2783,51,33,18,0.353,0.647,2024-09-23,69,1.56,0.0,999.0,24.36,35676,Critical,Online - Website,Planned markdown,25,Slowing velocity (1.6 units/week). 999 weeks of stock at current pace. Schedule markdown for next week.,2087,28541,30053,2
SKU-0197,Ikat Saree (Georgette),Saree,Rust,XL,SUP-005,1390,3250,53,14,39,0.736,0.264,2024-10-29,33,1.56,0.0,999.0,24.29,72540,Warning,Store - Koramangala,Planned markdown,25,Slowing velocity (1.6 units/week). 999 weeks of stock at current pace. Schedule markdown for next week.,2438,58032,76066,2
SKU-0407,Chikankari Dress (Rayon),Dress,Teal,XS,SUP-001,539,2150,134,84,50,0.373,0.627,2024-09-27,65,4.49,0.0,999.0,24.24,80550,Critical,Online - Nykaa,Planned markdown,20,Slowing velocity (4.5 units/week). 999 weeks of stock at current pace. Schedule markdown for next week.,1720,64440,68800,2
SKU-0387,Ikat Dress (Cotton),Dress,Ochre,L,SUP-005,704,1176,66,21,45,0.682,0.318,2024-10-27,35,2.04,0.0,999.0,23.87,21240,Warning,Online - Website,Planned markdown,20,Slowing velocity (2.0 units/week). 999 weeks of stock at current pace. Schedule markdown for next week.,941,16992,33876,2
SKU-0345,Ajrakh Dupatta (Chanderi),Dupatta,Charcoal,XXL,SUP-001,153,390,98,25,73,0.745,0.255,2024-10-30,32,2.73,0.0,999.0,23.84,17301,Warning,Store - MG Road,Planned markdown,15,Slowing velocity (2.7 units/week). 999 weeks of stock at current pace. Schedule markdown for next week.,332,13841,19389,2
SKU-0137,Bandhani Saree (Georgette),Saree,Indigo,S,SUP-006,817,2968,121,19,102,0.843,0.157,2024-11-03,28,1.46,1.0,408.0,23.6,219402,Warning,Online - Website,Planned markdown,25,Slowing velocity (1.5 units/week). 408 weeks of stock at current pace. Schedule markdown for next week.,2226,175522,181642,2
SKU-0208,Bandhani Coord Set (Georgette),Coord Set,Charcoal,L,SUP-010,521,1809,43,20,23,0.535,0.465,2024-10-18,44,1.0,0.0,999.0,23.54,29624,Warning,Store - Indiranagar,Planned markdown,25,Slowing velocity (1.0 units/week). 999 weeks of stock at current pace. Schedule markdown for next week.,1357,23699,24969,2
SKU-0049,Dabu print Kurta (Georgette),Kurta,Terracotta,XL,SUP-010,469,1780,146,4,142,0.973,0.027,2024-11-07,24,0.88,1.0,568.0,23.35,186162,Warning,Store - Indiranagar,Planned markdown,20,Slowing velocity (0.9 units/week). 568 weeks of stock at current pace. Schedule markdown for next week.,1424,148930,161766,2
SKU-0064,Bandhani Kurta (Cotton),Kurta,Sage green,L,SUP-009,566,1291,48,35,13,0.271,0.729,2024-09-06,86,1.59,0.0,999.0,23.31,9425,Critical,Store - Indiranagar,Planned markdown,20,Slowing velocity (1.6 units/week). 999 weeks of stock at current pace. Schedule markdown for next week.,1033,7540,10743,2
SKU-0434,Bandhani Dress (Silk blend),Dress,Mauve,L,SUP-001,445,2148,78,48,30,0.385,0.615,2024-10-02,60,2.23,0.0,999.0,23.1,51090,Critical,Store - MG Road,Planned markdown,20,Slowing velocity (2.2 units/week). 999 weeks of stock at current pace. Schedule markdown for next week.,1718,40872,41232,2
SKU-0190,Ajrakh Saree (Chanderi),Saree,Sage green,M,SUP-003,1504,2221,81,49,32,0.395,0.605,2024-10-04,58,2.58,0.0,999.0,22.91,22944,Critical,Store - MG Road,Planned markdown,25,Slowing velocity (2.6 units/week). 999 weeks of stock at current pace. Schedule markdown for next week.,1666,18355,42650,2
SKU-0016,Chikankari Kurta (Rayon),Kurta,Sage green,XL,SUP-007,571,1434,88,62,26,0.295,0.705,2024-09-15,77,2.65,0.0,999.0,22.72,22438,Critical,Online - Nykaa,Planned markdown,20,Slowing velocity (2.6 units/week). 999 weeks of stock at current pace. Schedule markdown for next week.,1147,17950,23858,2
SKU-0188,Kalamkari Saree (Rayon),Saree,Ochre,L,SUP-004,1793,6102,125,92,33,0.264,0.736,2024-09-06,86,3.81,0.0,999.0,22.7,142197,Critical,Store - Koramangala,Planned markdown,25,Slowing velocity (3.8 units/week). 999 weeks of stock at current pace. Schedule markdown for next week.,4576,113758,120806,2
SKU-0099,Bagru print Kurta (Linen),Kurta,Terracotta,L,SUP-007,602,1641,107,21,86,0.804,0.196,2024-11-03,28,2.45,3.0,114.7,22.51,89354,Warning,Store - MG Road,Planned markdown,20,Slowing velocity (2.5 units/week). 115 weeks of stock at current pace. Schedule markdown for next week.,1313,71483,90334,2
SKU-0367,Kalamkari Dupatta (Cotton),Dupatta,Terracotta,M,SUP-006,209,644,134,23,111,0.828,0.172,2024-11-04,27,1.64,3.0,148.0,22.36,48285,Warning,Store - Koramangala,Planned markdown,15,Slowing velocity (1.6 units/week). 148 weeks of stock at current pace. Schedule markdown for next week.,547,38628,48574,2
SKU-0334,Ikat Dupatta (Silk blend),Dupatta,Ochre,L,SUP-007,163,446,118,6,112,0.949,0.051,2024-11-08,23,0.76,2.0,224.0,21.83,31696,Warning,Store - Indiranagar,Planned markdown,15,Slowing velocity (0.8 units/week). 224 weeks of stock at current pace. Schedule markdown for next week.,379,25357,33958,2
SKU-0403,Kalamkari Dress (Mul mul),Dress,Charcoal,XS,SUP-004,456,1240,64,44,20,0.312,0.688,2024-09-23,69,2.07,0.0,999.0,21.53,15680,Critical,Online - Instagram,Planned markdown,20,Slowing velocity (2.1 units/week). 999 weeks of stock at current pace. Schedule markdown for next week.,992,12544,15872,2
SKU-0168,Kalamkari Saree (Mul mul),Saree,Charcoal,L,SUP-009,828,4232,39,18,21,0.538,0.462,2024-10-22,40,1.68,0.0,999.0,21.52,71484,Warning,Online - Nykaa,Planned markdown,25,Slowing velocity (1.7 units/week). 999 weeks of stock at current pace. Schedule markdown for next week.,3174,57187,53323,2
SKU-0039,Chikankari Kurta (Cotton),Kurta,Rust,S,SUP-009,540,1202,135,85,50,0.37,0.63,2024-10-05,57,3.44,0.0,999.0,21.09,33100,Critical,Store - Indiranagar,Planned markdown,20,Slowing velocity (3.4 units/week). 999 weeks of stock at current pace. Schedule markdown for next week.,962,26480,38480,2
SKU-0114,Kalamkari Kurta (Cotton),Kurta,Ivory,XS,SUP-008,433,1270,67,27,40,0.597,0.403,2024-10-27,35,2.49,0.0,999.0,20.9,33480,Warning,Store - MG Road,Planned markdown,20,Slowing velocity (2.5 units/week). 999 weeks of stock at current pace. Schedule markdown for next week.,1016,26784,32512,2
SKU-0010,Shibori Kurta (Rayon),Kurta,Ivory,XS,SUP-007,566,1713,38,27,11,0.289,0.711,2024-09-21,71,1.38,0.0,999.0,20.52,12617,Critical,Store - MG Road,Planned markdown,20,Slowing velocity (1.4 units/week). 999 weeks of stock at current pace. Schedule markdown for next week.,1370,10094,12056,2
SKU-0207,Chikankari Coord Set (Silk blend),Coord Set,Sage green,L,SUP-006,763,2741,87,54,33,0.379,0.621,2024-10-08,54,3.9,0.0,999.0,20.47,65274,Critical,Store - Indiranagar,Planned markdown,25,Slowing velocity (3.9 units/week). 999 weeks of stock at current pace. Schedule markdown for next week.,2056,52219,54278,2
SKU-0068,Dabu print Kurta (Mul mul),Kurta,Ivory,XL,SUP-006,425,958,36,13,23,0.639,0.361,2024-10-30,32,1.05,0.0,999.0,20.45,12259,Warning,Store - MG Road,Planned markdown,20,Slowing velocity (1.1 units/week). 999 weeks of stock at current pace. Schedule markdown for next week.,766,9807,14094,2
SKU-0394,Dabu print Dress (Mul mul),Dress,Ochre,XS,SUP-003,603,2143,48,12,36,0.75,0.25,2024-11-04,27,1.42,1.0,144.0,20.25,55440,Warning,Store - Indiranagar,Planned markdown,20,Slowing velocity (1.4 units/week). 144 weeks of stock at current pace. Schedule markdown for next week.,1714,44352,49363,2
SKU-0288,Ikat Coord Set (Georgette),Coord Set,Rust,M,SUP-003,865,2651,136,87,49,0.36,0.64,2024-10-06,56,4.01,0.0,999.0,20.16,87514,Critical,Online - Instagram,Planned markdown,25,Slowing velocity (4.0 units/week). 999 weeks of stock at current pace. Schedule markdown for next week.,1988,70011,77930,2
SKU-0331,Chikankari Dupatta (Rayon),Dupatta,Sage green,S,SUP-004,182,398,139,6,133,0.957,0.043,2024-11-10,21,0.93,1.0,532.0,20.1,28728,Warning,Online - Nykaa,Planned markdown,15,Slowing velocity (0.9 units/week). 532 weeks of stock at current pace. Schedule markdown for next week.,338,22982,35963,2
SKU-0381,Bandhani Dress (Rayon),Dress,Terracotta,L,SUP-002,740,1658,121,75,46,0.38,0.62,2024-10-10,52,3.26,0.0,999.0,19.76,42228,Critical,Online - Website,Planned markdown,20,Slowing velocity (3.3 units/week). 999 weeks of stock at current pace. Schedule markdown for next week.,1326,33782,48797,2
SKU-0259,Block print Coord Set (Silk blend),Coord Set,Indigo,XXL,SUP-004,671,2169,37,24,13,0.351,0.649,2024-10-06,56,1.46,0.0,999.0,19.66,19474,Critical,Store - Koramangala,Planned markdown,25,Slowing velocity (1.5 units/week). 999 weeks of stock at current pace. Schedule markdown for next week.,1627,15579,16921,2
SKU-0241,Kalamkari Coord Set (Mul mul),Coord Set,Charcoal,L,SUP-003,606,2414,44,19,25,0.568,0.432,2024-10-28,34,1.43,0.0,999.0,19.31,45200,Warning,Store - Indiranagar,Planned markdown,25,Slowing velocity (1.4 units/week). 999 weeks of stock at current pace. Schedule markdown for next week.,1810,36160,36200,2
SKU-0027,Bandhani Kurta (Georgette),Kurta,Rust,L,SUP-007,601,1352,81,31,50,0.617,0.383,2024-10-31,31,2.11,0.0,999.0,19.13,37550,Warning,Store - Indiranagar,Planned markdown,20,Slowing velocity (2.1 units/week). 999 weeks of stock at current pace. Schedule markdown for next week.,1082,30040,43280,2
SKU-0140,Shibori Saree (Georgette),Saree,Rust,M,SUP-008,2172,5279,83,29,54,0.651,0.349,2024-11-02,29,2.6,0.0,999.0,18.88,167778,Warning,Store - Indiranagar,Planned markdown,25,Slowing velocity (2.6 units/week). 999 weeks of stock at current pace. Schedule markdown for next week.,3959,134222,171029,2
SKU-0139,Ajrakh Saree (Mul mul),Saree,Ivory,L,SUP-002,854,3681,36,26,10,0.278,0.722,2024-09-25,67,1.48,0.0,999.0,18.63,28270,Critical,Store - Koramangala,Planned markdown,25,Slowing velocity (1.5 units/week). 999 weeks of stock at current pace. Schedule markdown for next week.,2761,22616,22088,2
SKU-0056,Ikat Kurta (Georgette),Kurta,Indigo,XS,SUP-004,445,1718,53,30,23,0.434,0.566,2024-10-21,41,2.56,0.0,999.0,17.79,29279,Warning,Online - Nykaa,Planned markdown,20,Slowing velocity (2.6 units/week). 999 weeks of stock at current pace. Schedule markdown for next week.,1374,23423,25282,2
SKU-0271,Shibori Coord Set (Rayon),Coord Set,Mauve,S,SUP-008,880,2298,50,35,15,0.3,0.7,2024-10-03,59,1.67,0.0,999.0,17.7,21270,Critical,Online - Nykaa,Planned markdown,25,Slowing velocity (1.7 units/week). 999 weeks of stock at current pace. Schedule markdown for next week.,1724,17016,20688,2
SKU-0376,Chikankari Dress (Rayon),Dress,Terracotta,XL,SUP-005,687,1518,91,31,60,0.659,0.341,2024-11-05,26,2.78,2.0,120.0,17.13,49860,Warning,Store - MG Road,Planned markdown,20,Slowing velocity (2.8 units/week). 120 weeks of stock at current pace. Schedule markdown for next week.,1214,39888,58272,2
SKU-0263,Ajrakh Coord Set (Georgette),Coord Set,Ivory,XL,SUP-006,648,2507,145,105,40,0.276,0.724,2024-10-01,61,4.51,0.0,999.0,16.84,74360,Critical,Online - Instagram,Planned markdown,25,Slowing velocity (4.5 units/week). 999 weeks of stock at current pace. Schedule markdown for next week.,1880,59488,60160,2
SKU-0020,Shibori Kurta (Linen),Kurta,Mauve,XS,SUP-003,547,1405,135,99,36,0.267,0.733,2024-09-29,63,4.12,0.0,999.0,16.82,30888,Critical,Online - Instagram,Planned markdown,20,Slowing velocity (4.1 units/week). 999 weeks of stock at current pace. Schedule markdown for next week.,1124,24710,32371,2
SKU-0469,Ikat Palazzo (Chanderi),Palazzo,Ivory,M,SUP-004,299,1093,64,43,21,0.328,0.672,2024-10-11,51,2.76,0.0,999.0,16.73,16674,Critical,Store - Koramangala,Planned markdown,15,Slowing velocity (2.8 units/week). 999 weeks of stock at current pace. Schedule markdown for next week.,929,13339,15607,2
SKU-0457,Chikankari Palazzo (Rayon),Palazzo,Mauve,XXL,SUP-005,203,839,91,54,37,0.407,0.593,2024-10-21,41,2.93,0.0,999.0,16.69,23532,Warning,Online - Website,Planned markdown,15,Slowing velocity (2.9 units/week). 999 weeks of stock at current pace. Schedule markdown for next week.,713,18826,21105,2
SKU-0486,Mirror work Palazzo (Silk blend),Palazzo,Mauve,M,SUP-008,252,628,51,20,31,0.608,0.392,2024-11-04,27,1.94,1.0,124.0,16.42,11656,Warning,Store - MG Road,Planned markdown,15,Slowing velocity (1.9 units/week). 124 weeks of stock at current pace. Schedule markdown for next week.,534,9325,13243,2
SKU-0322,Dabu print Dupatta (Silk blend),Dupatta,Charcoal,XL,SUP-004,226,433,79,33,46,0.582,0.418,2024-11-03,28,2.43,2.0,92.0,16.3,9522,Warning,Store - Indiranagar,Planned markdown,15,Slowing velocity (2.4 units/week). 92 weeks of stock at current pace. Schedule markdown for next week.,368,7618,13542,2
SKU-0378,Chikankari Dress (Cotton),Dress,Mauve,XXL,SUP-010,526,1519,59,35,24,0.407,0.593,2024-10-22,40,2.19,0.0,999.0,16.28,23832,Warning,Online - Instagram,Planned markdown,20,Slowing velocity (2.2 units/week). 999 weeks of stock at current pace. Schedule markdown for next week.,1215,19066,23328,2
SKU-0278,Chikankari Coord Set (Chanderi),Coord Set,Mauve,XXL,SUP-006,728,1997,108,64,44,0.407,0.593,2024-10-22,40,3.07,0.0,999.0,16.28,55836,Warning,Store - Koramangala,Planned markdown,25,Slowing velocity (3.1 units/week). 999 weeks of stock at current pace. Schedule markdown for next week.,1498,44669,52730,2
SKU-0032,Mirror work Kurta (Mul mul),Kurta,Rust,XXL,SUP-009,424,1574,128,105,23,0.18,0.82,2024-09-02,90,4.15,0.0,999.0,16.2,26450,Critical,Store - MG Road,Planned markdown,20,Slowing velocity (4.2 units/week). 999 weeks of stock at current pace. Schedule markdown for next week.,1259,21160,23166,2
SKU-0043,Shibori Kurta (Mul mul),Kurta,Sage green,XS,SUP-008,362,1777,139,95,44,0.317,0.683,2024-10-13,49,4.49,0.0,999.0,15.53,62260,Warning,Store - Indiranagar,Planned markdown,20,Slowing velocity (4.5 units/week). 999 weeks of stock at current pace. Schedule markdown for next week.,1422,49808,50054,2
SKU-0356,Shibori Dupatta (Mul mul),Dupatta,Sage green,L,SUP-008,172,576,31,21,10,0.323,0.677,2024-10-14,48,1.62,0.0,999.0,15.5,4040,Warning,Online - Website,Planned markdown,15,Slowing velocity (1.6 units/week). 999 weeks of stock at current pace. Schedule markdown for next week.,490,3232,3920,2
SKU-0144,Ajrakh Saree (Cotton),Saree,Mauve,L,SUP-010,1714,3508,31,21,10,0.323,0.677,2024-10-14,48,1.55,0.0,999.0,15.5,17940,Warning,Store - Indiranagar,Planned markdown,25,Slowing velocity (1.6 units/week). 999 weeks of stock at current pace. Schedule markdown for next week.,2631,14352,21048,2
SKU-0134,Dabu print Saree (Mul mul),Saree,Indigo,XL,SUP-001,1984,6358,100,73,27,0.27,0.73,2024-10-05,57,3.13,0.0,999.0,15.39,118098,Critical,Store - Koramangala,Planned markdown,25,Slowing velocity (3.1 units/week). 999 weeks of stock at current pace. Schedule markdown for next week.,4768,94478,102989,2
SKU-0323,Ajrakh Dupatta (Silk blend),Dupatta,Sage green,XL,SUP-010,126,419,55,40,15,0.273,0.727,2024-10-06,56,2.0,0.0,999.0,15.29,4395,Critical,Online - Instagram,Planned markdown,15,Slowing velocity (2.0 units/week). 999 weeks of stock at current pace. Schedule markdown for next week.,356,3516,4272,2
SKU-0467,Mirror work Palazzo (Linen),Palazzo,Sage green,L,SUP-005,280,967,32,23,9,0.281,0.719,2024-10-08,54,1.87,0.0,999.0,15.17,6183,Critical,Store - Indiranagar,Planned markdown,15,Slowing velocity (1.9 units/week). 999 weeks of stock at current pace. Schedule markdown for next week.,822,4946,5918,2
SKU-0307,Kalamkari Dupatta (Chanderi),Dupatta,Ochre,XXL,SUP-004,173,837,89,62,27,0.303,0.697,2024-10-12,50,3.74,0.0,999.0,15.15,17928,Critical,Online - Nykaa,Planned markdown,15,Slowing velocity (3.7 units/week). 999 weeks of stock at current pace. Schedule markdown for next week.,711,14342,15358,2
SKU-0054,Chikankari Kurta (Mul mul),Kurta,Ivory,XXL,SUP-005,553,1167,52,36,16,0.308,0.692,2024-10-13,49,2.57,0.0,999.0,15.09,9824,Warning,Store - Indiranagar,Planned markdown,20,Slowing velocity (2.6 units/week). 999 weeks of stock at current pace. Schedule markdown for next week.,934,7859,11955,2
SKU-0026,Shibori Kurta (Mul mul),Kurta,Ochre,XL,SUP-003,589,1093,49,33,16,0.327,0.673,2024-10-16,46,2.1,0.0,999.0,15.04,8064,Warning,Store - Indiranagar,Planned markdown,20,Slowing velocity (2.1 units/week). 999 weeks of stock at current pace. Schedule markdown for next week.,874,6451,11187,2
SKU-0389,Kalamkari Dress (Mul mul),Dress,Teal,L,SUP-003,528,1861,30,21,9,0.3,0.7,2024-10-12,50,1.5,0.0,999.0,15.0,11997,Critical,Online - Nykaa,Planned markdown,20,Slowing velocity (1.5 units/week). 999 weeks of stock at current pace. Schedule markdown for next week.,1489,9598,10721,2
SKU-0254,Chikankari Coord Set (Cotton),Coord Set,Ivory,M,SUP-007,541,2797,53,40,13,0.245,0.755,2024-10-01,61,2.03,0.0,999.0,14.94,29328,Critical,Store - Indiranagar,Planned markdown,25,Slowing velocity (2.0 units/week). 999 weeks of stock at current pace. Schedule markdown for next week.,2098,23462,21819,2
SKU-0250,Ajrakh Coord Set (Silk blend),Coord Set,Sage green,S,SUP-001,518,2483,84,46,38,0.452,0.548,2024-10-29,33,3.16,0.0,999.0,14.92,74670,Warning,Store - MG Road,Planned markdown,25,Slowing velocity (3.2 units/week). 999 weeks of stock at current pace. Schedule markdown for next week.,1862,59736,56605,2
SKU-0289,Mirror work Coord Set (Chanderi),Coord Set,Ochre,L,SUP-001,760,2172,124,74,50,0.403,0.597,2024-10-25,37,4.84,0.0,999.0,14.91,70600,Warning,Store - Indiranagar,Planned markdown,25,Slowing velocity (4.8 units/week). 999 weeks of stock at current pace. Schedule markdown for next week.,1629,56480,65160,2
SKU-0165,Chikankari Saree (Georgette),Saree,Blush pink,XS,SUP-004,1735,6478,122,78,44,0.361,0.639,2024-10-21,41,4.51,0.0,999.0,14.8,208692,Warning,Online - Instagram,Planned markdown,25,Slowing velocity (4.5 units/week). 999 weeks of stock at current pace. Schedule markdown for next week.,4858,166954,171002,2
SKU-0320,Chikankari Dupatta (Silk blend),Dupatta,Teal,L,SUP-008,225,763,39,26,13,0.333,0.667,2024-10-18,44,1.84,0.0,999.0,14.65,6994,Warning,Store - Indiranagar,Planned markdown,15,Slowing velocity (1.8 units/week). 999 weeks of stock at current pace. Schedule markdown for next week.,649,5595,6750,2
SKU-0439,Block print Dress (Cotton),Dress,Indigo,M,SUP-006,427,1592,70,50,20,0.286,0.714,2024-10-11,51,2.89,0.0,999.0,14.59,23300,Critical,Online - Instagram,Planned markdown,20,Slowing velocity (2.9 units/week). 999 weeks of stock at current pace. Schedule markdown for next week.,1274,18640,20384,2
SKU-0205,Ajrakh Coord Set (Chanderi),Coord Set,Teal,L,SUP-001,589,1521,133,102,31,0.233,0.767,2024-09-30,62,4.58,0.0,999.0,14.45,28892,Critical,Store - MG Road,Planned markdown,25,Slowing velocity (4.6 units/week). 999 weeks of stock at current pace. Schedule markdown for next week.,1141,23114,28297,2
SKU-0075,Kalamkari Kurta (Linen),Kurta,Mauve,M,SUP-005,393,1634,65,50,15,0.231,0.769,2024-10-01,61,2.02,0.0,999.0,14.09,18615,Critical,Online - Instagram,Planned markdown,20,Slowing velocity (2.0 units/week). 999 weeks of stock at current pace. Schedule markdown for next week.,1307,14892,15684,2
SKU-0052,Mirror work Kurta (Rayon),Kurta,Teal,M,SUP-010,621,1138,45,30,15,0.333,0.667,2024-10-20,42,2.56,0.0,999.0,13.99,7755,Warning,Online - Website,Planned markdown,20,Slowing velocity (2.6 units/week). 999 weeks of stock at current pace. Schedule markdown for next week.,910,6204,10920,2
SKU-0425,Bandhani Dress (Georgette),Dress,Ochre,XS,SUP-006,557,1774,145,107,38,0.262,0.738,2024-10-10,52,4.51,0.0,999.0,13.62,46246,Critical,Online - Website,Planned markdown,20,Slowing velocity (4.5 units/week). 999 weeks of stock at current pace. Schedule markdown for next week.,1419,36997,43138,2
SKU-0460,Shibori Palazzo (Rayon),Palazzo,Teal,S,SUP-002,275,587,59,48,11,0.186,0.814,2024-09-21,71,1.9,0.0,999.0,13.21,3432,Critical,Online - Nykaa,Planned markdown,15,Slowing velocity (1.9 units/week). 999 weeks of stock at current pace. Schedule markdown for next week.,499,2746,4391,2
SKU-0198,Shibori Saree (Linen),Saree,Teal,XS,SUP-004,1177,5146,129,106,23,0.178,0.822,2024-09-18,74,4.61,0.0,999.0,13.17,91287,Critical,Store - Koramangala,Planned markdown,25,Slowing velocity (4.6 units/week). 999 weeks of stock at current pace. Schedule markdown for next week.,3860,73030,71024,2
SKU-0398,Block print Dress (Cotton),Dress,Ivory,M,SUP-006,748,1215,96,56,40,0.417,0.583,2024-10-31,31,4.17,0.0,999.0,12.93,18680,Warning,Online - Instagram,Planned markdown,20,Slowing velocity (4.2 units/week). 999 weeks of stock at current pace. Schedule markdown for next week.,972,14944,31104,2
SKU-0448,Kalamkari Dress (Linen),Dress,Rust,M,SUP-001,742,2079,132,104,28,0.212,0.788,2024-10-02,60,4.52,0.0,999.0,12.72,37436,Critical,Online - Instagram,Planned markdown,20,Slowing velocity (4.5 units/week). 999 weeks of stock at current pace. Schedule markdown for next week.,1663,29949,37251,2
SKU-0002,Bagru print Kurta (Silk blend),Kurta,Ochre,XL,SUP-002,437,1322,117,77,40,0.342,0.658,2024-10-25,37,4.77,0.0,999.0,12.65,35400,Warning,Store - MG Road,Planned markdown,20,Slowing velocity (4.8 units/week). 999 weeks of stock at current pace. Schedule markdown for next week.,1058,28320,33856,2
SKU-0362,Ikat Dupatta (Linen),Dupatta,Rust,XXL,SUP-002,174,804,117,71,46,0.393,0.607,2024-10-30,32,4.73,0.0,999.0,12.58,28980,Warning,Online - Nykaa,Planned markdown,15,Slowing velocity (4.7 units/week). 999 weeks of stock at current pace. Schedule markdown for next week.,683,23184,25134,2
SKU-0069,Ajrakh Kurta (Silk blend),Kurta,Terracotta,S,SUP-005,523,1602,58,46,12,0.207,0.793,2024-10-03,59,2.15,0.0,999.0,12.21,12948,Critical,Store - Koramangala,Planned markdown,20,Slowing velocity (2.1 units/week). 999 weeks of stock at current pace. Schedule markdown for next week.,1282,10358,12307,2
SKU-0169,Ikat Saree (Rayon),Saree,Ivory,XXL,SUP-001,1725,3120,32,22,10,0.312,0.688,2024-10-23,39,1.33,0.0,999.0,12.17,13950,Warning,Online - Instagram,Planned markdown,25,Slowing velocity (1.3 units/week). 999 weeks of stock at current pace. Schedule markdown for next week.,2340,11160,18720,2
SKU-0275,Shibori Coord Set (Mul mul),Coord Set,Rust,L,SUP-001,892,2522,33,28,5,0.152,0.848,2024-09-12,80,1.21,0.0,999.0,12.16,8150,Critical,Online - Instagram,Planned markdown,25,Slowing velocity (1.2 units/week). 999 weeks of stock at current pace. Schedule markdown for next week.,1892,6520,7568,2
SKU-0086,Bagru print Kurta (Georgette),Kurta,Terracotta,S,SUP-002,637,983,83,55,28,0.337,0.663,2024-10-26,36,3.67,0.0,999.0,12.13,9688,Warning,Store - MG Road,Planned markdown,20,Slowing velocity (3.7 units/week). 999 weeks of stock at current pace. Schedule markdown for next week.,786,7750,17606,2
SKU-0309,Ikat Dupatta (Mul mul),Dupatta,Blush pink,XXL,SUP-008,199,535,63,40,23,0.365,0.635,2024-10-29,33,4.12,0.0,999.0,12.04,7728,Warning,Store - Koramangala,Planned markdown,15,Slowing velocity (4.1 units/week). 999 weeks of stock at current pace. Schedule markdown for next week.,455,6182,8372,2
SKU-0330,Chikankari Dupatta (Linen),Dupatta,Blush pink,XXL,SUP-010,231,784,128,93,35,0.273,0.727,2024-10-19,43,4.72,0.0,999.0,11.74,19355,Warning,Online - Nykaa,Planned markdown,15,Slowing velocity (4.7 units/week). 999 weeks of stock at current pace. Schedule markdown for next week.,666,15484,18648,2
SKU-0210,Chikankari Coord Set (Rayon),Coord Set,Teal,M,SUP-002,737,2779,99,72,27,0.273,0.727,2024-10-20,42,3.38,0.0,999.0,11.47,55134,Warning,Online - Nykaa,Planned markdown,25,Slowing velocity (3.4 units/week). 999 weeks of stock at current pace. Schedule markdown for next week.,2084,44107,45014,2
SKU-0074,Shibori Kurta (Cotton),Kurta,Ochre,XL,SUP-006,539,1454,87,71,16,0.184,0.816,2024-09-30,62,3.94,0.0,999.0,11.41,14640,Critical,Store - MG Road,Planned markdown,20,Slowing velocity (3.9 units/week). 999 weeks of stock at current pace. Schedule markdown for next week.,1163,11712,14886,2
SKU-0458,Mirror work Palazzo (Rayon),Palazzo,Charcoal,S,SUP-008,368,1058,36,24,12,0.333,0.667,2024-10-28,34,2.51,0.0,999.0,11.32,8280,Warning,Online - Website,Planned markdown,15,Slowing velocity (2.5 units/week). 999 weeks of stock at current pace. Schedule markdown for next week.,899,6624,8630,2
SKU-0060,Kalamkari Kurta (Chanderi),Kurta,Blush pink,L,SUP-009,454,1145,50,35,15,0.3,0.7,2024-10-25,37,3.45,0.0,999.0,11.1,10365,Warning,Online - Instagram,Planned markdown,20,Slowing velocity (3.5 units/week). 999 weeks of stock at current pace. Schedule markdown for next week.,916,8292,10992,2
SKU-0338,Mirror work Dupatta (Cotton),Dupatta,Ivory,XL,SUP-005,233,712,33,20,13,0.394,0.606,2024-11-03,28,2.64,2.0,26.0,11.03,6227,Warning,Online - Instagram,Planned markdown,15,Slowing velocity (2.6 units/week). 26 weeks of stock at current pace. Schedule markdown for next week.,605,4982,6292,2
SKU-0465,Ikat Palazzo (Cotton),Palazzo,Charcoal,S,SUP-008,264,740,44,27,17,0.386,0.614,2024-11-03,28,2.95,2.0,34.0,10.81,8092,Warning,Store - MG Road,Planned markdown,15,Slowing velocity (3.0 units/week). 34 weeks of stock at current pace. Schedule markdown for next week.,629,6474,8554,2
SKU-0228,Ikat Coord Set (Chanderi),Coord Set,Terracotta,L,SUP-007,793,1550,37,32,5,0.135,0.865,2024-09-13,79,1.59,0.0,999.0,10.66,3785,Critical,Online - Instagram,Planned markdown,25,Slowing velocity (1.6 units/week). 999 weeks of stock at current pace. Schedule markdown for next week.,1162,3028,4648,2
SKU-0221,Shibori Coord Set (Cotton),Coord Set,Mauve,L,SUP-008,765,2243,72,55,17,0.236,0.764,2024-10-19,43,3.6,0.0,999.0,10.15,25126,Warning,Store - MG Road,Planned markdown,25,Slowing velocity (3.6 units/week). 999 weeks of stock at current pace. Schedule markdown for next week.,1682,20101,22875,2
SKU-0370,Block print Dupatta (Rayon),Dupatta,Terracotta,L,SUP-010,191,805,98,79,19,0.194,0.806,2024-10-10,52,4.53,0.0,999.0,10.09,11666,Critical,Store - MG Road,Planned markdown,15,Slowing velocity (4.5 units/week). 999 weeks of stock at current pace. Schedule markdown for next week.,684,9333,10397,2
SKU-0055,Ikat Kurta (Chanderi),Kurta,Sage green,S,SUP-010,599,1471,48,35,13,0.271,0.729,2024-10-25,37,2.99,0.0,999.0,10.03,11336,Warning,Online - Website,Planned markdown,20,Slowing velocity (3.0 units/week). 999 weeks of stock at current pace. Schedule markdown for next week.,1177,9069,12241,2
SKU-0006,Chikankari Kurta (Mul mul),Kurta,Blush pink,M,SUP-001,402,1289,65,52,13,0.2,0.8,2024-10-13,49,3.47,0.0,999.0,9.8,11531,Warning,Online - Website,Planned markdown,20,Slowing velocity (3.5 units/week). 999 weeks of stock at current pace. Schedule markdown for next week.,1031,9225,10722,2
SKU-0181,Bandhani Saree (Chanderi),Saree,Rust,S,SUP-008,1023,2517,120,78,42,0.35,0.65,2024-11-03,28,5.15,2.0,84.0,9.8,62748,Warning,Online - Instagram,Planned markdown,25,Slowing velocity (5.2 units/week). 84 weeks of stock at current pace. Schedule markdown for next week.,1888,50198,63437,2
SKU-0397,Bandhani Dress (Georgette),Dress,Sage green,XL,SUP-003,638,1181,77,47,30,0.39,0.61,2024-11-06,25,3.13,4.0,30.0,9.75,16290,Warning,Store - Indiranagar,Planned markdown,20,Slowing velocity (3.1 units/week). 30 weeks of stock at current pace. Schedule markdown for next week.,945,13032,22680,2
SKU-0496,Ajrakh Palazzo (Rayon),Palazzo,Terracotta,M,SUP-006,236,736,69,48,21,0.304,0.696,2024-10-30,32,3.43,0.0,999.0,9.73,10500,Warning,Store - Koramangala,Planned markdown,15,Slowing velocity (3.4 units/week). 999 weeks of stock at current pace. Schedule markdown for next week.,626,8400,10517,2
SKU-0080,Bandhani Kurta (Rayon),Kurta,Ochre,S,SUP-003,561,1410,98,82,16,0.163,0.837,2024-10-03,59,3.38,0.0,999.0,9.62,13584,Critical,Store - Koramangala,Planned markdown,20,Slowing velocity (3.4 units/week). 999 weeks of stock at current pace. Schedule markdown for next week.,1128,10867,14438,2
SKU-0014,Bandhani Kurta (Cotton),Kurta,Mauve,S,SUP-007,384,1688,43,34,9,0.209,0.791,2024-10-16,46,2.09,0.0,999.0,9.61,11736,Warning,Store - Indiranagar,Planned markdown,20,Slowing velocity (2.1 units/week). 999 weeks of stock at current pace. Schedule markdown for next week.,1350,9389,9720,2
SKU-0217,Dabu print Coord Set (Mul mul),Coord Set,Indigo,XL,SUP-005,781,1499,67,46,21,0.313,0.687,2024-11-01,30,3.22,0.0,999.0,9.39,15078,Warning,Online - Nykaa,Planned markdown,25,Slowing velocity (3.2 units/week). 999 weeks of stock at current pace. Schedule markdown for next week.,1124,12062,18883,2
SKU-0335,Kalamkari Dupatta (Silk blend),Dupatta,Blush pink,L,SUP-010,242,527,37,32,5,0.135,0.865,2024-09-23,69,1.4,0.0,999.0,9.32,1425,Critical,Online - Nykaa,Planned markdown,15,Slowing velocity (1.4 units/week). 999 weeks of stock at current pace. Schedule markdown for next week.,448,1140,1792,2
SKU-0347,Block print Dupatta (Georgette),Dupatta,Teal,M,SUP-004,275,396,87,74,13,0.149,0.851,2024-10-01,61,3.22,0.0,999.0,9.09,1573,Critical,Store - Koramangala,Planned markdown,15,Slowing velocity (3.2 units/week). 999 weeks of stock at current pace. Schedule markdown for next week.,337,1258,3505,2
SKU-0369,Bandhani Dupatta (Silk blend),Dupatta,Ivory,L,SUP-003,160,388,105,90,15,0.143,0.857,2024-09-29,63,4.09,0.0,999.0,9.01,3420,Critical,Store - Koramangala,Planned markdown,15,Slowing velocity (4.1 units/week). 999 weeks of stock at current pace. Schedule markdown for next week.,330,2736,3960,2
SKU-0421,Chikankari Dress (Rayon),Dress,Indigo,XS,SUP-008,729,2051,37,31,6,0.162,0.838,2024-10-08,54,1.92,0.0,999.0,8.75,7932,Critical,Online - Nykaa,Planned markdown,20,Slowing velocity (1.9 units/week). 999 weeks of stock at current pace. Schedule markdown for next week.,1641,6346,7877,2
SKU-0281,Ikat Coord Set (Georgette),Coord Set,Mauve,S,SUP-004,687,1794,63,53,10,0.159,0.841,2024-10-07,55,2.29,0.0,999.0,8.75,11070,Critical,Online - Nykaa,Planned markdown,25,Slowing velocity (2.3 units/week). 999 weeks of stock at current pace. Schedule markdown for next week.,1346,8856,10768,2
SKU-0333,Block print Dupatta (Georgette),Dupatta,Indigo,XS,SUP-008,177,633,32,21,11,0.344,0.656,2024-11-06,25,3.77,7.0,6.3,8.6,5016,Warning,Online - Nykaa,Planned markdown,15,Slowing velocity (3.8 units/week). 6 weeks of stock at current pace. Schedule markdown for next week.,538,4013,4734,2
SKU-0222,Mirror work Coord Set (Mul mul),Coord Set,Charcoal,M,SUP-005,500,1712,76,55,21,0.276,0.724,2024-10-31,31,5.0,0.0,999.0,8.56,25452,Warning,Store - MG Road,Planned markdown,25,Slowing velocity (5.0 units/week). 999 weeks of stock at current pace. Schedule markdown for next week.,1284,20362,21571,2
SKU-0078,Ikat Kurta (Chanderi),Kurta,Blush pink,S,SUP-002,357,1071,57,45,12,0.211,0.789,2024-10-23,39,3.0,0.0,999.0,8.23,8568,Warning,Online - Website,Planned markdown,20,Slowing velocity (3.0 units/week). 999 weeks of stock at current pace. Schedule markdown for next week.,857,6854,8227,2
SKU-0019,Shibori Kurta (Silk blend),Kurta,Charcoal,L,SUP-009,539,1174,32,27,5,0.156,0.844,2024-10-10,52,1.33,0.0,999.0,8.11,3175,Critical,Store - Koramangala,Planned markdown,20,Slowing velocity (1.3 units/week). 999 weeks of stock at current pace. Schedule markdown for next week.,939,2540,3756,2
SKU-0301,Kalamkari Dupatta (Silk blend),Dupatta,Ivory,L,SUP-008,263,421,128,106,22,0.172,0.828,2024-10-15,47,5.23,0.0,999.0,8.08,3476,Warning,Store - Koramangala,Planned markdown,15,Slowing velocity (5.2 units/week). 999 weeks of stock at current pace. Schedule markdown for next week.,358,2781,6301,2
SKU-0031,Bagru print Kurta (Linen),Kurta,Blush pink,XS,SUP-008,557,1080,145,124,21,0.145,0.855,2024-10-08,54,5.39,0.0,999.0,7.83,10983,Critical,Store - Indiranagar,Planned markdown,20,Slowing velocity (5.4 units/week). 999 weeks of stock at current pace. Schedule markdown for next week.,864,8786,14515,2
SKU-0092,Block print Kurta (Mul mul),Kurta,Sage green,XL,SUP-002,533,1350,35,28,7,0.2,0.8,2024-10-23,39,2.25,0.0,999.0,7.8,5719,Warning,Store - Koramangala,Planned markdown,20,Slowing velocity (2.2 units/week). 999 weeks of stock at current pace. Schedule markdown for next week.,1080,4575,6048,2
SKU-0404,Chikankari Dress (Cotton),Dress,Indigo,XXL,SUP-004,613,1802,59,51,8,0.136,0.864,2024-10-10,52,3.05,0.0,999.0,7.07,9512,Critical,Store - MG Road,Planned markdown,20,Slowing velocity (3.0 units/week). 999 weeks of stock at current pace. Schedule markdown for next week.,1442,7610,9229,2
SKU-0310,Bandhani Dupatta (Cotton),Dupatta,Rust,XXL,SUP-008,277,431,138,112,26,0.188,0.812,2024-10-25,37,4.9,0.0,999.0,6.96,4004,Warning,Online - Instagram,Planned markdown,15,Slowing velocity (4.9 units/week). 999 weeks of stock at current pace. Schedule markdown for next week.,366,3203,7613,2
SKU-0409,Chikankari Dress (Georgette),Dress,Terracotta,S,SUP-004,633,1130,101,74,27,0.267,0.733,2024-11-05,26,5.51,2.0,54.0,6.94,13419,Warning,Store - Koramangala,Planned markdown,20,Slowing velocity (5.5 units/week). 54 weeks of stock at current pace. Schedule markdown for next week.,904,10735,19526,2
SKU-0106,Mirror work Kurta (Rayon),Kurta,Charcoal,XS,SUP-005,575,1392,51,41,10,0.196,0.804,2024-10-27,35,3.99,0.0,999.0,6.86,8170,Warning,Online - Instagram,Planned markdown,20,Slowing velocity (4.0 units/week). 999 weeks of stock at current pace. Schedule markdown for next week.,1114,6536,8912,2
SKU-0249,Dabu print Coord Set (Silk blend),Coord Set,Mauve,L,SUP-002,651,2119,53,39,14,0.264,0.736,2024-11-06,25,4.4,2.0,28.0,6.6,20552,Warning,Online - Instagram,Planned markdown,25,Slowing velocity (4.4 units/week). 28 weeks of stock at current pace. Schedule markdown for next week.,1589,16442,17797,2
SKU-0346,Bandhani Dupatta (Cotton),Dupatta,Sage green,XL,SUP-002,227,488,95,76,19,0.2,0.8,2024-10-29,33,4.97,0.0,999.0,6.6,4959,Warning,Store - Koramangala,Planned markdown,15,Slowing velocity (5.0 units/week). 999 weeks of stock at current pace. Schedule markdown for next week.,415,3967,6308,2
SKU-0354,Chikankari Dupatta (Cotton),Dupatta,Rust,L,SUP-008,182,422,67,58,9,0.134,0.866,2024-10-13,49,2.96,0.0,999.0,6.57,2160,Warning,Online - Website,Planned markdown,15,Slowing velocity (3.0 units/week). 999 weeks of stock at current pace. Schedule markdown for next week.,359,1728,2585,2
SKU-0118,Dabu print Kurta (Cotton),Kurta,Indigo,XXL,SUP-003,411,1081,67,57,10,0.149,0.851,2024-10-18,44,3.91,0.0,999.0,6.56,6700,Warning,Store - Koramangala,Planned markdown,20,Slowing velocity (3.9 units/week). 999 weeks of stock at current pace. Schedule markdown for next week.,865,5360,6920,2
SKU-0360,Mirror work Dupatta (Mul mul),Dupatta,Charcoal,M,SUP-010,206,780,81,62,19,0.235,0.765,2024-11-04,27,4.88,1.0,76.0,6.34,10906,Warning,Online - Instagram,Planned markdown,15,Slowing velocity (4.9 units/week). 76 weeks of stock at current pace. Schedule markdown for next week.,663,8725,10078,2
SKU-0156,Ajrakh Saree (Rayon),Saree,Charcoal,XS,SUP-008,1164,2681,46,40,6,0.13,0.87,2024-10-15,47,1.68,0.0,999.0,6.11,9102,Warning,Online - Nykaa,Planned markdown,25,Slowing velocity (1.7 units/week). 999 weeks of stock at current pace. Schedule markdown for next week.,2011,7282,9653,2
SKU-0435,Bagru print Dress (Linen),Dress,Charcoal,XS,SUP-002,594,1663,55,47,8,0.145,0.855,2024-10-20,42,2.86,0.0,999.0,6.09,8552,Warning,Online - Nykaa,Planned markdown,20,Slowing velocity (2.9 units/week). 999 weeks of stock at current pace. Schedule markdown for next week.,1330,6842,8512,2
SKU-0001,Bagru print Kurta (Rayon),Kurta,Mauve,S,SUP-003,452,1385,116,89,27,0.233,0.767,2024-11-05,26,5.88,4.0,27.0,6.06,25191,Warning,Online - Nykaa,Planned markdown,20,Slowing velocity (5.9 units/week). 27 weeks of stock at current pace. Schedule markdown for next week.,1108,20153,23933,2
SKU-0427,Dabu print Dress (Mul mul),Dress,Ochre,XL,SUP-010,538,1883,88,75,13,0.148,0.852,2024-10-22,40,4.49,0.0,999.0,5.92,17485,Warning,Online - Website,Planned markdown,20,Slowing velocity (4.5 units/week). 999 weeks of stock at current pace. Schedule markdown for next week.,1506,13988,15662,2
SKU-0451,Shibori Palazzo (Cotton),Palazzo,Mauve,S,SUP-001,286,815,46,38,8,0.174,0.826,2024-10-28,34,3.69,0.0,999.0,5.92,4232,Warning,Store - MG Road,Planned markdown,15,Slowing velocity (3.7 units/week). 999 weeks of stock at current pace. Schedule markdown for next week.,693,3386,4435,2
SKU-0028,Bagru print Kurta (Cotton),Kurta,Charcoal,XS,SUP-002,477,1500,52,42,10,0.192,0.808,2024-11-01,30,3.09,0.0,999.0,5.76,10230,Warning,Online - Website,Planned markdown,20,Slowing velocity (3.1 units/week). 999 weeks of stock at current pace. Schedule markdown for next week.,1200,8184,9600,2
SKU-0083,Block print Kurta (Rayon),Kurta,Teal,XXL,SUP-001,447,1054,98,78,20,0.204,0.796,2024-11-03,28,4.88,2.0,40.0,5.71,12140,Warning,Online - Nykaa,Planned markdown,20,Slowing velocity (4.9 units/week). 40 weeks of stock at current pace. Schedule markdown for next week.,843,9712,13488,2
SKU-0386,Bandhani Dress (Georgette),Dress,Ochre,L,SUP-002,589,1223,102,85,17,0.167,0.833,2024-10-28,34,5.22,0.0,999.0,5.68,10778,Warning,Store - Koramangala,Planned markdown,20,Slowing velocity (5.2 units/week). 999 weeks of stock at current pace. Schedule markdown for next week.,978,8622,13301,2
SKU-0483,Bandhani Palazzo (Mul mul),Palazzo,Rust,S,SUP-005,240,697,63,55,8,0.127,0.873,2024-10-19,43,3.18,0.0,999.0,5.46,3656,Warning,Store - Indiranagar,Planned markdown,15,Slowing velocity (3.2 units/week). 999 weeks of stock at current pace. Schedule markdown for next week.,592,2925,3789,2
SKU-0242,Mirror work Coord Set (Silk blend),Coord Set,Indigo,XXL,SUP-004,823,2188,141,118,23,0.163,0.837,2024-10-29,33,5.36,0.0,999.0,5.38,31395,Warning,Online - Instagram,Planned markdown,25,Slowing velocity (5.4 units/week). 999 weeks of stock at current pace. Schedule markdown for next week.,1641,25116,30194,2
SKU-0040,Bandhani Kurta (Linen),Kurta,Blush pink,S,SUP-006,572,1515,52,43,9,0.173,0.827,2024-10-31,31,4.24,0.0,999.0,5.36,8487,Warning,Store - Indiranagar,Planned markdown,20,Slowing velocity (4.2 units/week). 999 weeks of stock at current pace. Schedule markdown for next week.,1212,6790,8726,2
SKU-0088,Block print Kurta (Georgette),Kurta,Teal,XL,SUP-005,571,1712,43,37,6,0.14,0.86,2024-10-24,38,3.7,0.0,999.0,5.32,6846,Warning,Store - Indiranagar,Planned markdown,20,Slowing velocity (3.7 units/week). 999 weeks of stock at current pace. Schedule markdown for next week.,1370,5477,6576,2
SKU-0303,Shibori Dupatta (Mul mul),Dupatta,Sage green,XXL,SUP-010,274,415,119,99,20,0.168,0.832,2024-11-01,30,5.54,0.0,999.0,5.04,2820,Warning,Online - Nykaa,Planned markdown,15,Slowing velocity (5.5 units/week). 999 weeks of stock at current pace. Schedule markdown for next week.,353,2256,5648,2
SKU-0436,Ikat Dress (Cotton),Dress,Blush pink,XXL,SUP-001,660,1104,79,69,10,0.127,0.873,2024-10-24,38,4.98,0.0,999.0,4.83,4440,Warning,Online - Website,Planned markdown,20,Slowing velocity (5.0 units/week). 999 weeks of stock at current pace. Schedule markdown for next week.,883,3552,7064,2
SKU-0454,Chikankari Palazzo (Chanderi),Palazzo,Sage green,S,SUP-004,348,1011,138,115,23,0.167,0.833,2024-11-03,28,5.55,3.0,30.7,4.68,15249,Warning,Online - Instagram,Planned markdown,15,Slowing velocity (5.5 units/week). 31 weeks of stock at current pace. Schedule markdown for next week.,859,12199,15806,2
SKU-0090,Bandhani Kurta (Georgette),Kurta,Indigo,L,SUP-009,635,1284,67,59,8,0.119,0.881,2024-10-24,38,3.97,0.0,999.0,4.52,5192,Warning,Store - Indiranagar,Planned markdown,20,Slowing velocity (4.0 units/week). 999 weeks of stock at current pace. Schedule markdown for next week.,1027,4154,6573,2
SKU-0223,Block print Coord Set (Mul mul),Coord Set,Blush pink,L,SUP-006,703,1564,137,21,116,0.847,0.153,2024-11-14,17,2.37,5.0,92.8,14.4,99876,Healthy,Online - Nykaa,Bundle offer,15,Good velocity but high absolute stock (116 units). Bundle with complementary SKU to accelerate sell-through.,1329,54932,123331,3
SKU-0348,Kalamkari Dupatta (Silk blend),Dupatta,Charcoal,XL,SUP-005,272,652,75,17,58,0.773,0.227,2024-11-14,17,2.33,7.0,33.1,13.14,22040,Healthy,Online - Nykaa,Bundle offer,15,Good velocity but high absolute stock (58 units). Bundle with complementary SKU to accelerate sell-through.,554,12122,25706,3
SKU-0213,Ikat Coord Set (Rayon),Coord Set,Sage green,L,SUP-004,712,1558,89,12,77,0.865,0.135,2024-11-22,9,2.27,7.0,44.0,7.78,65142,Healthy,Store - Koramangala,Bundle offer,15,Good velocity but high absolute stock (77 units). Bundle with complementary SKU to accelerate sell-through.,1324,35828,81558,3
SKU-0339,Shibori Dupatta (Mul mul),Dupatta,Teal,XS,SUP-007,229,595,146,11,135,0.925,0.075,2024-11-23,8,2.41,8.0,67.5,7.4,49410,Healthy,Online - Website,Bundle offer,15,Good velocity but high absolute stock (135 units). Bundle with complementary SKU to accelerate sell-through.,506,27176,54648,3
SKU-0308,Block print Dupatta (Georgette),Dupatta,Teal,L,SUP-003,176,778,117,18,99,0.846,0.154,2024-11-25,6,3.82,16.0,24.8,5.08,59598,Healthy,Store - Indiranagar,Bundle offer,15,Good velocity but high absolute stock (99 units). Bundle with complementary SKU to accelerate sell-through.,661,32779,52351,3
SKU-0108,Kalamkari Kurta (Mul mul),Kurta,Blush pink,XXL,SUP-002,592,1492,113,27,86,0.761,0.239,2024-11-27,4,3.57,13.0,26.5,3.04,77400,Healthy,Online - Website,Bundle offer,15,Good velocity but high absolute stock (86 units). Bundle with complementary SKU to accelerate sell-through.,1268,42570,87238,3
SKU-0487,Block print Palazzo (Cotton),Palazzo,Sage green,XS,SUP-009,299,963,65,19,46,0.708,0.292,2024-11-27,4,3.5,13.0,14.2,2.83,30544,Healthy,Online - Website,Bundle offer,15,Good velocity but high absolute stock (46 units). Bundle with complementary SKU to accelerate sell-through.,819,16799,30139,3
SKU-0015,Dabu print Kurta (Chanderi),Kurta,Rust,XS,SUP-004,632,1342,125,14,111,0.888,0.112,2024-11-28,3,3.5,14.0,31.7,2.66,78810,Healthy,Store - MG Road,Bundle offer,15,Good velocity but high absolute stock (111 units). Bundle with complementary SKU to accelerate sell-through.,1141,43346,101321,3
SKU-0097,Shibori Kurta (Chanderi),Kurta,Charcoal,XS,SUP-006,383,1027,140,17,123,0.879,0.121,2024-11-28,3,2.05,7.0,70.3,2.64,79212,Healthy,Store - MG Road,Bundle offer,15,Good velocity but high absolute stock (123 units). Bundle with complementary SKU to accelerate sell-through.,873,43567,85903,3
SKU-0447,Bandhani Dress (Cotton),Dress,Charcoal,XL,SUP-007,667,1766,142,25,117,0.824,0.176,2024-11-28,3,3.72,14.0,33.4,2.47,128583,Healthy,Store - Indiranagar,Bundle offer,15,Good velocity but high absolute stock (117 units). Bundle with complementary SKU to accelerate sell-through.,1501,70721,140494,3
SKU-0491,Block print Palazzo (Rayon),Palazzo,Teal,L,SUP-001,320,590,139,26,113,0.813,0.187,2024-11-28,3,3.5,14.0,32.3,2.44,30510,Healthy,Online - Instagram,Bundle offer,15,Good velocity but high absolute stock (113 units). Bundle with complementary SKU to accelerate sell-through.,502,16780,45381,3
SKU-0279,Bagru print Coord Set (Georgette),Coord Set,Mauve,XS,SUP-005,648,2049,119,28,91,0.765,0.235,2024-11-28,3,2.76,11.0,33.1,2.3,127491,Healthy,Online - Website,Bundle offer,15,Good velocity but high absolute stock (91 units). Bundle with complementary SKU to accelerate sell-through.,1742,70120,126818,3
SKU-0319,Ikat Dupatta (Cotton),Dupatta,Sage green,XL,SUP-008,179,713,137,33,104,0.759,0.241,2024-11-28,3,3.3,13.0,32.0,2.28,55536,Healthy,Store - Indiranagar,Bundle offer,15,Good velocity but high absolute stock (104 units). Bundle with complementary SKU to accelerate sell-through.,606,30545,50419,3
SKU-0285,Bagru print Coord Set (Silk blend),Coord Set,Ochre,XS,SUP-001,783,2114,89,24,65,0.73,0.27,2024-11-28,3,3.57,14.0,18.6,2.19,86515,Healthy,Online - Instagram,Bundle offer,15,Good velocity but high absolute stock (65 units). Bundle with complementary SKU to accelerate sell-through.,1797,47583,93444,3
SKU-0109,Mirror work Kurta (Linen),Kurta,Ivory,XXL,SUP-008,569,1024,131,5,126,0.962,0.038,2024-11-29,2,2.06,5.0,100.8,1.92,57330,Healthy,Store - MG Road,Bundle offer,15,Good velocity but high absolute stock (126 units). Bundle with complementary SKU to accelerate sell-through.,870,31532,87696,3
SKU-0411,Chikankari Dress (Chanderi),Dress,Teal,XXL,SUP-002,441,2153,111,6,105,0.946,0.054,2024-11-29,2,2.47,6.0,70.0,1.89,179760,Healthy,Online - Instagram,Bundle offer,15,Good velocity but high absolute stock (105 units). Bundle with complementary SKU to accelerate sell-through.,1830,98868,153720,3
SKU-0047,Chikankari Kurta (Mul mul),Kurta,Ochre,XL,SUP-004,409,1569,123,8,115,0.935,0.065,2024-11-29,2,3.11,8.0,57.5,1.87,133400,Healthy,Store - Indiranagar,Bundle offer,15,Good velocity but high absolute stock (115 units). Bundle with complementary SKU to accelerate sell-through.,1334,73370,122728,3
SKU-0406,Bagru print Dress (Georgette),Dress,Indigo,M,SUP-008,581,1421,116,13,103,0.888,0.112,2024-11-29,2,3.5,13.0,31.7,1.78,86520,Healthy,Online - Nykaa,Bundle offer,15,Good velocity but high absolute stock (103 units). Bundle with complementary SKU to accelerate sell-through.,1208,47586,99539,3
SKU-0172,Ajrakh Saree (Cotton),Saree,Teal,L,SUP-004,2142,5615,88,12,76,0.864,0.136,2024-11-29,2,3.5,12.0,25.3,1.73,263948,Healthy,Online - Instagram,Bundle offer,15,Good velocity but high absolute stock (76 units). Bundle with complementary SKU to accelerate sell-through.,4773,145171,290198,3
SKU-0130,Mirror work Saree (Georgette),Saree,Rust,XL,SUP-009,1782,5072,82,11,71,0.866,0.134,2024-11-29,2,5.5,11.0,25.8,1.73,233590,Healthy,Online - Website,Bundle offer,15,Good velocity but high absolute stock (71 units). Bundle with complementary SKU to accelerate sell-through.,4311,128475,244865,3
SKU-0209,Shibori Coord Set (Rayon),Coord Set,Rust,S,SUP-003,511,1486,84,12,72,0.857,0.143,2024-11-29,2,3.36,12.0,24.0,1.71,70200,Healthy,Online - Instagram,Bundle offer,15,Good velocity but high absolute stock (72 units). Bundle with complementary SKU to accelerate sell-through.,1263,38610,72749,3
SKU-0124,Ikat Saree (Mul mul),Saree,Indigo,M,SUP-003,1980,5919,144,22,122,0.847,0.153,2024-11-29,2,8.56,22.0,22.2,1.69,480558,Healthy,Store - MG Road,Bundle offer,15,Good velocity but high absolute stock (122 units). Bundle with complementary SKU to accelerate sell-through.,5031,264307,491026,3
SKU-0423,Bandhani Dress (Rayon),Dress,Charcoal,XS,SUP-006,484,1455,83,14,69,0.831,0.169,2024-11-29,2,2.88,10.0,27.6,1.66,66999,Healthy,Store - Indiranagar,Bundle offer,15,Good velocity but high absolute stock (69 units). Bundle with complementary SKU to accelerate sell-through.,1237,36849,68282,3
SKU-0274,Ajrakh Coord Set (Rayon),Coord Set,Blush pink,XS,SUP-007,629,1781,112,22,90,0.804,0.196,2024-11-29,2,6.42,22.0,16.4,1.61,103680,Healthy,Store - MG Road,Bundle offer,15,Good velocity but high absolute stock (90 units). Bundle with complementary SKU to accelerate sell-through.,1514,57024,109008,3
SKU-0082,Kalamkari Kurta (Chanderi),Kurta,Charcoal,XXL,SUP-001,495,1173,106,21,85,0.802,0.198,2024-11-29,2,6.12,21.0,16.2,1.6,57630,Healthy,Store - Indiranagar,Bundle offer,15,Good velocity but high absolute stock (85 units). Bundle with complementary SKU to accelerate sell-through.,997,31697,67796,3
SKU-0008,Ajrakh Kurta (Chanderi),Kurta,Sage green,XXL,SUP-008,540,1351,107,22,85,0.794,0.206,2024-11-29,2,2.7,11.0,30.9,1.59,68935,Healthy,Online - Nykaa,Bundle offer,15,Good velocity but high absolute stock (85 units). Bundle with complementary SKU to accelerate sell-through.,1148,37914,78064,3
SKU-0053,Kalamkari Kurta (Georgette),Kurta,Ivory,XXL,SUP-004,435,1646,98,21,77,0.786,0.214,2024-11-29,2,3.5,13.0,23.7,1.57,93247,Healthy,Online - Website,Bundle offer,15,Good velocity but high absolute stock (77 units). Bundle with complementary SKU to accelerate sell-through.,1399,51286,86178,3
SKU-0175,Bandhani Saree (Mul mul),Saree,Terracotta,XS,SUP-010,1526,4936,64,14,50,0.781,0.219,2024-11-29,2,4.45,14.0,14.3,1.56,170500,Healthy,Online - Instagram,Bundle offer,15,Good velocity but high absolute stock (50 units). Bundle with complementary SKU to accelerate sell-through.,4196,93775,167840,3
SKU-0375,Mirror work Dress (Silk blend),Dress,Blush pink,S,SUP-001,574,1728,70,17,53,0.757,0.243,2024-11-29,2,7.93,17.0,12.5,1.51,61162,Healthy,Online - Website,Bundle offer,15,Good velocity but high absolute stock (53 units). Bundle with complementary SKU to accelerate sell-through.,1469,33639,62286,3
SKU-0368,Block print Dupatta (Cotton),Dupatta,Ivory,XL,SUP-003,128,693,88,22,66,0.75,0.25,2024-11-29,2,3.08,12.0,22.0,1.5,37290,Healthy,Online - Website,Bundle offer,15,Good velocity but high absolute stock (66 units). Bundle with complementary SKU to accelerate sell-through.,589,20510,31099,3
SKU-0167,Chikankari Saree (Rayon),Saree,Indigo,M,SUP-007,1538,5441,75,19,56,0.747,0.253,2024-11-29,2,2.83,11.0,20.4,1.49,218568,Healthy,Online - Nykaa,Bundle offer,15,Good velocity but high absolute stock (56 units). Bundle with complementary SKU to accelerate sell-through.,4625,120212,207200,3
SKU-0258,Dabu print Coord Set (Silk blend),Coord Set,Ochre,XXL,SUP-002,729,1466,116,30,86,0.741,0.259,2024-11-29,2,3.68,15.0,22.9,1.48,63382,Healthy,Online - Nykaa,Bundle offer,15,Good velocity but high absolute stock (86 units). Bundle with complementary SKU to accelerate sell-through.,1246,34860,85725,3
SKU-0007,Mirror work Kurta (Linen),Kurta,Terracotta,L,SUP-006,399,1337,122,10,112,0.918,0.082,2024-11-30,1,4.67,10.0,44.8,0.92,105056,Healthy,Online - Website,Bundle offer,15,Good velocity but high absolute stock (112 units). Bundle with complementary SKU to accelerate sell-through.,1136,57781,101786,3
SKU-0473,Bagru print Palazzo (Linen),Palazzo,Rust,XS,SUP-005,371,700,101,11,90,0.891,0.109,2024-11-30,1,5.13,11.0,32.7,0.89,29610,Healthy,Online - Instagram,Bundle offer,15,Good velocity but high absolute stock (90 units). Bundle with complementary SKU to accelerate sell-through.,595,16286,42840,3
SKU-0430,Block print Dress (Georgette),Dress,Charcoal,XL,SUP-006,579,1430,88,13,75,0.852,0.148,2024-11-30,1,4.33,13.0,23.1,0.85,63825,Healthy,Online - Nykaa,Bundle offer,15,Good velocity but high absolute stock (75 units). Bundle with complementary SKU to accelerate sell-through.,1216,35104,72960,3
SKU-0111,Ikat Kurta (Cotton),Kurta,Sage green,XS,SUP-001,467,1785,119,21,98,0.824,0.176,2024-11-30,1,4.59,18.0,21.8,0.82,129164,Healthy,Online - Nykaa,Bundle offer,15,Good velocity but high absolute stock (98 units). Bundle with complementary SKU to accelerate sell-through.,1517,71040,118933,3
SKU-0235,Bandhani Coord Set (Rayon),Coord Set,Ivory,XXL,SUP-006,518,1796,100,18,82,0.82,0.18,2024-11-30,1,3.5,16.0,20.5,0.82,104796,Healthy,Store - Koramangala,Bundle offer,15,Good velocity but high absolute stock (82 units). Bundle with complementary SKU to accelerate sell-through.,1527,57638,100171,3
SKU-0161,Chikankari Saree (Cotton),Saree,Teal,S,SUP-005,846,5559,115,22,93,0.809,0.191,2024-11-30,1,6.7,22.0,16.9,0.81,438309,Healthy,Store - Indiranagar,Bundle offer,15,Good velocity but high absolute stock (93 units). Bundle with complementary SKU to accelerate sell-through.,4725,241070,351540,3
SKU-0364,Mirror work Dupatta (Chanderi),Dupatta,Blush pink,M,SUP-010,264,410,94,20,74,0.787,0.213,2024-11-30,1,5.6,20.0,14.8,0.79,10804,Healthy,Online - Instagram,Bundle offer,15,Good velocity but high absolute stock (74 units). Bundle with complementary SKU to accelerate sell-through.,348,5942,20602,3
SKU-0255,Ikat Coord Set (Chanderi),Coord Set,Ochre,S,SUP-007,687,1701,138,29,109,0.79,0.21,2024-11-30,1,6.34,26.0,16.8,0.79,110526,Healthy,Online - Website,Bundle offer,15,Good velocity but high absolute stock (109 units). Bundle with complementary SKU to accelerate sell-through.,1446,60789,126091,3
SKU-0179,Bagru print Saree (Silk blend),Saree,Mauve,S,SUP-002,1947,3174,99,22,77,0.778,0.222,2024-11-30,1,3.02,10.0,30.8,0.78,94479,Healthy,Store - Koramangala,Bundle offer,15,Good velocity but high absolute stock (77 units). Bundle with complementary SKU to accelerate sell-through.,2698,51963,166197,3
SKU-0065,Ikat Kurta (Silk blend),Kurta,Terracotta,XL,SUP-005,425,1214,128,28,100,0.781,0.219,2024-11-30,1,4.78,19.0,21.1,0.78,78900,Healthy,Store - Koramangala,Bundle offer,15,Good velocity but high absolute stock (100 units). Bundle with complementary SKU to accelerate sell-through.,1032,43395,82560,3
SKU-0178,Bagru print Saree (Cotton),Saree,Mauve,M,SUP-002,1720,3555,117,26,91,0.778,0.222,2024-11-30,1,8.27,26.0,14.0,0.78,166985,Healthy,Online - Nykaa,Bundle offer,15,Good velocity but high absolute stock (91 units). Bundle with complementary SKU to accelerate sell-through.,3022,91842,220002,3
SKU-0449,Ajrakh Dress (Rayon),Dress,Sage green,XL,SUP-004,510,1817,82,20,62,0.756,0.244,2024-11-30,1,4.67,17.0,14.6,0.76,81034,Healthy,Online - Website,Bundle offer,15,Good velocity but high absolute stock (62 units). Bundle with complementary SKU to accelerate sell-through.,1544,44569,76582,3
SKU-0316,Dabu print Dupatta (Silk blend),Dupatta,Mauve,XL,SUP-005,266,775,113,27,86,0.761,0.239,2024-11-30,1,3.94,16.0,21.5,0.76,43774,Healthy,Online - Website,Bundle offer,15,Good velocity but high absolute stock (86 units). Bundle with complementary SKU to accelerate sell-through.,659,24076,45339,3
SKU-0359,Block print Dupatta (Chanderi),Dupatta,Blush pink,XS,SUP-008,256,673,74,18,56,0.757,0.243,2024-11-30,1,2.62,13.0,17.2,0.76,23352,Healthy,Store - Indiranagar,Bundle offer,15,Good velocity but high absolute stock (56 units). Bundle with complementary SKU to accelerate sell-through.,572,12844,25626,3
SKU-0176,Block print Saree (Silk blend),Saree,Rust,XXL,SUP-008,1489,3049,140,35,105,0.75,0.25,2024-11-30,1,3.27,15.0,28.0,0.75,163800,Healthy,Store - MG Road,Bundle offer,15,Good velocity but high absolute stock (105 units). Bundle with complementary SKU to accelerate sell-through.,2592,90090,217728,3
SKU-0337,Ajrakh Dupatta (Georgette),Dupatta,Rust,XL,SUP-003,161,665,56,16,40,0.714,0.286,2024-11-30,1,4.48,16.0,10.0,0.71,20160,Healthy,Store - Indiranagar,Bundle offer,15,Good velocity but high absolute stock (40 units). Bundle with complementary SKU to accelerate sell-through.,565,11088,18080,3
SKU-0127,Ikat Saree (Mul mul),Saree,Mauve,XL,SUP-008,1792,3839,135,40,95,0.704,0.296,2024-11-30,1,3.84,17.0,22.4,0.7,194465,Healthy,Store - MG Road,Bundle offer,15,Good velocity but high absolute stock (95 units). Bundle with complementary SKU to accelerate sell-through.,3263,106956,247988,3
SKU-0433,Shibori Dress (Cotton),Dress,Terracotta,L,SUP-007,562,1639,135,34,101,0.748,0.252,2024-12-01,0,6.8,27.0,15.0,0.0,108777,Healthy,Store - Koramangala,Bundle offer,15,Good velocity but high absolute stock (101 units). Bundle with complementary SKU to accelerate sell-through.,1393,59827,112554,3
SKU-0225,Chikankari Coord Set (Silk blend),Coord Set,Ochre,XL,SUP-005,781,2196,88,11,77,0.875,0.125,2024-12-01,0,5.5,11.0,28.0,0.0,108955,Healthy,Store - MG Road,Bundle offer,15,Good velocity but high absolute stock (77 units). Bundle with complementary SKU to accelerate sell-through.,1867,59925,115007,3
SKU-0237,Mirror work Coord Set (Chanderi),Coord Set,Rust,XXL,SUP-010,592,1704,95,27,68,0.716,0.284,2024-12-01,0,3.94,15.0,18.1,0.0,75616,Healthy,Online - Website,Bundle offer,15,Good velocity but high absolute stock (68 units). Bundle with complementary SKU to accelerate sell-through.,1448,41589,78771,3
SKU-0342,Ikat Dupatta (Linen),Dupatta,Indigo,XXL,SUP-003,245,482,89,13,76,0.854,0.146,2024-12-01,0,4.14,13.0,23.4,0.0,18012,Healthy,Store - Koramangala,Bundle offer,15,Good velocity but high absolute stock (76 units). Bundle with complementary SKU to accelerate sell-through.,410,9907,24928,3
SKU-0248,Dabu print Coord Set (Chanderi),Coord Set,Charcoal,XL,SUP-010,892,2449,101,28,73,0.723,0.277,2024-12-01,0,8.91,28.0,10.4,0.0,113661,Healthy,Store - MG Road,Bundle offer,15,Good velocity but high absolute stock (73 units). Bundle with complementary SKU to accelerate sell-through.,2082,62514,121589,3
SKU-0443,Ikat Dress (Georgette),Dress,Ivory,M,SUP-007,427,1461,110,23,87,0.791,0.209,2024-12-01,0,7.67,23.0,15.1,0.0,89958,Healthy,Online - Nykaa,Bundle offer,15,Good velocity but high absolute stock (87 units). Bundle with complementary SKU to accelerate sell-through.,1242,49477,86443,3
SKU-0076,Shibori Kurta (Chanderi),Kurta,Charcoal,XS,SUP-001,576,1608,146,26,120,0.822,0.178,2024-12-01,0,5.52,22.0,21.8,0.0,123840,Healthy,Store - Koramangala,Bundle offer,15,Good velocity but high absolute stock (120 units). Bundle with complementary SKU to accelerate sell-through.,1367,68112,131232,3
SKU-0143,Dabu print Saree (Georgette),Saree,Ivory,XL,SUP-003,1534,3022,141,22,119,0.844,0.156,2024-12-01,0,7.7,22.0,21.6,0.0,177072,Healthy,Store - Indiranagar,Bundle offer,15,Good velocity but high absolute stock (119 units). Bundle with complementary SKU to accelerate sell-through.,2569,97390,244569,3
SKU-0162,Kalamkari Saree (Georgette),Saree,Charcoal,M,SUP-008,1049,2590,143,23,120,0.839,0.161,2024-12-01,0,5.96,23.0,20.9,0.0,184920,Healthy,Online - Instagram,Bundle offer,15,Good velocity but high absolute stock (120 units). Bundle with complementary SKU to accelerate sell-through.,2202,101706,211392,3
SKU-0283,Block print Coord Set (Cotton),Coord Set,Ivory,XS,SUP-009,541,1420,30,6,24,0.8,0.2,2024-11-07,24,0.76,1.0,96.0,19.2,21096,Healthy,Online - Nykaa,Monitor,0,Sell-through on track. Review again in 2 weeks.,1420,21096,27264,5
SKU-0029,Dabu print Kurta (Cotton),Kurta,Sage green,L,SUP-001,647,1560,31,2,29,0.935,0.065,2024-11-11,20,0.7,2.0,58.0,18.7,26477,Healthy,Online - Nykaa,Monitor,0,Sell-through on track. Review again in 2 weeks.,1560,26477,36192,5
SKU-0482,Dabu print Palazzo (Silk blend),Palazzo,Teal,M,SUP-006,201,715,49,8,41,0.837,0.163,2024-11-10,21,1.6,4.0,41.0,17.58,21074,Healthy,Store - MG Road,Monitor,0,Sell-through on track. Review again in 2 weeks.,715,21074,23452,5
SKU-0418,Bandhani Dress (Silk blend),Dress,Mauve,S,SUP-001,620,1632,130,20,110,0.846,0.154,2024-11-11,20,1.44,3.0,146.7,16.92,111320,Healthy,Store - Koramangala,Monitor,0,Sell-through on track. Review again in 2 weeks.,1632,111320,143616,5
SKU-0201,Shibori Coord Set (Cotton),Coord Set,Ochre,XS,SUP-008,594,1565,40,12,28,0.7,0.3,2024-11-07,24,1.87,2.0,56.0,16.8,27188,Healthy,Store - MG Road,Monitor,0,Sell-through on track. Review again in 2 weeks.,1565,27188,35056,5
SKU-0192,Block print Saree (Silk blend),Saree,Charcoal,XL,SUP-004,1537,5556,61,1,60,0.984,0.016,2024-11-14,17,0.41,1.0,240.0,16.73,241140,Healthy,Store - Indiranagar,Monitor,0,Sell-through on track. Review again in 2 weeks.,5556,241140,266688,5
SKU-0422,Mirror work Dress (Mul mul),Dress,Mauve,L,SUP-008,682,1373,83,1,82,0.988,0.012,2024-11-15,16,0.44,1.0,328.0,15.81,56662,Healthy,Store - Indiranagar,Monitor,0,Sell-through on track. Review again in 2 weeks.,1373,56662,90069,5
SKU-0456,Bagru print Palazzo (Georgette),Palazzo,Sage green,S,SUP-008,364,916,53,4,49,0.925,0.075,2024-11-14,17,0.76,3.0,65.3,15.73,27048,Healthy,Store - Indiranagar,Monitor,0,Sell-through on track. Review again in 2 weeks.,916,27048,35907,5
SKU-0272,Ikat Coord Set (Chanderi),Coord Set,Ochre,XL,SUP-002,524,2502,89,31,58,0.652,0.348,2024-11-07,24,2.68,5.0,46.4,15.65,114724,Healthy,Store - MG Road,Monitor,0,Sell-through on track. Review again in 2 weeks.,2502,114724,116093,5
SKU-0361,Bandhani Dupatta (Linen),Dupatta,Sage green,XS,SUP-003,212,755,33,2,31,0.939,0.061,2024-11-15,16,0.41,1.0,124.0,15.02,16833,Healthy,Online - Instagram,Monitor,0,Sell-through on track. Review again in 2 weeks.,755,16833,18724,5
SKU-0122,Ajrakh Saree (Chanderi),Saree,Mauve,M,SUP-010,1750,4536,126,43,83,0.659,0.341,2024-11-10,21,3.04,5.0,66.4,13.84,231238,Healthy,Online - Website,Monitor,0,Sell-through on track. Review again in 2 weeks.,4536,231238,301190,5
SKU-0103,Block print Kurta (Rayon),Kurta,Sage green,XS,SUP-004,475,1761,39,14,25,0.641,0.359,2024-11-10,21,2.58,6.0,16.7,13.46,32150,Healthy,Online - Website,Monitor,0,Sell-through on track. Review again in 2 weeks.,1761,32150,35220,5
SKU-0350,Ajrakh Dupatta (Linen),Dupatta,Ochre,XXL,SUP-004,253,600,146,65,81,0.555,0.445,2024-11-08,23,2.77,5.0,64.8,12.76,28107,Healthy,Online - Instagram,Monitor,0,Sell-through on track. Review again in 2 weeks.,600,28107,38880,5
SKU-0232,Kalamkari Coord Set (Cotton),Coord Set,Terracotta,XXL,SUP-002,786,2476,143,13,130,0.909,0.091,2024-11-17,14,1.49,4.0,130.0,12.73,219700,Healthy,Online - Website,Monitor,0,Sell-through on track. Review again in 2 weeks.,2476,219700,257504,5
SKU-0160,Mirror work Saree (Cotton),Saree,Indigo,XS,SUP-010,1460,5352,134,58,76,0.567,0.433,2024-11-11,20,3.1,3.0,101.3,11.34,295792,Healthy,Store - Indiranagar,Monitor,0,Sell-through on track. Review again in 2 weeks.,5352,295792,325402,5
SKU-0196,Bagru print Saree (Mul mul),Saree,Charcoal,XS,SUP-005,2094,4455,37,20,17,0.459,0.541,2024-11-08,23,3.5,9.0,7.6,10.56,40137,Healthy,Online - Website,Monitor,0,Sell-through on track. Review again in 2 weeks.,4455,40137,60588,5
SKU-0110,Bagru print Kurta (Chanderi),Kurta,Rust,XL,SUP-005,411,1390,99,54,45,0.455,0.545,2024-11-08,23,4.11,7.0,25.7,10.46,44055,Healthy,Store - Indiranagar,Monitor,0,Sell-through on track. Review again in 2 weeks.,1390,44055,50040,5
SKU-0036,Block print Kurta (Mul mul),Kurta,Ivory,XL,SUP-003,376,1175,33,13,20,0.606,0.394,2024-11-14,17,2.68,7.0,11.4,10.3,15980,Healthy,Online - Nykaa,Monitor,0,Sell-through on track. Review again in 2 weeks.,1175,15980,18800,5
SKU-0450,Block print Dress (Chanderi),Dress,Terracotta,XL,SUP-004,510,1423,145,84,61,0.421,0.579,2024-11-07,24,4.63,4.0,61.0,10.1,55693,Healthy,Store - Koramangala,Monitor,0,Sell-through on track. Review again in 2 weeks.,1423,55693,69442,5
SKU-0471,Kalamkari Palazzo (Cotton),Palazzo,Mauve,M,SUP-006,320,717,133,77,56,0.421,0.579,2024-11-07,24,5.61,3.0,74.7,10.1,22232,Healthy,Store - MG Road,Monitor,0,Sell-through on track. Review again in 2 weeks.,717,22232,32122,5
SKU-0096,Block print Kurta (Rayon),Kurta,Charcoal,L,SUP-010,371,1354,75,33,42,0.56,0.44,2024-11-14,17,2.78,8.0,21.0,9.52,41286,Healthy,Store - Indiranagar,Monitor,0,Sell-through on track. Review again in 2 weeks.,1354,41286,45494,5
SKU-0267,Dabu print Coord Set (Linen),Coord Set,Indigo,XL,SUP-003,511,2662,59,26,33,0.559,0.441,2024-11-15,16,2.94,7.0,18.9,8.94,70983,Healthy,Online - Nykaa,Monitor,0,Sell-through on track. Review again in 2 weeks.,2662,70983,70277,5
SKU-0158,Ajrakh Saree (Mul mul),Saree,Rust,XL,SUP-001,2052,6403,90,56,34,0.378,0.622,2024-11-08,23,3.41,4.0,34.0,8.69,147934,Healthy,Store - MG Road,Monitor,0,Sell-through on track. Review again in 2 weeks.,6403,147934,174162,5
SKU-0066,Chikankari Kurta (Cotton),Kurta,Teal,XL,SUP-005,374,1418,71,42,29,0.408,0.592,2024-11-10,21,4.45,8.0,14.5,8.57,30276,Healthy,Store - MG Road,Monitor,0,Sell-through on track. Review again in 2 weeks.,1418,30276,32898,5
SKU-0415,Bandhani Dress (Cotton),Dress,Ochre,L,SUP-003,519,2010,66,42,24,0.364,0.636,2024-11-09,22,4.59,7.0,13.7,8.01,35784,Healthy,Online - Instagram,Monitor,0,Sell-through on track. Review again in 2 weeks.,2010,35784,38592,5
SKU-0306,Dabu print Dupatta (Linen),Dupatta,Rust,S,SUP-005,244,481,131,5,126,0.962,0.038,2024-11-23,8,1.06,4.0,126.0,7.7,29862,Healthy,Online - Nykaa,Monitor,0,Sell-through on track. Review again in 2 weeks.,481,29862,48485,5
SKU-0149,Ikat Saree (Cotton),Saree,Ochre,S,SUP-001,927,6124,66,39,27,0.409,0.591,2024-11-13,18,4.96,12.0,9.0,7.36,140319,Healthy,Store - Indiranagar,Monitor,0,Sell-through on track. Review again in 2 weeks.,6124,140319,132278,5
SKU-0071,Ikat Kurta (Linen),Kurta,Rust,XL,SUP-006,566,1250,68,47,21,0.309,0.691,2024-11-08,23,2.27,4.0,21.0,7.11,14364,Healthy,Store - MG Road,Monitor,0,Sell-through on track. Review again in 2 weeks.,1250,14364,21000,5
SKU-0452,Kalamkari Palazzo (Silk blend),Palazzo,Blush pink,M,SUP-005,221,903,128,75,53,0.414,0.586,2024-11-14,17,6.48,14.0,15.1,7.04,36146,Healthy,Store - MG Road,Monitor,0,Sell-through on track. Review again in 2 weeks.,903,36146,38287,5
SKU-0243,Bandhani Coord Set (Chanderi),Coord Set,Sage green,XXL,SUP-002,872,1893,31,7,24,0.774,0.226,2024-11-22,9,1.22,5.0,19.2,6.97,24504,Healthy,Online - Instagram,Monitor,0,Sell-through on track. Review again in 2 weeks.,1893,24504,36346,5
SKU-0030,Chikankari Kurta (Cotton),Kurta,Charcoal,M,SUP-003,603,1601,77,44,33,0.429,0.571,2024-11-15,16,6.16,13.0,10.2,6.86,32934,Healthy,Online - Nykaa,Monitor,0,Sell-through on track. Review again in 2 weeks.,1601,32934,42266,5
SKU-0355,Shibori Dupatta (Cotton),Dupatta,Blush pink,L,SUP-009,180,513,43,14,29,0.674,0.326,2024-11-21,10,2.28,6.0,19.3,6.74,9657,Healthy,Store - MG Road,Monitor,0,Sell-through on track. Review again in 2 weeks.,513,9657,11902,5
SKU-0329,Mirror work Dupatta (Cotton),Dupatta,Indigo,S,SUP-002,204,354,45,2,43,0.956,0.044,2024-11-24,7,0.93,2.0,86.0,6.69,6450,Healthy,Online - Instagram,Monitor,0,Sell-through on track. Review again in 2 weeks.,354,6450,12178,5
SKU-0413,Bagru print Dress (Chanderi),Dress,Blush pink,XS,SUP-006,573,1393,98,44,54,0.551,0.449,2024-11-19,12,3.08,10.0,21.6,6.61,44280,Healthy,Online - Website,Monitor,0,Sell-through on track. Review again in 2 weeks.,1393,44280,60178,5
SKU-0429,Kalamkari Dress (Mul mul),Dress,Teal,L,SUP-003,474,1618,102,35,67,0.657,0.343,2024-11-21,10,3.5,7.0,38.3,6.57,76648,Healthy,Store - MG Road,Monitor,0,Sell-through on track. Review again in 2 weeks.,1618,76648,86725,5
SKU-0292,Kalamkari Coord Set (Mul mul),Coord Set,Blush pink,S,SUP-006,754,1769,42,4,38,0.905,0.095,2024-11-24,7,1.22,4.0,38.0,6.34,38570,Healthy,Online - Nykaa,Monitor,0,Sell-through on track. Review again in 2 weeks.,1769,38570,53778,5
SKU-0463,Ajrakh Palazzo (Georgette),Palazzo,Charcoal,XS,SUP-010,369,751,115,11,104,0.904,0.096,2024-11-24,7,1.71,6.0,69.3,6.33,39728,Healthy,Store - Koramangala,Monitor,0,Sell-through on track. Review again in 2 weeks.,751,39728,62483,5
SKU-0384,Ikat Dress (Chanderi),Dress,Ochre,M,SUP-010,486,1174,80,49,31,0.388,0.612,2024-11-15,16,5.91,16.0,7.8,6.21,21328,Healthy,Store - MG Road,Monitor,0,Sell-through on track. Review again in 2 weeks.,1174,21328,29115,5
SKU-0157,Dabu print Saree (Cotton),Saree,Teal,M,SUP-003,2040,3138,143,104,39,0.273,0.727,2024-11-09,22,6.22,4.0,39.0,6.01,42822,Healthy,Store - Koramangala,Monitor,0,Sell-through on track. Review again in 2 weeks.,3138,42822,97906,5
SKU-0009,Kalamkari Kurta (Rayon),Kurta,Indigo,XL,SUP-008,564,1201,55,38,17,0.309,0.691,2024-11-13,18,5.02,13.0,5.2,5.56,10829,Healthy,Store - Koramangala,Monitor,0,Sell-through on track. Review again in 2 weeks.,1201,10829,16334,5
SKU-0358,Ajrakh Dupatta (Rayon),Dupatta,Mauve,XL,SUP-004,277,617,130,13,117,0.9,0.1,2024-11-25,6,1.9,7.0,66.9,5.4,39780,Healthy,Store - MG Road,Monitor,0,Sell-through on track. Review again in 2 weeks.,617,39780,57751,5
SKU-0004,Bandhani Kurta (Mul mul),Kurta,Teal,L,SUP-009,408,1460,32,13,19,0.594,0.406,2024-11-22,9,3.25,13.0,5.8,5.35,19988,Healthy,Online - Instagram,Monitor,0,Sell-through on track. Review again in 2 weeks.,1460,19988,22192,5
SKU-0299,Kalamkari Coord Set (Rayon),Coord Set,Ivory,M,SUP-006,587,2467,48,31,17,0.354,0.646,2024-11-16,15,6.2,20.0,3.4,5.31,31960,Healthy,Store - MG Road,Monitor,0,Sell-through on track. Review again in 2 weeks.,2467,31960,33551,5
SKU-0405,Bandhani Dress (Silk blend),Dress,Ochre,S,SUP-008,494,2009,46,22,24,0.522,0.478,2024-11-21,10,3.28,10.0,9.6,5.22,36360,Healthy,Online - Nykaa,Monitor,0,Sell-through on track. Review again in 2 weeks.,2009,36360,38573,5
SKU-0315,Mirror work Dupatta (Rayon),Dupatta,Ochre,XS,SUP-003,226,462,146,88,58,0.397,0.603,2024-11-18,13,5.76,10.0,23.2,5.16,13688,Healthy,Store - Indiranagar,Monitor,0,Sell-through on track. Review again in 2 weeks.,462,13688,21437,5
SKU-0445,Ajrakh Dress (Georgette),Dress,Blush pink,M,SUP-006,520,1270,130,94,36,0.277,0.723,2024-11-13,18,5.62,8.0,18.0,4.99,27000,Healthy,Store - Indiranagar,Monitor,0,Sell-through on track. Review again in 2 weeks.,1270,27000,36576,5
SKU-0011,Bandhani Kurta (Cotton),Kurta,Blush pink,M,SUP-003,478,1597,62,48,14,0.226,0.774,2024-11-09,22,4.42,8.0,7.0,4.97,15666,Healthy,Online - Nykaa,Monitor,0,Sell-through on track. Review again in 2 weeks.,1597,15666,17886,5
SKU-0351,Bandhani Dupatta (Linen),Dupatta,Sage green,XS,SUP-009,191,539,69,39,30,0.435,0.565,2024-11-20,11,5.69,14.0,8.6,4.78,10440,Healthy,Store - MG Road,Monitor,0,Sell-through on track. Review again in 2 weeks.,539,10440,12936,5
SKU-0291,Shibori Coord Set (Cotton),Coord Set,Charcoal,S,SUP-007,881,2235,91,69,22,0.242,0.758,2024-11-12,19,5.31,8.0,11.0,4.6,29788,Healthy,Store - Indiranagar,Monitor,0,Sell-through on track. Review again in 2 weeks.,2235,29788,39336,5
SKU-0045,Mirror work Kurta (Chanderi),Kurta,Terracotta,XXL,SUP-001,535,1524,81,66,15,0.185,0.815,2024-11-08,23,3.35,4.0,15.0,4.26,14835,Healthy,Store - MG Road,Monitor,0,Sell-through on track. Review again in 2 weeks.,1524,14835,18288,5
SKU-0104,Ajrakh Kurta (Georgette),Kurta,Sage green,XXL,SUP-002,416,1182,140,105,35,0.25,0.75,2024-11-14,17,6.02,9.0,15.6,4.25,26810,Healthy,Store - MG Road,Monitor,0,Sell-through on track. Review again in 2 weeks.,1182,26810,33096,5
SKU-0295,Bandhani Coord Set (Linen),Coord Set,Ivory,XL,SUP-003,712,2595,61,40,21,0.344,0.656,2024-11-20,11,6.22,22.0,3.8,3.78,39543,Healthy,Store - Koramangala,Monitor,0,Sell-through on track. Review again in 2 weeks.,2595,39543,43596,5
SKU-0476,Kalamkari Palazzo (Linen),Palazzo,Blush pink,M,SUP-001,296,1066,91,57,34,0.374,0.626,2024-11-21,10,5.7,20.0,6.8,3.74,26180,Healthy,Online - Nykaa,Monitor,0,Sell-through on track. Review again in 2 weeks.,1066,26180,28995,5
SKU-0021,Mirror work Kurta (Cotton),Kurta,Sage green,XS,SUP-001,521,1613,87,69,18,0.207,0.793,2024-11-13,18,6.71,11.0,6.5,3.73,19656,Healthy,Store - MG Road,Monitor,0,Sell-through on track. Review again in 2 weeks.,1613,19656,23227,5
SKU-0432,Bagru print Dress (Cotton),Dress,Teal,XL,SUP-008,637,1615,125,95,30,0.24,0.76,2024-11-16,15,6.46,12.0,10.0,3.6,29340,Healthy,Store - MG Road,Monitor,0,Sell-through on track. Review again in 2 weeks.,1615,29340,38760,5
SKU-0193,Bandhani Saree (Cotton),Saree,Blush pink,L,SUP-005,1953,5355,76,8,68,0.895,0.105,2024-11-27,4,1.6,6.0,45.3,3.58,231336,Healthy,Online - Instagram,Monitor,0,Sell-through on track. Review again in 2 weeks.,5355,231336,291312,5
SKU-0424,Kalamkari Dress (Chanderi),Dress,Mauve,XXL,SUP-008,557,1664,31,25,6,0.194,0.806,2024-11-13,18,3.07,8.0,3.0,3.49,6642,Healthy,Store - MG Road,Monitor,0,Sell-through on track. Review again in 2 weeks.,1664,6642,7987,5
SKU-0170,Ajrakh Saree (Linen),Saree,Mauve,XS,SUP-001,1965,4233,82,65,17,0.207,0.793,2024-11-17,14,5.62,14.0,4.9,2.9,38556,Healthy,Store - Koramangala,Monitor,0,Sell-through on track. Review again in 2 weeks.,4233,38556,57569,5
SKU-0186,Chikankari Saree (Chanderi),Saree,Ivory,XS,SUP-001,1388,4212,133,5,128,0.962,0.038,2024-11-28,3,1.4,5.0,102.4,2.89,361472,Healthy,Store - MG Road,Monitor,0,Sell-through on track. Review again in 2 weeks.,4212,361472,431309,5
SKU-0191,Block print Saree (Linen),Saree,Rust,M,SUP-010,1180,4707,116,5,111,0.957,0.043,2024-11-28,3,1.75,5.0,88.8,2.87,391497,Healthy,Online - Website,Monitor,0,Sell-through on track. Review again in 2 weeks.,4707,391497,417982,5
SKU-0033,Bandhani Kurta (Rayon),Kurta,Charcoal,L,SUP-001,502,1287,97,64,33,0.34,0.66,2024-11-23,8,6.69,25.0,5.3,2.72,25905,Healthy,Store - Koramangala,Monitor,0,Sell-through on track. Review again in 2 weeks.,1287,25905,33977,5
SKU-0129,Kalamkari Saree (Rayon),Saree,Terracotta,XXL,SUP-004,1578,3992,83,53,30,0.361,0.639,2024-11-24,7,6.29,25.0,4.8,2.53,72420,Healthy,Online - Nykaa,Monitor,0,Sell-through on track. Review again in 2 weeks.,3992,72420,95808,5
SKU-0265,Bandhani Coord Set (Mul mul),Coord Set,Teal,S,SUP-004,840,2169,111,41,70,0.631,0.369,2024-11-27,4,3.26,11.0,25.5,2.52,93030,Healthy,Store - Indiranagar,Monitor,0,Sell-through on track. Review again in 2 weeks.,2169,93030,121464,5
SKU-0199,Mirror work Saree (Linen),Saree,Mauve,XL,SUP-002,1320,3216,117,82,35,0.299,0.701,2024-11-23,8,7.55,27.0,5.2,2.39,66360,Healthy,Online - Website,Monitor,0,Sell-through on track. Review again in 2 weeks.,3216,66360,90048,5
SKU-0440,Bagru print Dress (Silk blend),Dress,Terracotta,XXL,SUP-009,691,1679,105,93,12,0.114,0.886,2024-11-10,21,5.81,9.0,5.3,2.39,11856,Healthy,Online - Instagram,Monitor,0,Sell-through on track. Review again in 2 weeks.,1679,11856,16118,5
SKU-0251,Bandhani Coord Set (Mul mul),Coord Set,Indigo,XS,SUP-007,741,1980,50,42,8,0.16,0.84,2024-11-18,13,4.74,11.0,2.9,2.08,9912,Healthy,Online - Instagram,Monitor,0,Sell-through on track. Review again in 2 weeks.,1980,9912,12672,5
SKU-0464,Shibori Palazzo (Silk blend),Palazzo,Mauve,XL,SUP-006,216,985,142,94,48,0.338,0.662,2024-11-25,6,5.31,19.0,10.1,2.03,36912,Healthy,Store - MG Road,Monitor,0,Sell-through on track. Review again in 2 weeks.,985,36912,37824,5
SKU-0499,Mirror work Palazzo (Rayon),Palazzo,Mauve,XS,SUP-010,320,934,121,104,17,0.14,0.86,2024-11-17,14,6.33,21.0,3.2,1.96,10438,Healthy,Store - MG Road,Monitor,0,Sell-through on track. Review again in 2 weeks.,934,10438,12702,5
SKU-0382,Block print Dress (Linen),Dress,Mauve,S,SUP-004,545,1494,85,30,55,0.647,0.353,2024-11-28,3,3.39,13.0,16.9,1.94,52195,Healthy,Online - Instagram,Monitor,0,Sell-through on track. Review again in 2 weeks.,1494,52195,65736,5
SKU-0214,Shibori Coord Set (Mul mul),Coord Set,Terracotta,XL,SUP-002,651,2346,129,107,22,0.171,0.829,2024-11-20,11,6.87,21.0,4.2,1.88,37290,Healthy,Store - Indiranagar,Monitor,0,Sell-through on track. Review again in 2 weeks.,2346,37290,41290,5
SKU-0126,Dabu print Saree (Rayon),Saree,Blush pink,XXL,SUP-002,822,3014,118,79,39,0.331,0.669,2024-11-26,5,5.37,23.0,6.8,1.66,85488,Healthy,Online - Instagram,Monitor,0,Sell-through on track. Review again in 2 weeks.,3014,85488,94037,5
SKU-0024,Dabu print Kurta (Linen),Kurta,Teal,L,SUP-007,475,1079,104,32,72,0.692,0.308,2024-11-29,2,3.39,15.0,19.2,1.38,43488,Healthy,Store - Koramangala,Monitor,0,Sell-through on track. Review again in 2 weeks.,1079,43488,62150,5
SKU-0480,Ajrakh Palazzo (Linen),Palazzo,Terracotta,XL,SUP-009,261,751,98,31,67,0.684,0.316,2024-11-29,2,7.23,26.0,10.3,1.37,32830,Healthy,Store - Koramangala,Monitor,0,Sell-through on track. Review again in 2 weeks.,751,32830,40254,5
SKU-0353,Shibori Dupatta (Mul mul),Dupatta,Sage green,XL,SUP-007,250,775,107,34,73,0.682,0.318,2024-11-29,2,7.44,28.0,10.4,1.36,38325,Healthy,Online - Nykaa,Monitor,0,Sell-through on track. Review again in 2 weeks.,775,38325,45260,5
SKU-0211,Bagru print Coord Set (Cotton),Coord Set,Rust,L,SUP-010,710,2061,144,48,96,0.667,0.333,2024-11-29,2,6.72,27.0,14.2,1.33,129696,Healthy,Online - Instagram,Monitor,0,Sell-through on track. Review again in 2 weeks.,2061,129696,158285,5
SKU-0492,Bagru print Palazzo (Silk blend),Palazzo,Indigo,M,SUP-010,268,848,62,46,16,0.258,0.742,2024-11-26,5,6.85,20.0,3.2,1.29,9280,Healthy,Store - Indiranagar,Monitor,0,Sell-through on track. Review again in 2 weeks.,848,9280,10854,5
SKU-0313,Ikat Dupatta (Georgette),Dupatta,Ochre,XXL,SUP-007,264,547,38,16,22,0.579,0.421,2024-11-29,2,6.59,16.0,5.5,1.16,6226,Healthy,Online - Instagram,Monitor,0,Sell-through on track. Review again in 2 weeks.,547,6226,9627,5
SKU-0238,Dabu print Coord Set (Chanderi),Coord Set,Ochre,L,SUP-005,764,2426,122,89,33,0.27,0.73,2024-11-27,4,6.36,18.0,7.3,1.08,54846,Healthy,Store - Indiranagar,Monitor,0,Sell-through on track. Review again in 2 weeks.,2426,54846,64046,5
SKU-0034,Ikat Kurta (Georgette),Kurta,Rust,XS,SUP-001,638,1347,77,36,41,0.532,0.468,2024-11-29,2,7.41,29.0,5.7,1.06,29069,Healthy,Store - Indiranagar,Monitor,0,Sell-through on track. Review again in 2 weeks.,1347,29069,44182,5
SKU-0273,Bandhani Coord Set (Rayon),Coord Set,Rust,S,SUP-010,650,1866,118,56,62,0.525,0.475,2024-11-29,2,8.91,35.0,7.1,1.05,75392,Healthy,Online - Website,Monitor,0,Sell-through on track. Review again in 2 weeks.,1866,75392,92554,5
SKU-0296,Shibori Coord Set (Georgette),Coord Set,Indigo,XL,SUP-005,721,1438,37,28,9,0.243,0.757,2024-11-27,4,7.84,28.0,1.3,0.97,6453,Healthy,Online - Website,Monitor,0,Sell-through on track. Review again in 2 weeks.,1438,6453,10354,5
SKU-0018,Ikat Kurta (Linen),Kurta,Terracotta,L,SUP-009,377,1569,132,13,119,0.902,0.098,2024-11-30,1,1.6,7.0,68.0,0.9,141848,Healthy,Online - Instagram,Monitor,0,Sell-through on track. Review again in 2 weeks.,1569,141848,149369,5
SKU-0042,Dabu print Kurta (Georgette),Kurta,Terracotta,M,SUP-002,595,1125,54,46,8,0.148,0.852,2024-11-25,6,6.19,20.0,1.6,0.89,4240,Healthy,Online - Nykaa,Monitor,0,Sell-through on track. Review again in 2 weeks.,1125,4240,7200,5
SKU-0022,Ajrakh Kurta (Silk blend),Kurta,Ivory,XL,SUP-001,401,1217,85,53,32,0.376,0.624,2024-11-29,2,7.13,32.0,4.0,0.75,26112,Healthy,Online - Instagram,Monitor,0,Sell-through on track. Review again in 2 weeks.,1217,26112,31155,5
SKU-0113,Chikankari Kurta (Chanderi),Kurta,Indigo,XL,SUP-008,527,959,31,20,11,0.355,0.645,2024-11-29,2,7.78,20.0,2.2,0.71,4752,Healthy,Online - Instagram,Monitor,0,Sell-through on track. Review again in 2 weeks.,959,4752,8439,5
SKU-0174,Bagru print Saree (Linen),Saree,Mauve,XL,SUP-006,1552,4753,76,23,53,0.697,0.303,2024-11-30,1,10.06,23.0,9.2,0.7,169653,Healthy,Store - Indiranagar,Monitor,0,Sell-through on track. Review again in 2 weeks.,4753,169653,201527,5
SKU-0012,Chikankari Kurta (Cotton),Kurta,Blush pink,L,SUP-002,610,1439,62,48,14,0.226,0.774,2024-11-28,3,6.22,22.0,2.5,0.68,11606,Healthy,Online - Nykaa,Monitor,0,Sell-through on track. Review again in 2 weeks.,1439,11606,16117,5
SKU-0046,Mirror work Kurta (Silk blend),Kurta,Mauve,XS,SUP-008,519,1787,82,29,53,0.646,0.354,2024-11-30,1,7.25,29.0,7.3,0.65,67204,Healthy,Store - Indiranagar,Monitor,0,Sell-through on track. Review again in 2 weeks.,1787,67204,75769,5
SKU-0226,Dabu print Coord Set (Mul mul),Coord Set,Mauve,S,SUP-008,824,2584,72,26,46,0.639,0.361,2024-11-30,1,7.28,26.0,7.1,0.64,80960,Healthy,Store - Koramangala,Monitor,0,Sell-through on track. Review again in 2 weeks.,2584,80960,95091,5
SKU-0286,Block print Coord Set (Georgette),Coord Set,Mauve,XL,SUP-008,842,2255,116,43,73,0.629,0.371,2024-11-30,1,3.67,20.0,14.6,0.63,103149,Healthy,Store - Koramangala,Monitor,0,Sell-through on track. Review again in 2 weeks.,2255,103149,131692,5
SKU-0462,Kalamkari Palazzo (Linen),Palazzo,Mauve,XS,SUP-007,238,1077,60,41,19,0.317,0.683,2024-11-29,2,8.2,31.0,2.5,0.63,15941,Healthy,Online - Website,Monitor,0,Sell-through on track. Review again in 2 weeks.,1077,15941,16370,5
SKU-0116,Block print Kurta (Linen),Kurta,Blush pink,M,SUP-009,486,1537,130,48,82,0.631,0.369,2024-11-30,1,7.0,31.0,10.6,0.63,86182,Healthy,Store - Indiranagar,Monitor,0,Sell-through on track. Review again in 2 weeks.,1537,86182,100827,5
SKU-0383,Ikat Dress (Cotton),Dress,Indigo,XL,SUP-008,623,1932,117,44,73,0.624,0.376,2024-11-30,1,7.0,28.0,10.4,0.62,95557,Healthy,Store - Indiranagar,Monitor,0,Sell-through on track. Review again in 2 weeks.,1932,95557,112829,5
SKU-0485,Ikat Palazzo (Cotton),Palazzo,Rust,S,SUP-009,299,608,39,15,24,0.615,0.385,2024-11-30,1,7.0,15.0,6.4,0.62,7416,Healthy,Store - Indiranagar,Monitor,0,Sell-through on track. Review again in 2 weeks.,608,7416,11674,5
SKU-0120,Bandhani Kurta (Linen),Kurta,Ochre,M,SUP-007,453,1053,80,33,47,0.588,0.412,2024-11-30,1,4.44,16.0,11.8,0.59,28200,Healthy,Online - Instagram,Monitor,0,Sell-through on track. Review again in 2 weeks.,1053,28200,39593,5
SKU-0037,Block print Kurta (Mul mul),Kurta,Mauve,XXL,SUP-003,384,1141,134,61,73,0.545,0.455,2024-11-30,1,6.89,30.0,9.7,0.55,55261,Healthy,Store - MG Road,Monitor,0,Sell-through on track. Review again in 2 weeks.,1141,55261,66634,5
SKU-0336,Ikat Dupatta (Rayon),Dupatta,Mauve,XS,SUP-008,271,825,111,50,61,0.55,0.45,2024-11-30,1,6.48,27.0,9.0,0.55,33794,Healthy,Store - MG Road,Monitor,0,Sell-through on track. Review again in 2 weeks.,825,33794,40260,5
SKU-0115,Kalamkari Kurta (Linen),Kurta,Indigo,XXL,SUP-005,443,1044,149,69,80,0.537,0.463,2024-11-30,1,7.79,36.0,8.9,0.54,48080,Healthy,Online - Instagram,Monitor,0,Sell-through on track. Review again in 2 weeks.,1044,48080,66816,5
SKU-0484,Dabu print Palazzo (Cotton),Palazzo,Ivory,XXL,SUP-009,349,683,88,41,47,0.534,0.466,2024-11-30,1,7.18,29.0,6.5,0.53,15698,Healthy,Online - Nykaa,Monitor,0,Sell-through on track. Review again in 2 weeks.,683,15698,25681,5
SKU-0270,Block print Coord Set (Mul mul),Coord Set,Ivory,XXL,SUP-006,780,1652,139,73,66,0.475,0.525,2024-11-30,1,7.63,31.0,8.5,0.48,57552,Healthy,Store - MG Road,Monitor,0,Sell-through on track. Review again in 2 weeks.,1652,57552,87226,5
SKU-0366,Block print Dupatta (Linen),Dupatta,Blush pink,M,SUP-004,260,538,126,67,59,0.468,0.532,2024-11-30,1,7.56,28.0,8.4,0.47,16402,Healthy,Store - Koramangala,Monitor,0,Sell-through on track. Review again in 2 weeks.,538,16402,25394,5
SKU-0180,Kalamkari Saree (Rayon),Saree,Ivory,S,SUP-008,836,5587,74,40,34,0.459,0.541,2024-11-30,1,6.83,25.0,5.4,0.46,161534,Healthy,Store - Indiranagar,Monitor,0,Sell-through on track. Review again in 2 weeks.,5587,161534,151966,5
SKU-0125,Kalamkari Saree (Mul mul),Saree,Terracotta,XXL,SUP-006,2115,2993,101,55,46,0.455,0.545,2024-11-30,1,6.88,28.0,6.6,0.46,40388,Healthy,Online - Instagram,Monitor,0,Sell-through on track. Review again in 2 weeks.,2993,40388,110142,5
SKU-0239,Kalamkari Coord Set (Chanderi),Coord Set,Mauve,L,SUP-004,653,2064,44,25,19,0.432,0.568,2024-11-30,1,7.0,25.0,3.0,0.43,26809,Healthy,Online - Instagram,Monitor,0,Sell-through on track. Review again in 2 weeks.,2064,26809,31373,5
SKU-0003,Block print Kurta (Mul mul),Kurta,Terracotta,XXL,SUP-009,643,1335,78,45,33,0.423,0.577,2024-11-30,1,9.26,40.0,3.3,0.42,22836,Healthy,Online - Website,Monitor,0,Sell-through on track. Review again in 2 weeks.,1335,22836,35244,5
SKU-0200,Block print Saree (Rayon),Saree,Indigo,XXL,SUP-002,1383,2594,139,85,54,0.388,0.612,2024-11-30,1,7.73,29.0,7.4,0.39,65394,Healthy,Store - Indiranagar,Monitor,0,Sell-through on track. Review again in 2 weeks.,2594,65394,112061,5
SKU-0488,Dabu print Palazzo (Linen),Palazzo,Ochre,XS,SUP-010,282,969,143,92,51,0.357,0.643,2024-11-30,1,7.49,35.0,5.8,0.36,35037,Healthy,Online - Instagram,Monitor,0,Sell-through on track. Review again in 2 weeks.,969,35037,39535,5
SKU-0459,Ikat Palazzo (Silk blend),Palazzo,Rust,XXL,SUP-004,302,634,121,83,38,0.314,0.686,2024-11-30,1,7.85,30.0,5.1,0.31,12616,Healthy,Online - Website,Monitor,0,Sell-through on track. Review again in 2 weeks.,634,12616,19274,5
SKU-0163,Ikat Saree (Georgette),Saree,Rust,S,SUP-010,1626,3700,132,94,38,0.288,0.712,2024-11-30,1,6.93,29.0,5.2,0.29,78812,Healthy,Store - MG Road,Monitor,0,Sell-through on track. Review again in 2 weeks.,3700,78812,112480,5
SKU-0268,Chikankari Coord Set (Mul mul),Coord Set,Charcoal,XL,SUP-003,715,1533,95,81,14,0.147,0.853,2024-11-30,1,7.09,23.0,2.4,0.15,11452,Healthy,Online - Nykaa,Monitor,0,Sell-through on track. Review again in 2 weeks.,1533,11452,17170,5
SKU-0461,Bandhani Palazzo (Linen),Palazzo,Charcoal,XXL,SUP-006,300,1086,129,114,15,0.116,0.884,2024-11-30,1,6.38,24.0,2.5,0.12,11790,Healthy,Online - Nykaa,Monitor,0,Sell-through on track. Review again in 2 weeks.,1086,11790,13032,5
SKU-0477,Mirror work Palazzo (Rayon),Palazzo,Indigo,XXL,SUP-007,249,1038,97,36,61,0.629,0.371,2024-12-01,0,7.88,32.0,7.6,0.0,48129,Healthy,Store - MG Road,Monitor,0,Sell-through on track. Review again in 2 weeks.,1038,48129,50654,5
SKU-0229,Mirror work Coord Set (Rayon),Coord Set,Ochre,S,SUP-001,840,1528,84,27,57,0.679,0.321,2024-12-01,0,9.0,27.0,8.4,0.0,39216,Healthy,Online - Instagram,Monitor,0,Sell-through on track. Review again in 2 weeks.,1528,39216,69677,5
SKU-0344,Dabu print Dupatta (Rayon),Dupatta,Blush pink,S,SUP-001,195,825,114,50,64,0.561,0.439,2024-12-01,0,8.14,33.0,7.8,0.0,40320,Healthy,Online - Website,Monitor,0,Sell-through on track. Review again in 2 weeks.,825,40320,42240,5
SKU-0340,Ajrakh Dupatta (Mul mul),Dupatta,Ochre,S,SUP-007,140,507,56,30,26,0.464,0.536,2024-12-01,0,8.08,30.0,3.5,0.0,9542,Healthy,Online - Nykaa,Monitor,0,Sell-through on track. Review again in 2 weeks.,507,9542,10546,5
SKU-0084,Kalamkari Kurta (Rayon),Kurta,Mauve,S,SUP-010,482,1720,112,38,74,0.661,0.339,2024-12-01,0,7.39,34.0,8.7,0.0,91612,Healthy,Store - Koramangala,Monitor,0,Sell-through on track. Review again in 2 weeks.,1720,91612,101824,5
SKU-0081,Ajrakh Kurta (Silk blend),Kurta,Mauve,XS,SUP-006,359,1773,94,47,47,0.5,0.5,2024-12-01,0,7.65,34.0,5.5,0.0,66458,Healthy,Store - Koramangala,Monitor,0,Sell-through on track. Review again in 2 weeks.,1773,66458,66665,5
SKU-0298,Kalamkari Coord Set (Georgette),Coord Set,Sage green,M,SUP-002,847,2169,124,46,78,0.629,0.371,2024-12-01,0,7.67,31.0,10.1,0.0,103116,Healthy,Store - MG Road,Monitor,0,Sell-through on track. Review again in 2 weeks.,2169,103116,135346,5
SKU-0300,Chikankari Coord Set (Mul mul),Coord Set,Charcoal,XL,SUP-008,522,1812,135,48,87,0.644,0.356,2024-12-01,0,7.81,32.0,10.9,0.0,112230,Healthy,Store - Koramangala,Monitor,0,Sell-through on track. Review again in 2 weeks.,1812,112230,126115,5
SKU-0305,Bagru print Dupatta (Silk blend),Dupatta,Mauve,S,SUP-004,194,749,140,77,63,0.45,0.55,2024-12-01,0,6.49,30.0,8.4,0.0,34965,Healthy,Store - Koramangala,Monitor,0,Sell-through on track. Review again in 2 weeks.,749,34965,37750,5
SKU-0304,Block print Dupatta (Linen),Dupatta,Charcoal,S,SUP-005,177,403,49,27,22,0.449,0.551,2024-12-01,0,7.56,27.0,3.3,0.0,4972,Healthy,Online - Website,Monitor,0,Sell-through on track. Review again in 2 weeks.,403,4972,7093,5
SKU-0328,Ajrakh Dupatta (Linen),Dupatta,Ochre,S,SUP-001,205,526,103,31,72,0.699,0.301,2024-12-01,0,7.23,30.0,9.6,0.0,23112,Healthy,Store - Koramangala,Monitor,0,Sell-through on track. Review again in 2 weeks.,526,23112,30298,5
SKU-0102,Dabu print Kurta (Georgette),Kurta,Charcoal,XS,SUP-007,541,1580,115,43,72,0.626,0.374,2024-12-01,0,7.34,33.0,8.7,0.0,74808,Healthy,Store - Koramangala,Monitor,0,Sell-through on track. Review again in 2 weeks.,1580,74808,91008,5
SKU-0442,Ajrakh Dress (Cotton),Dress,Mauve,S,SUP-002,573,1719,148,120,28,0.189,0.811,2024-12-01,0,6.56,25.0,4.5,0.0,32088,Healthy,Online - Nykaa,Monitor,0,Sell-through on track. Review again in 2 weeks.,1719,32088,38506,5
SKU-0437,Dabu print Dress (Rayon),Dress,Mauve,XXL,SUP-006,645,1114,91,67,24,0.264,0.736,2024-12-01,0,6.34,28.0,3.4,0.0,11256,Healthy,Online - Website,Monitor,0,Sell-through on track. Review again in 2 weeks.,1114,11256,21389,5
SKU-0189,Block print Saree (Mul mul),Saree,Ochre,XS,SUP-010,1283,3465,147,93,54,0.367,0.633,2024-12-01,0,8.04,35.0,6.2,0.0,117828,Healthy,Store - Koramangala,Monitor,0,Sell-through on track. Review again in 2 weeks.,3465,117828,149688,5
SKU-0380,Bagru print Dress (Mul mul),Dress,Mauve,L,SUP-005,537,1778,85,45,40,0.471,0.529,2024-12-01,0,6.7,30.0,5.3,0.0,49640,Healthy,Store - Koramangala,Monitor,0,Sell-through on track. Review again in 2 weeks.,1778,49640,56896,5
SKU-0395,Mirror work Dress (Georgette),Dress,Teal,S,SUP-004,573,1719,131,77,54,0.412,0.588,2024-12-01,0,8.29,31.0,7.0,0.0,61884,Healthy,Online - Nykaa,Monitor,0,Sell-through on track. Review again in 2 weeks.,1719,61884,74261,5
SKU-0399,Chikankari Dress (Chanderi),Dress,Ochre,XL,SUP-006,744,2136,72,51,21,0.292,0.708,2024-12-01,0,8.11,26.0,3.2,0.0,29232,Healthy,Online - Website,Monitor,0,Sell-through on track. Review again in 2 weeks.,2136,29232,35885,5
SKU-0401,Bandhani Dress (Silk blend),Dress,Indigo,S,SUP-001,603,1156,133,65,68,0.511,0.489,2024-12-01,0,7.58,36.0,7.6,0.0,37604,Healthy,Store - MG Road,Monitor,0,Sell-through on track. Review again in 2 weeks.,1156,37604,62886,5
SKU-0202,Block print Coord Set (Mul mul),Coord Set,Charcoal,XXL,SUP-006,713,2511,115,54,61,0.53,0.47,2024-12-01,0,7.0,29.0,8.4,0.0,109678,Healthy,Store - MG Road,Monitor,0,Sell-through on track. Review again in 2 weeks.,2511,109678,122537,5
SKU-0148,Dabu print Saree (Chanderi),Saree,Indigo,XL,SUP-006,2024,3501,47,19,28,0.596,0.404,2024-12-01,0,7.82,19.0,5.9,0.0,41356,Healthy,Store - Indiranagar,Monitor,0,Sell-through on track. Review again in 2 weeks.,3501,41356,78422,5
SKU-0419,Shibori Dress (Silk blend),Dress,Indigo,XXL,SUP-003,723,1970,137,44,93,0.679,0.321,2024-12-01,0,7.51,33.0,11.3,0.0,115971,Healthy,Online - Instagram,Monitor,0,Sell-through on track. Review again in 2 weeks.,1970,115971,146568,5
SKU-0154,Bagru print Saree (Silk blend),Saree,Ochre,S,SUP-007,1475,3336,140,51,89,0.636,0.364,2024-12-01,0,6.87,31.0,11.5,0.0,165629,Healthy,Store - Koramangala,Monitor,0,Sell-through on track. Review again in 2 weeks.,3336,165629,237523,5
SKU-0155,Ikat Saree (Silk blend),Saree,Rust,L,SUP-001,1463,3985,91,51,40,0.44,0.56,2024-12-01,0,7.29,32.0,5.0,0.0,100880,Healthy,Store - Indiranagar,Monitor,0,Sell-through on track. Review again in 2 weeks.,3985,100880,127520,5
SKU-0017,Ajrakh Kurta (Chanderi),Kurta,Charcoal,XL,SUP-006,592,1035,57,26,31,0.544,0.456,2024-12-01,0,4.44,15.0,8.3,0.0,13733,Healthy,Store - Koramangala,Monitor,0,Sell-through on track. Review again in 2 weeks.,1035,13733,25668,5
