txn_id,sku_id,sale_date,units_sold,selling_price,discount_pct,channel
TXN-000001,SKU-0001,2024-08-17,2,1385,0,Online - Nykaa
TXN-000002,SKU-0001,2024-08-18,3,1385,0,Store - MG Road
TXN-000003,SKU-0001,2024-08-19,3,1385,0,Online - Nykaa
TXN-000004,SKU-0001,2024-08-21,2,1385,0,Store - Indiranagar
TXN-000005,SKU-0001,2024-08-24,1,1385,0,Online - Nykaa
TXN-000006,SKU-0001,2024-08-25,2,1385,0,Store - Koramangala
TXN-000007,SKU-0001,2024-08-28,2,1385,0,Online - Nykaa
TXN-000008,SKU-0001,2024-08-30,3,1246,10,Store - Koramangala
TXN-000009,SKU-0001,2024-09-01,1,1385,0,Store - MG Road
TXN-000010,SKU-0001,2024-09-02,3,1385,0,Online - Nykaa
TXN-000011,SKU-0001,2024-09-04,3,1385,0,Online - Nykaa
TXN-000012,SKU-0001,2024-09-05,3,1385,0,Store - Indiranagar
TXN-000013,SKU-0001,2024-09-06,2,1246,10,Online - Instagram
TXN-000014,SKU-0001,2024-09-08,2,1385,0,Store - MG Road
TXN-000015,SKU-0001,2024-09-10,3,1385,0,Store - Koramangala
TXN-000016,SKU-0001,2024-09-12,2,1385,0,Online - Website
TXN-000017,SKU-0001,2024-09-15,2,1385,0,Online - Website
TXN-000018,SKU-0001,2024-09-18,2,1385,0,Online - Instagram
TXN-000019,SKU-0001,2024-09-21,3,1385,0,Online - Instagram
TXN-000020,SKU-0001,2024-09-24,1,1385,0,Store - MG Road
TXN-000021,SKU-0001,2024-09-26,1,1385,0,Store - Indiranagar
TXN-000022,SKU-0001,2024-09-29,2,1385,0,Store - Indiranagar
TXN-000023,SKU-0001,2024-10-01,3,1385,0,Store - MG Road
TXN-000024,SKU-0001,2024-10-03,1,1385,0,Online - Nykaa
TXN-000025,SKU-0001,2024-10-04,1,1385,0,Online - Nykaa
TXN-000026,SKU-0001,2024-10-07,2,1385,0,Online - Nykaa
TXN-000027,SKU-0001,2024-10-08,2,1177,15,Store - Indiranagar
TXN-000028,SKU-0001,2024-10-09,3,1385,0,Store - MG Road
TXN-000029,SKU-0001,2024-10-11,1,1177,15,Store - Koramangala
TXN-000030,SKU-0001,2024-10-12,3,1385,0,Online - Nykaa
TXN-000031,SKU-0001,2024-10-15,2,1385,0,Store - MG Road
TXN-000032,SKU-0001,2024-10-17,1,1385,0,Store - MG Road
TXN-000033,SKU-0001,2024-10-18,1,1177,15,Store - MG Road
TXN-000034,SKU-0001,2024-10-21,3,1385,0,Online - Instagram
TXN-000035,SKU-0001,2024-10-22,3,1246,10,Store - MG Road
TXN-000036,SKU-0001,2024-10-23,3,1385,0,Online - Nykaa
TXN-000037,SKU-0001,2024-10-25,2,1385,0,Store - Indiranagar
TXN-000038,SKU-0001,2024-10-28,2,1385,0,Online - Instagram
TXN-000039,SKU-0001,2024-10-30,3,1385,0,Online - Website
TXN-000040,SKU-0001,2024-11-02,1,1039,25,Store - Indiranagar
TXN-000041,SKU-0001,2024-11-04,1,1246,10,Online - Website
TXN-000042,SKU-0001,2024-11-05,3,1385,0,Store - Koramangala
TXN-000043,SKU-0002,2024-08-10,3,1322,0,Online - Website
TXN-000044,SKU-0002,2024-08-13,3,1322,0,Store - Koramangala
TXN-000045,SKU-0002,2024-08-16,2,1322,0,Online - Instagram
TXN-000046,SKU-0002,2024-08-17,1,1322,0,Online - Website
TXN-000047,SKU-0002,2024-08-19,1,1322,0,Store - MG Road
TXN-000048,SKU-0002,2024-08-20,2,1322,0,Online - Nykaa
TXN-000049,SKU-0002,2024-08-22,3,1322,0,Online - Website
TXN-000050,SKU-0002,2024-08-23,3,1322,0,Online - Website
TXN-000051,SKU-0002,2024-08-24,3,1322,0,Store - MG Road
TXN-000052,SKU-0002,2024-08-27,2,1322,0,Store - MG Road
TXN-000053,SKU-0002,2024-08-30,3,1322,0,Store - Indiranagar
TXN-000054,SKU-0002,2024-09-01,1,1322,0,Online - Instagram
TXN-000055,SKU-0002,2024-09-03,2,1322,0,Store - Koramangala
TXN-000056,SKU-0002,2024-09-05,3,1322,0,Online - Nykaa
TXN-000057,SKU-0002,2024-09-08,2,1322,0,Online - Website
TXN-000058,SKU-0002,2024-09-10,3,1322,0,Store - MG Road
TXN-000059,SKU-0002,2024-09-12,2,1322,0,Store - Koramangala
TXN-000060,SKU-0002,2024-09-14,3,1322,0,Store - MG Road
TXN-000061,SKU-0002,2024-09-16,2,1322,0,Store - Koramangala
TXN-000062,SKU-0002,2024-09-18,3,1322,0,Store - MG Road
TXN-000063,SKU-0002,2024-09-20,1,1190,10,Online - Nykaa
TXN-000064,SKU-0002,2024-09-22,2,1322,0,Online - Website
TXN-000065,SKU-0002,2024-09-25,2,1322,0,Online - Nykaa
TXN-000066,SKU-0002,2024-09-28,3,1190,10,Online - Instagram
TXN-000067,SKU-0002,2024-09-30,1,1322,0,Store - MG Road
TXN-000068,SKU-0002,2024-10-01,1,1322,0,Online - Instagram
TXN-000069,SKU-0002,2024-10-02,1,1124,15,Online - Nykaa
TXN-000070,SKU-0002,2024-10-04,2,1190,10,Store - MG Road
TXN-000071,SKU-0002,2024-10-06,3,1322,0,Online - Nykaa
TXN-000072,SKU-0002,2024-10-09,1,1190,10,Store - Indiranagar
TXN-000073,SKU-0002,2024-10-12,1,1322,0,Online - Instagram
TXN-000074,SKU-0002,2024-10-15,3,1058,20,Store - Koramangala
TXN-000075,SKU-0002,2024-10-16,2,1322,0,Store - Koramangala
TXN-000076,SKU-0002,2024-10-19,3,1322,0,Online - Nykaa
TXN-000077,SKU-0002,2024-10-20,1,1058,20,Store - Koramangala
TXN-000078,SKU-0002,2024-10-23,1,1190,10,Store - Koramangala
TXN-000079,SKU-0002,2024-10-25,2,1322,0,Online - Nykaa
TXN-000080,SKU-0003,2024-10-28,2,1335,0,Online - Website
TXN-000081,SKU-0003,2024-10-31,3,1335,0,Store - Indiranagar
TXN-000082,SKU-0003,2024-11-03,3,1335,0,Online - Nykaa
TXN-000083,SKU-0003,2024-11-04,2,1335,0,Online - Website
TXN-000084,SKU-0003,2024-11-05,1,1202,10,Store - Koramangala
TXN-000085,SKU-0003,2024-11-07,2,1335,0,Store - MG Road
TXN-000086,SKU-0003,2024-11-10,3,1068,20,Online - Instagram
TXN-000087,SKU-0003,2024-11-12,3,1335,0,Store - Koramangala
TXN-000088,SKU-0003,2024-11-13,3,1335,0,Store - Indiranagar
TXN-000089,SKU-0003,2024-11-15,1,1335,0,Online - Instagram
TXN-000090,SKU-0003,2024-11-16,2,1335,0,Store - Koramangala
TXN-000091,SKU-0003,2024-11-17,2,1335,0,Online - Instagram
TXN-000092,SKU-0003,2024-11-19,3,1068,20,Online - Website
TXN-000093,SKU-0003,2024-11-20,3,1335,0,Store - MG Road
TXN-000094,SKU-0003,2024-11-21,2,1335,0,Store - Koramangala
TXN-000095,SKU-0003,2024-11-22,3,1335,0,Online - Website
TXN-000096,SKU-0003,2024-11-24,2,1335,0,Store - MG Road
TXN-000097,SKU-0003,2024-11-25,2,1335,0,Online - Website
TXN-000098,SKU-0003,2024-11-27,1,1335,0,Store - Koramangala
TXN-000099,SKU-0003,2024-11-30,2,1335,0,Online - Instagram
TXN-000100,SKU-0004,2024-11-03,1,1460,0,Online - Nykaa
TXN-000101,SKU-0004,2024-11-06,2,1460,0,Online - Instagram
TXN-000102,SKU-0004,2024-11-10,3,1460,0,Store - Koramangala
TXN-000103,SKU-0004,2024-11-14,1,1460,0,Online - Instagram
TXN-000104,SKU-0004,2024-11-17,3,1241,15,Online - Instagram
TXN-000105,SKU-0004,2024-11-22,3,1460,0,Store - Koramangala
TXN-000106,SKU-0005,2024-09-06,3,970,0,Store - MG Road
TXN-000107,SKU-0005,2024-09-13,3,970,0,Store - Indiranagar
TXN-000108,SKU-0005,2024-09-18,3,970,0,Store - MG Road
TXN-000109,SKU-0005,2024-09-25,3,873,10,Online - Instagram
TXN-000110,SKU-0005,2024-10-02,1,728,25,Store - MG Road
TXN-000111,SKU-0005,2024-10-07,2,776,20,Store - Koramangala
TXN-000112,SKU-0006,2024-08-18,2,1289,0,Online - Website
TXN-000113,SKU-0006,2024-08-20,2,1031,20,Online - Website
TXN-000114,SKU-0006,2024-08-23,1,1289,0,Online - Nykaa
TXN-000115,SKU-0006,2024-08-25,1,1031,20,Online - Website
TXN-000116,SKU-0006,2024-08-28,3,1289,0,Online - Nykaa
TXN-000117,SKU-0006,2024-08-30,2,1289,0,Store - MG Road
TXN-000118,SKU-0006,2024-08-31,1,1289,0,Online - Nykaa
TXN-000119,SKU-0006,2024-09-02,2,1096,15,Store - Indiranagar
TXN-000120,SKU-0006,2024-09-04,3,967,25,Online - Instagram
TXN-000121,SKU-0006,2024-09-06,3,1289,0,Online - Website
TXN-000122,SKU-0006,2024-09-08,2,1289,0,Online - Instagram
TXN-000123,SKU-0006,2024-09-10,2,1289,0,Online - Website
TXN-000124,SKU-0006,2024-09-12,3,1289,0,Store - Indiranagar
TXN-000125,SKU-0006,2024-09-13,3,1289,0,Store - Indiranagar
TXN-000126,SKU-0006,2024-09-14,2,1289,0,Store - Indiranagar
TXN-000127,SKU-0006,2024-09-17,1,1096,15,Online - Nykaa
TXN-000128,SKU-0006,2024-09-18,1,1031,20,Store - Indiranagar
TXN-000129,SKU-0006,2024-09-21,1,1289,0,Store - MG Road
TXN-000130,SKU-0006,2024-09-24,2,1160,10,Store - MG Road
TXN-000131,SKU-0006,2024-09-27,2,1289,0,Online - Website
TXN-000132,SKU-0006,2024-09-30,1,1289,0,Online - Nykaa
TXN-000133,SKU-0006,2024-10-01,1,1160,10,Online - Instagram
TXN-000134,SKU-0006,2024-10-04,1,1289,0,Store - Indiranagar
TXN-000135,SKU-0006,2024-10-06,3,1289,0,Online - Website
TXN-000136,SKU-0006,2024-10-09,1,1289,0,Store - Koramangala
TXN-000137,SKU-0006,2024-10-11,3,1289,0,Online - Website
TXN-000138,SKU-0006,2024-10-12,2,1096,15,Store - Koramangala
TXN-000139,SKU-0006,2024-10-13,1,1160,10,Online - Instagram
TXN-000140,SKU-0007,2024-11-16,1,1203,10,Store - Koramangala
TXN-000141,SKU-0007,2024-11-20,3,1136,15,Online - Website
TXN-000142,SKU-0007,2024-11-23,3,1203,10,Online - Nykaa
TXN-000143,SKU-0007,2024-11-27,1,1337,0,Online - Instagram
TXN-000144,SKU-0007,2024-11-30,2,1337,0,Online - Instagram
TXN-000145,SKU-0008,2024-10-05,1,1351,0,Online - Website
TXN-000146,SKU-0008,2024-10-08,1,1351,0,Store - MG Road
TXN-000147,SKU-0008,2024-10-12,2,1081,20,Online - Instagram
TXN-000148,SKU-0008,2024-10-17,2,1216,10,Online - Nykaa
TXN-000149,SKU-0008,2024-10-22,1,1351,0,Store - MG Road
TXN-000150,SKU-0008,2024-10-25,3,1351,0,Store - Indiranagar
TXN-000151,SKU-0008,2024-10-30,1,1351,0,Online - Nykaa
TXN-000152,SKU-0008,2024-11-03,1,1351,0,Store - Indiranagar
TXN-000153,SKU-0008,2024-11-06,3,1351,0,Online - Nykaa
TXN-000154,SKU-0008,2024-11-11,1,1351,0,Online - Website
TXN-000155,SKU-0008,2024-11-16,1,1351,0,Online - Website
TXN-000156,SKU-0008,2024-11-21,1,1351,0,Online - Website
TXN-000157,SKU-0008,2024-11-25,1,1148,15,Store - MG Road
TXN-000158,SKU-0008,2024-11-29,3,1351,0,Store - Koramangala
TXN-000159,SKU-0009,2024-10-09,1,1081,10,Store - MG Road
TXN-000160,SKU-0009,2024-10-10,3,1201,0,Store - MG Road
TXN-000161,SKU-0009,2024-10-13,2,1201,0,Store - Koramangala
TXN-000162,SKU-0009,2024-10-16,3,1201,0,Store - MG Road
TXN-000163,SKU-0009,2024-10-18,1,1021,15,Online - Instagram
TXN-000164,SKU-0009,2024-10-20,2,1201,0,Online - Nykaa
TXN-000165,SKU-0009,2024-10-23,2,1201,0,Store - MG Road
TXN-000166,SKU-0009,2024-10-26,3,1201,0,Store - MG Road
TXN-000167,SKU-0009,2024-10-27,3,1201,0,Store - Koramangala
TXN-000168,SKU-0009,2024-10-30,3,1201,0,Store - Koramangala
TXN-000169,SKU-0009,2024-11-01,2,1201,0,Online - Nykaa
TXN-000170,SKU-0009,2024-11-04,2,1201,0,Store - Koramangala
TXN-000171,SKU-0009,2024-11-06,1,1201,0,Store - MG Road
TXN-000172,SKU-0009,2024-11-07,3,1201,0,Store - Koramangala
TXN-000173,SKU-0009,2024-11-09,3,1201,0,Store - Koramangala
TXN-000174,SKU-0009,2024-11-10,2,1201,0,Store - MG Road
TXN-000175,SKU-0009,2024-11-13,2,961,20,Online - Website
TXN-000176,SKU-0010,2024-07-17,3,1713,0,Online - Instagram
TXN-000177,SKU-0010,2024-07-21,1,1456,15,Store - Koramangala
TXN-000178,SKU-0010,2024-07-26,2,1713,0,Store - MG Road
TXN-000179,SKU-0010,2024-07-31,2,1713,0,Online - Nykaa
TXN-000180,SKU-0010,2024-08-06,2,1370,20,Store - MG Road
TXN-000181,SKU-0010,2024-08-12,3,1713,0,Online - Nykaa
TXN-000182,SKU-0010,2024-08-17,3,1713,0,Store - Indiranagar
TXN-000183,SKU-0010,2024-08-23,3,1713,0,Store - MG Road
TXN-000184,SKU-0010,2024-08-28,1,1713,0,Store - Koramangala
TXN-000185,SKU-0010,2024-09-02,1,1713,0,Store - MG Road
TXN-000186,SKU-0010,2024-09-07,1,1713,0,Store - MG Road
TXN-000187,SKU-0010,2024-09-12,1,1713,0,Store - Indiranagar
TXN-000188,SKU-0010,2024-09-17,3,1713,0,Online - Nykaa
TXN-000189,SKU-0010,2024-09-21,1,1713,0,Store - MG Road
TXN-000190,SKU-0011,2024-09-16,3,1278,20,Online - Website
TXN-000191,SKU-0011,2024-09-19,2,1597,0,Store - Koramangala
TXN-000192,SKU-0011,2024-09-21,2,1597,0,Store - MG Road
TXN-000193,SKU-0011,2024-09-24,3,1437,10,Online - Nykaa
TXN-000194,SKU-0011,2024-09-26,1,1597,0,Online - Nykaa
TXN-000195,SKU-0011,2024-09-29,1,1597,0,Online - Nykaa
TXN-000196,SKU-0011,2024-09-30,3,1597,0,Store - MG Road
TXN-000197,SKU-0011,2024-10-03,2,1357,15,Online - Website
TXN-000198,SKU-0011,2024-10-06,2,1437,10,Online - Nykaa
TXN-000199,SKU-0011,2024-10-07,2,1597,0,Online - Instagram
TXN-000200,SKU-0011,2024-10-08,3,1278,20,Online - Nykaa
TXN-000201,SKU-0011,2024-10-11,2,1597,0,Online - Website
TXN-000202,SKU-0011,2024-10-12,1,1597,0,Online - Nykaa
TXN-000203,SKU-0011,2024-10-15,1,1597,0,Store - Indiranagar
TXN-000204,SKU-0011,2024-10-17,2,1437,10,Store - MG Road
TXN-000205,SKU-0011,2024-10-19,2,1357,15,Online - Instagram
TXN-000206,SKU-0011,2024-10-22,1,1597,0,Store - Indiranagar
TXN-000207,SKU-0011,2024-10-23,1,1437,10,Online - Instagram
TXN-000208,SKU-0011,2024-10-24,2,1597,0,Online - Instagram
TXN-000209,SKU-0011,2024-10-27,1,1597,0,Online - Nykaa
TXN-000210,SKU-0011,2024-10-30,1,1597,0,Online - Nykaa
TXN-000211,SKU-0011,2024-11-02,2,1597,0,Store - Indiranagar
TXN-000212,SKU-0011,2024-11-03,3,1597,0,Store - Indiranagar
TXN-000213,SKU-0011,2024-11-06,1,1597,0,Online - Instagram
TXN-000214,SKU-0011,2024-11-08,3,1597,0,Store - Indiranagar
TXN-000215,SKU-0011,2024-11-09,1,1597,0,Online - Nykaa
TXN-000216,SKU-0012,2024-10-08,3,1151,20,Online - Website
TXN-000217,SKU-0012,2024-10-11,1,1439,0,Online - Website
TXN-000218,SKU-0012,2024-10-14,2,1295,10,Online - Nykaa
TXN-000219,SKU-0012,2024-10-15,1,1223,15,Store - Indiranagar
TXN-000220,SKU-0012,2024-10-16,3,1439,0,Online - Nykaa
TXN-000221,SKU-0012,2024-10-18,2,1439,0,Online - Nykaa
TXN-000222,SKU-0012,2024-10-21,3,1439,0,Store - Koramangala
TXN-000223,SKU-0012,2024-10-23,1,1439,0,Online - Nykaa
TXN-000224,SKU-0012,2024-10-25,3,1439,0,Store - Koramangala
TXN-000225,SKU-0012,2024-10-28,1,1439,0,Store - Indiranagar
TXN-000226,SKU-0012,2024-10-31,3,1439,0,Online - Nykaa
TXN-000227,SKU-0012,2024-11-01,3,1439,0,Online - Instagram
TXN-000228,SKU-0012,2024-11-03,2,1439,0,Online - Nykaa
TXN-000229,SKU-0012,2024-11-06,2,1295,10,Online - Nykaa
TXN-000230,SKU-0012,2024-11-09,1,1439,0,Store - Indiranagar
TXN-000231,SKU-0012,2024-11-10,2,1439,0,Online - Nykaa
TXN-000232,SKU-0012,2024-11-13,2,1439,0,Store - Indiranagar
TXN-000233,SKU-0012,2024-11-16,2,1439,0,Online - Nykaa
TXN-000234,SKU-0012,2024-11-18,2,1439,0,Store - Koramangala
TXN-000235,SKU-0012,2024-11-21,3,1295,10,Store - Koramangala
TXN-000236,SKU-0012,2024-11-22,3,1439,0,Store - MG Road
TXN-000237,SKU-0012,2024-11-25,1,1223,15,Online - Instagram
TXN-000238,SKU-0012,2024-11-28,2,1439,0,Online - Instagram
TXN-000239,SKU-0013,2024-06-20,3,1452,0,Store - Indiranagar
TXN-000240,SKU-0013,2024-06-22,3,1162,20,Store - Indiranagar
TXN-000241,SKU-0013,2024-06-26,1,1452,0,Online - Website
TXN-000242,SKU-0013,2024-06-30,2,1307,10,Store - Indiranagar
TXN-000243,SKU-0013,2024-07-02,3,1307,10,Online - Instagram
TXN-000244,SKU-0013,2024-07-05,1,1452,0,Online - Instagram
TXN-000245,SKU-0013,2024-07-09,3,1452,0,Online - Instagram
TXN-000246,SKU-0013,2024-07-13,2,1452,0,Store - Koramangala
TXN-000247,SKU-0013,2024-07-17,1,1307,10,Online - Nykaa
TXN-000248,SKU-0013,2024-07-21,3,1452,0,Online - Instagram
TXN-000249,SKU-0013,2024-07-24,1,1452,0,Online - Instagram
TXN-000250,SKU-0013,2024-07-28,3,1452,0,Store - Koramangala
TXN-000251,SKU-0013,2024-07-31,3,1452,0,Store - Indiranagar
TXN-000252,SKU-0013,2024-08-03,1,1307,10,Store - Indiranagar
TXN-000253,SKU-0013,2024-08-05,3,1452,0,Store - Indiranagar
TXN-000254,SKU-0013,2024-08-09,3,1452,0,Online - Instagram
TXN-000255,SKU-0013,2024-08-13,1,1307,10,Store - MG Road
TXN-000256,SKU-0013,2024-08-17,1,1452,0,Online - Website
TXN-000257,SKU-0013,2024-08-19,1,1452,0,Online - Website
TXN-000258,SKU-0013,2024-08-22,1,1452,0,Online - Nykaa
TXN-000259,SKU-0013,2024-08-25,3,1452,0,Store - Indiranagar
TXN-000260,SKU-0013,2024-08-29,1,1234,15,Online - Nykaa
TXN-000261,SKU-0013,2024-08-31,1,1452,0,Online - Website
TXN-000262,SKU-0013,2024-09-04,2,1452,0,Online - Nykaa
TXN-000263,SKU-0013,2024-09-07,1,1307,10,Store - Koramangala
TXN-000264,SKU-0013,2024-09-11,1,1452,0,Online - Instagram
TXN-000265,SKU-0013,2024-09-15,2,1452,0,Store - Indiranagar
TXN-000266,SKU-0013,2024-09-17,2,1452,0,Online - Nykaa
TXN-000267,SKU-0013,2024-09-21,3,1307,10,Store - Koramangala
TXN-000268,SKU-0013,2024-09-24,2,1452,0,Online - Instagram
TXN-000269,SKU-0013,2024-09-28,1,1452,0,Store - Koramangala
TXN-000270,SKU-0013,2024-10-01,2,1234,15,Store - MG Road
TXN-000271,SKU-0013,2024-10-03,2,1452,0,Online - Website
TXN-000272,SKU-0013,2024-10-07,2,1452,0,Online - Instagram
TXN-000273,SKU-0014,2024-08-09,1,1266,25,Store - Indiranagar
TXN-000274,SKU-0014,2024-08-14,3,1688,0,Store - Indiranagar
TXN-000275,SKU-0014,2024-08-18,3,1688,0,Store - MG Road
TXN-000276,SKU-0014,2024-08-21,1,1688,0,Online - Nykaa
TXN-000277,SKU-0014,2024-08-25,3,1688,0,Store - Indiranagar
TXN-000278,SKU-0014,2024-08-29,1,1688,0,Online - Instagram
TXN-000279,SKU-0014,2024-09-03,1,1688,0,Store - MG Road
TXN-000280,SKU-0014,2024-09-08,3,1688,0,Store - Indiranagar
TXN-000281,SKU-0014,2024-09-13,2,1688,0,Store - MG Road
TXN-000282,SKU-0014,2024-09-16,3,1266,25,Store - MG Road
TXN-000283,SKU-0014,2024-09-21,1,1519,10,Store - Indiranagar
TXN-000284,SKU-0014,2024-09-25,3,1688,0,Store - Indiranagar
TXN-000285,SKU-0014,2024-09-30,3,1519,10,Online - Website
TXN-000286,SKU-0014,2024-10-05,2,1435,15,Online - Instagram
TXN-000287,SKU-0014,2024-10-09,1,1688,0,Online - Website
TXN-000288,SKU-0014,2024-10-13,2,1688,0,Online - Website
TXN-000289,SKU-0014,2024-10-16,1,1688,0,Store - Indiranagar
TXN-000290,SKU-0015,2024-11-03,2,1342,0,Online - Instagram
TXN-000291,SKU-0015,2024-11-06,2,1342,0,Store - Indiranagar
TXN-000292,SKU-0015,2024-11-11,3,1342,0,Store - Indiranagar
TXN-000293,SKU-0015,2024-11-15,1,1074,20,Store - MG Road
TXN-000294,SKU-0015,2024-11-19,1,1342,0,Store - MG Road
TXN-000295,SKU-0015,2024-11-23,3,1342,0,Store - MG Road
TXN-000296,SKU-0015,2024-11-28,2,1342,0,Store - MG Road
TXN-000297,SKU-0016,2024-06-20,1,1434,0,Online - Nykaa
TXN-000298,SKU-0016,2024-06-24,1,1434,0,Online - Instagram
TXN-000299,SKU-0016,2024-06-26,2,1434,0,Store - Indiranagar
TXN-000300,SKU-0016,2024-06-29,2,1434,0,Online - Website
TXN-000301,SKU-0016,2024-07-01,2,1434,0,Online - Nykaa
TXN-000302,SKU-0016,2024-07-03,1,1291,10,Online - Website
TXN-000303,SKU-0016,2024-07-06,2,1434,0,Online - Nykaa
TXN-000304,SKU-0016,2024-07-10,3,1147,20,Online - Nykaa
TXN-000305,SKU-0016,2024-07-14,2,1434,0,Online - Instagram
TXN-000306,SKU-0016,2024-07-17,1,1434,0,Online - Instagram
TXN-000307,SKU-0016,2024-07-19,3,1434,0,Online - Website
TXN-000308,SKU-0016,2024-07-21,1,1434,0,Online - Website
TXN-000309,SKU-0016,2024-07-24,1,1434,0,Online - Website
TXN-000310,SKU-0016,2024-07-28,3,1434,0,Store - Koramangala
TXN-000311,SKU-0016,2024-07-30,1,1434,0,Store - MG Road
TXN-000312,SKU-0016,2024-08-03,2,1434,0,Online - Nykaa
TXN-000313,SKU-0016,2024-08-07,3,1219,15,Online - Nykaa
TXN-000314,SKU-0016,2024-08-10,3,1434,0,Online - Instagram
TXN-000315,SKU-0016,2024-08-13,1,1076,25,Store - Koramangala
TXN-000316,SKU-0016,2024-08-15,3,1434,0,Online - Website
TXN-000317,SKU-0016,2024-08-19,3,1291,10,Online - Instagram
TXN-000318,SKU-0016,2024-08-23,1,1434,0,Store - Koramangala
TXN-000319,SKU-0016,2024-08-26,3,1291,10,Store - Indiranagar
TXN-000320,SKU-0016,2024-08-28,3,1434,0,Store - Indiranagar
TXN-000321,SKU-0016,2024-08-30,2,1434,0,Store - Koramangala
TXN-000322,SKU-0016,2024-09-01,3,1434,0,Online - Nykaa
TXN-000323,SKU-0016,2024-09-05,1,1434,0,Online - Website
TXN-000324,SKU-0016,2024-09-09,2,1076,25,Store - Koramangala
TXN-000325,SKU-0016,2024-09-11,3,1434,0,Online - Website
TXN-000326,SKU-0016,2024-09-13,2,1434,0,Online - Nykaa
TXN-000327,SKU-0016,2024-09-15,1,1434,0,Online - Website
TXN-000328,SKU-0017,2024-10-21,3,1035,0,Online - Website
TXN-000329,SKU-0017,2024-10-24,3,932,10,Store - Koramangala
TXN-000330,SKU-0017,2024-10-29,3,1035,0,Store - Koramangala
TXN-000331,SKU-0017,2024-11-02,2,932,10,Online - Instagram
TXN-000332,SKU-0017,2024-11-06,3,1035,0,Online - Instagram
TXN-000333,SKU-0017,2024-11-10,2,1035,0,Online - Website
TXN-000334,SKU-0017,2024-11-13,3,932,10,Store - Koramangala
TXN-000335,SKU-0017,2024-11-17,3,1035,0,Store - Koramangala
TXN-000336,SKU-0017,2024-11-22,1,776,25,Online - Website
TXN-000337,SKU-0017,2024-11-26,2,1035,0,Store - Koramangala
TXN-000338,SKU-0017,2024-12-01,1,1035,0,Online - Nykaa
TXN-000339,SKU-0018,2024-10-05,1,1255,20,Online - Website
TXN-000340,SKU-0018,2024-10-14,1,1569,0,Store - Indiranagar
TXN-000341,SKU-0018,2024-10-23,2,1569,0,Online - Nykaa
TXN-000342,SKU-0018,2024-11-01,2,1569,0,Store - MG Road
TXN-000343,SKU-0018,2024-11-09,1,1569,0,Store - Koramangala
TXN-000344,SKU-0018,2024-11-16,2,1569,0,Online - Instagram
TXN-000345,SKU-0018,2024-11-23,3,1569,0,Online - Instagram
TXN-000346,SKU-0018,2024-11-30,1,1569,0,Store - MG Road
TXN-000347,SKU-0019,2024-07-12,1,1174,0,Online - Website
TXN-000348,SKU-0019,2024-07-18,2,1174,0,Store - MG Road
TXN-000349,SKU-0019,2024-07-24,3,1174,0,Store - Indiranagar
TXN-000350,SKU-0019,2024-07-29,1,1174,0,Store - MG Road
TXN-000351,SKU-0019,2024-08-05,1,1174,0,Store - Koramangala
TXN-000352,SKU-0019,2024-08-10,1,1174,0,Online - Website
TXN-000353,SKU-0019,2024-08-16,1,1174,0,Online - Instagram
TXN-000354,SKU-0019,2024-08-22,1,1174,0,Store - Indiranagar
TXN-000355,SKU-0019,2024-08-27,1,1174,0,Online - Nykaa
TXN-000356,SKU-0019,2024-09-03,2,1174,0,Store - Koramangala
TXN-000357,SKU-0019,2024-09-10,2,1174,0,Online - Website
TXN-000358,SKU-0019,2024-09-15,3,1174,0,Store - Koramangala
TXN-000359,SKU-0019,2024-09-22,1,1174,0,Online - Instagram
TXN-000360,SKU-0019,2024-09-28,3,1174,0,Online - Instagram
TXN-000361,SKU-0019,2024-10-04,2,1174,0,Online - Website
TXN-000362,SKU-0019,2024-10-10,2,1174,0,Online - Nykaa
TXN-000363,SKU-0020,2024-06-16,2,1405,0,Online - Instagram
TXN-000364,SKU-0020,2024-06-18,3,1405,0,Online - Instagram
TXN-000365,SKU-0020,2024-06-19,2,1405,0,Store - MG Road
TXN-000366,SKU-0020,2024-06-21,1,1264,10,Online - Instagram
TXN-000367,SKU-0020,2024-06-24,3,1054,25,Online - Nykaa
TXN-000368,SKU-0020,2024-06-27,1,1405,0,Online - Instagram
TXN-000369,SKU-0020,2024-06-28,3,1405,0,Online - Nykaa
TXN-000370,SKU-0020,2024-06-30,2,1405,0,Store - Koramangala
TXN-000371,SKU-0020,2024-07-02,2,1405,0,Store - MG Road
TXN-000372,SKU-0020,2024-07-05,3,1264,10,Online - Website
TXN-000373,SKU-0020,2024-07-08,2,1405,0,Store - Indiranagar
TXN-000374,SKU-0020,2024-07-09,2,1405,0,Online - Instagram
TXN-000375,SKU-0020,2024-07-11,1,1405,0,Online - Nykaa
TXN-000376,SKU-0020,2024-07-14,3,1124,20,Online - Instagram
TXN-000377,SKU-0020,2024-07-17,3,1405,0,Store - MG Road
TXN-000378,SKU-0020,2024-07-19,1,1264,10,Online - Nykaa
TXN-000379,SKU-0020,2024-07-22,1,1264,10,Store - Koramangala
TXN-000380,SKU-0020,2024-07-24,3,1405,0,Online - Nykaa
TXN-000381,SKU-0020,2024-07-27,3,1405,0,Store - Indiranagar
TXN-000382,SKU-0020,2024-07-28,3,1405,0,Online - Website
TXN-000383,SKU-0020,2024-07-31,2,1405,0,Store - Koramangala
TXN-000384,SKU-0020,2024-08-03,3,1405,0,Online - Website
TXN-000385,SKU-0020,2024-08-06,1,1405,0,Online - Nykaa
TXN-000386,SKU-0020,2024-08-09,1,1405,0,Online - Nykaa
TXN-000387,SKU-0020,2024-08-10,1,1194,15,Online - Instagram
TXN-000388,SKU-0020,2024-08-12,1,1194,15,Store - MG Road
TXN-000389,SKU-0020,2024-08-13,1,1405,0,Online - Instagram
TXN-000390,SKU-0020,2024-08-14,1,1124,20,Store - MG Road
TXN-000391,SKU-0020,2024-08-15,2,1264,10,Online - Instagram
TXN-000392,SKU-0020,2024-08-16,1,1405,0,Online - Instagram
TXN-000393,SKU-0020,2024-08-19,1,1124,20,Store - Indiranagar
TXN-000394,SKU-0020,2024-08-21,1,1405,0,Online - Website
TXN-000395,SKU-0020,2024-08-23,3,1405,0,Store - MG Road
TXN-000396,SKU-0020,2024-08-26,3,1264,10,Store - MG Road
TXN-000397,SKU-0020,2024-08-27,2,1054,25,Store - Koramangala
TXN-000398,SKU-0020,2024-08-29,2,1405,0,Online - Instagram
TXN-000399,SKU-0020,2024-08-30,1,1405,0,Online - Website
TXN-000400,SKU-0020,2024-09-01,2,1264,10,Store - Indiranagar
TXN-000401,SKU-0020,2024-09-03,3,1405,0,Online - Website
TXN-000402,SKU-0020,2024-09-06,1,1405,0,Store - MG Road
TXN-000403,SKU-0020,2024-09-09,3,1264,10,Online - Nykaa
TXN-000404,SKU-0020,2024-09-11,2,1124,20,Online - Nykaa
TXN-000405,SKU-0020,2024-09-12,1,1405,0,Online - Instagram
TXN-000406,SKU-0020,2024-09-15,2,1405,0,Online - Website
TXN-000407,SKU-0020,2024-09-18,3,1405,0,Online - Website
TXN-000408,SKU-0020,2024-09-21,1,1405,0,Online - Nykaa
TXN-000409,SKU-0020,2024-09-23,3,1405,0,Store - Koramangala
TXN-000410,SKU-0020,2024-09-25,1,1405,0,Online - Website
TXN-000411,SKU-0020,2024-09-27,2,1405,0,Store - Koramangala
TXN-000412,SKU-0020,2024-09-28,2,1405,0,Online - Instagram
TXN-000413,SKU-0020,2024-09-29,2,1194,15,Store - MG Road
TXN-000414,SKU-0021,2024-09-20,3,1613,0,Online - Instagram
TXN-000415,SKU-0021,2024-09-21,3,1613,0,Store - MG Road
TXN-000416,SKU-0021,2024-09-22,1,1613,0,Store - Koramangala
TXN-000417,SKU-0021,2024-09-23,2,1613,0,Store - Koramangala
TXN-000418,SKU-0021,2024-09-25,3,1452,10,Online - Website
TXN-000419,SKU-0021,2024-09-28,2,1613,0,Online - Nykaa
TXN-000420,SKU-0021,2024-09-29,1,1452,10,Store - Indiranagar
TXN-000421,SKU-0021,2024-09-30,1,1613,0,Online - Website
TXN-000422,SKU-0021,2024-10-01,2,1613,0,Store - MG Road
TXN-000423,SKU-0021,2024-10-02,2,1613,0,Store - Indiranagar
TXN-000424,SKU-0021,2024-10-03,2,1371,15,Online - Nykaa
TXN-000425,SKU-0021,2024-10-05,2,1613,0,Online - Instagram
TXN-000426,SKU-0021,2024-10-07,3,1613,0,Store - Koramangala
TXN-000427,SKU-0021,2024-10-08,3,1613,0,Store - MG Road
TXN-000428,SKU-0021,2024-10-09,1,1613,0,Store - MG Road
TXN-000429,SKU-0021,2024-10-10,1,1613,0,Online - Instagram
TXN-000430,SKU-0021,2024-10-13,2,1371,15,Store - Indiranagar
TXN-000431,SKU-0021,2024-10-14,3,1452,10,Store - MG Road
TXN-000432,SKU-0021,2024-10-16,3,1613,0,Store - Indiranagar
TXN-000433,SKU-0021,2024-10-19,1,1613,0,Online - Website
TXN-000434,SKU-0021,2024-10-22,2,1613,0,Online - Nykaa
TXN-000435,SKU-0021,2024-10-23,2,1613,0,Online - Instagram
TXN-000436,SKU-0021,2024-10-24,3,1613,0,Store - Indiranagar
TXN-000437,SKU-0021,2024-10-26,2,1613,0,Store - Indiranagar
TXN-000438,SKU-0021,2024-10-27,1,1613,0,Online - Website
TXN-000439,SKU-0021,2024-10-30,1,1613,0,Store - Indiranagar
TXN-000440,SKU-0021,2024-10-31,3,1613,0,Online - Website
TXN-000441,SKU-0021,2024-11-01,3,1613,0,Store - Indiranagar
TXN-000442,SKU-0021,2024-11-04,2,1452,10,Online - Website
TXN-000443,SKU-0021,2024-11-06,1,1613,0,Store - MG Road
TXN-000444,SKU-0021,2024-11-09,3,1613,0,Store - MG Road
TXN-000445,SKU-0021,2024-11-11,1,1613,0,Online - Nykaa
TXN-000446,SKU-0021,2024-11-12,2,1371,15,Online - Nykaa
TXN-000447,SKU-0021,2024-11-13,2,1371,15,Store - MG Road
TXN-000448,SKU-0022,2024-10-10,3,1217,0,Online - Nykaa
TXN-000449,SKU-0022,2024-10-13,1,1217,0,Store - Koramangala
TXN-000450,SKU-0022,2024-10-14,3,1217,0,Store - Indiranagar
TXN-000451,SKU-0022,2024-10-17,1,1217,0,Store - MG Road
TXN-000452,SKU-0022,2024-10-18,2,1217,0,Store - Indiranagar
TXN-000453,SKU-0022,2024-10-21,2,1217,0,Store - Koramangala
TXN-000454,SKU-0022,2024-10-23,3,1217,0,Online - Nykaa
TXN-000455,SKU-0022,2024-10-26,2,1217,0,Store - Koramangala
TXN-000456,SKU-0022,2024-10-28,3,974,20,Store - MG Road
TXN-000457,SKU-0022,2024-10-31,1,1217,0,Store - Koramangala
TXN-000458,SKU-0022,2024-11-03,2,1217,0,Online - Instagram
TXN-000459,SKU-0022,2024-11-06,2,1217,0,Store - MG Road
TXN-000460,SKU-0022,2024-11-09,2,1217,0,Store - Indiranagar
TXN-000461,SKU-0022,2024-11-12,2,1217,0,Online - Nykaa
TXN-000462,SKU-0022,2024-11-13,3,1034,15,Store - Indiranagar
TXN-000463,SKU-0022,2024-11-14,2,1217,0,Online - Instagram
TXN-000464,SKU-0022,2024-11-15,2,1217,0,Store - MG Road
TXN-000465,SKU-0022,2024-11-17,3,1217,0,Store - Koramangala
TXN-000466,SKU-0022,2024-11-19,2,1217,0,Store - Koramangala
TXN-000467,SKU-0022,2024-11-21,1,1217,0,Store - Indiranagar
TXN-000468,SKU-0022,2024-11-22,2,1217,0,Online - Instagram
TXN-000469,SKU-0022,2024-11-25,3,974,20,Online - Instagram
TXN-000470,SKU-0022,2024-11-28,3,1217,0,Store - MG Road
TXN-000471,SKU-0022,2024-11-29,3,1217,0,Online - Instagram
TXN-000472,SKU-0023,2024-07-28,3,1318,20,Online - Instagram
TXN-000473,SKU-0023,2024-08-30,1,1648,0,Store - Koramangala
TXN-000474,SKU-0024,2024-09-26,1,1079,0,Store - MG Road
TXN-000475,SKU-0024,2024-10-01,1,809,25,Store - Koramangala
TXN-000476,SKU-0024,2024-10-06,2,1079,0,Online - Instagram
TXN-000477,SKU-0024,2024-10-11,1,863,20,Store - MG Road
TXN-000478,SKU-0024,2024-10-16,2,1079,0,Online - Instagram
TXN-000479,SKU-0024,2024-10-20,3,1079,0,Store - Koramangala
TXN-000480,SKU-0024,2024-10-25,2,1079,0,Store - Koramangala
TXN-000481,SKU-0024,2024-10-29,3,917,15,Store - Indiranagar
TXN-000482,SKU-0024,2024-11-01,2,917,15,Online - Nykaa
TXN-000483,SKU-0024,2024-11-04,2,1079,0,Online - Website
TXN-000484,SKU-0024,2024-11-08,1,1079,0,Store - Indiranagar
TXN-000485,SKU-0024,2024-11-12,3,917,15,Online - Nykaa
TXN-000486,SKU-0024,2024-11-15,2,1079,0,Store - Koramangala
TXN-000487,SKU-0024,2024-11-19,2,1079,0,Online - Instagram
TXN-000488,SKU-0024,2024-11-22,2,1079,0,Online - Nykaa
TXN-000489,SKU-0024,2024-11-25,1,971,10,Online - Nykaa
TXN-000490,SKU-0024,2024-11-29,2,1079,0,Store - Koramangala
TXN-000491,SKU-0025,2024-06-26,1,1072,0,Online - Instagram
TXN-000492,SKU-0025,2024-06-29,1,804,25,Online - Nykaa
TXN-000493,SKU-0025,2024-07-01,3,1072,0,Store - MG Road
TXN-000494,SKU-0025,2024-07-03,2,1072,0,Store - MG Road
TXN-000495,SKU-0025,2024-07-07,2,965,10,Online - Instagram
TXN-000496,SKU-0025,2024-07-10,3,965,10,Store - Koramangala
TXN-000497,SKU-0025,2024-07-13,1,1072,0,Store - MG Road
TXN-000498,SKU-0025,2024-07-17,1,1072,0,Online - Website
TXN-000499,SKU-0025,2024-07-19,2,1072,0,Store - Koramangala
TXN-000500,SKU-0025,2024-07-21,2,1072,0,Online - Website
TXN-000501,SKU-0025,2024-07-24,2,1072,0,Store - Indiranagar
TXN-000502,SKU-0025,2024-07-27,1,1072,0,Store - Indiranagar
TXN-000503,SKU-0025,2024-07-30,1,1072,0,Store - Koramangala
TXN-000504,SKU-0025,2024-08-03,1,1072,0,Store - Indiranagar
TXN-000505,SKU-0025,2024-08-07,2,1072,0,Store - Indiranagar
TXN-000506,SKU-0025,2024-08-10,2,1072,0,Store - Indiranagar
TXN-000507,SKU-0025,2024-08-13,3,965,10,Online - Instagram
TXN-000508,SKU-0025,2024-08-16,1,911,15,Store - MG Road
TXN-000509,SKU-0025,2024-08-19,3,1072,0,Store - Indiranagar
TXN-000510,SKU-0025,2024-08-22,1,1072,0,Online - Website
TXN-000511,SKU-0025,2024-08-25,3,1072,0,Online - Instagram
TXN-000512,SKU-0025,2024-08-29,2,804,25,Online - Instagram
TXN-000513,SKU-0025,2024-08-31,1,1072,0,Store - Koramangala
TXN-000514,SKU-0025,2024-09-03,3,1072,0,Online - Website
TXN-000515,SKU-0025,2024-09-07,2,1072,0,Online - Instagram
TXN-000516,SKU-0025,2024-09-11,2,1072,0,Store - MG Road
TXN-000517,SKU-0025,2024-09-14,2,965,10,Online - Instagram
TXN-000518,SKU-0025,2024-09-17,3,804,25,Online - Instagram
TXN-000519,SKU-0025,2024-09-20,3,1072,0,Online - Instagram
TXN-000520,SKU-0025,2024-09-23,3,1072,0,Store - Koramangala
TXN-000521,SKU-0025,2024-09-25,2,911,15,Online - Nykaa
TXN-000522,SKU-0025,2024-09-27,1,1072,0,Online - Nykaa
TXN-000523,SKU-0025,2024-09-29,2,1072,0,Online - Nykaa
TXN-000524,SKU-0026,2024-08-13,1,984,10,Store - Koramangala
TXN-000525,SKU-0026,2024-08-16,1,984,10,Online - Website
TXN-000526,SKU-0026,2024-08-19,3,1093,0,Store - Indiranagar
TXN-000527,SKU-0026,2024-08-23,1,1093,0,Online - Instagram
TXN-000528,SKU-0026,2024-08-28,3,1093,0,Store - Indiranagar
TXN-000529,SKU-0026,2024-08-31,1,1093,0,Online - Instagram
TXN-000530,SKU-0026,2024-09-04,1,1093,0,Online - Instagram
TXN-000531,SKU-0026,2024-09-09,1,1093,0,Store - Koramangala
TXN-000532,SKU-0026,2024-09-13,2,1093,0,Store - Indiranagar
TXN-000533,SKU-0026,2024-09-16,3,1093,0,Store - Koramangala
TXN-000534,SKU-0026,2024-09-20,1,1093,0,Online - Nykaa
TXN-000535,SKU-0026,2024-09-25,3,874,20,Online - Nykaa
TXN-000536,SKU-0026,2024-09-29,3,984,10,Online - Instagram
TXN-000537,SKU-0026,2024-10-04,2,1093,0,Store - Koramangala
TXN-000538,SKU-0026,2024-10-09,3,1093,0,Store - Indiranagar
TXN-000539,SKU-0026,2024-10-12,1,1093,0,Store - Koramangala
TXN-000540,SKU-0026,2024-10-16,3,984,10,Store - MG Road
TXN-000541,SKU-0027,2024-08-20,3,1352,0,Store - Indiranagar
TXN-000542,SKU-0027,2024-08-24,2,1217,10,Online - Instagram
TXN-000543,SKU-0027,2024-08-27,1,1352,0,Store - Indiranagar
TXN-000544,SKU-0027,2024-09-01,1,1352,0,Online - Instagram
TXN-000545,SKU-0027,2024-09-06,1,1352,0,Store - Koramangala
TXN-000546,SKU-0027,2024-09-10,2,1352,0,Online - Website
TXN-000547,SKU-0027,2024-09-14,3,1352,0,Store - MG Road
TXN-000548,SKU-0027,2024-09-19,2,1352,0,Store - Indiranagar
TXN-000549,SKU-0027,2024-09-22,3,1352,0,Online - Nykaa
TXN-000550,SKU-0027,2024-09-27,1,1352,0,Online - Nykaa
TXN-000551,SKU-0027,2024-10-01,1,1352,0,Online - Nykaa
TXN-000552,SKU-0027,2024-10-04,2,1352,0,Online - Website
TXN-000553,SKU-0027,2024-10-08,1,1352,0,Store - MG Road
TXN-000554,SKU-0027,2024-10-11,2,1082,20,Store - Indiranagar
TXN-000555,SKU-0027,2024-10-16,1,1352,0,Online - Nykaa
TXN-000556,SKU-0027,2024-10-20,1,1149,15,Store - Indiranagar
TXN-000557,SKU-0027,2024-10-23,1,1352,0,Store - MG Road
TXN-000558,SKU-0027,2024-10-27,1,1352,0,Online - Website
TXN-000559,SKU-0027,2024-10-31,2,1352,0,Store - Koramangala
TXN-000560,SKU-0028,2024-08-28,1,1275,15,Store - Indiranagar
TXN-000561,SKU-0028,2024-08-31,1,1500,0,Online - Instagram
TXN-000562,SKU-0028,2024-09-02,2,1350,10,Store - Koramangala
TXN-000563,SKU-0028,2024-09-05,1,1275,15,Store - MG Road
TXN-000564,SKU-0028,2024-09-07,1,1500,0,Store - Koramangala
TXN-000565,SKU-0028,2024-09-11,1,1350,10,Store - Koramangala
TXN-000566,SKU-0028,2024-09-13,2,1500,0,Online - Instagram
TXN-000567,SKU-0028,2024-09-15,2,1500,0,Store - MG Road
TXN-000568,SKU-0028,2024-09-17,2,1500,0,Store - Indiranagar
TXN-000569,SKU-0028,2024-09-19,3,1500,0,Online - Website
TXN-000570,SKU-0028,2024-09-23,1,1500,0,Store - Indiranagar
TXN-000571,SKU-0028,2024-09-26,2,1500,0,Store - Indiranagar
TXN-000572,SKU-0028,2024-09-28,1,1500,0,Store - Koramangala
TXN-000573,SKU-0028,2024-09-30,2,1200,20,Online - Instagram
TXN-000574,SKU-0028,2024-10-03,1,1275,15,Online - Website
TXN-000575,SKU-0028,2024-10-05,1,1500,0,Online - Instagram
TXN-000576,SKU-0028,2024-10-08,2,1500,0,Online - Website
TXN-000577,SKU-0028,2024-10-11,2,1125,25,Online - Nykaa
TXN-000578,SKU-0028,2024-10-15,1,1350,10,Online - Website
TXN-000579,SKU-0028,2024-10-18,3,1200,20,Online - Website
TXN-000580,SKU-0028,2024-10-21,2,1500,0,Store - Indiranagar
TXN-000581,SKU-0028,2024-10-23,2,1500,0,Online - Website
TXN-000582,SKU-0028,2024-10-26,2,1500,0,Store - Koramangala
TXN-000583,SKU-0028,2024-10-29,2,1500,0,Store - Koramangala
TXN-000584,SKU-0028,2024-11-01,2,1275,15,Online - Nykaa
TXN-000585,SKU-0029,2024-11-11,2,1560,0,Online - Nykaa
TXN-000586,SKU-0030,2024-10-12,2,1601,0,Online - Nykaa
TXN-000587,SKU-0030,2024-10-13,1,1601,0,Store - Indiranagar
TXN-000588,SKU-0030,2024-10-14,3,1601,0,Online - Instagram
TXN-000589,SKU-0030,2024-10-16,2,1601,0,Online - Instagram
TXN-000590,SKU-0030,2024-10-18,1,1441,10,Store - MG Road
TXN-000591,SKU-0030,2024-10-19,3,1601,0,Store - Koramangala
TXN-000592,SKU-0030,2024-10-20,3,1601,0,Online - Nykaa
TXN-000593,SKU-0030,2024-10-22,2,1601,0,Store - MG Road
TXN-000594,SKU-0030,2024-10-24,1,1601,0,Online - Website
TXN-000595,SKU-0030,2024-10-25,2,1601,0,Online - Nykaa
TXN-000596,SKU-0030,2024-10-28,3,1601,0,Online - Website
TXN-000597,SKU-0030,2024-10-29,2,1601,0,Store - Koramangala
TXN-000598,SKU-0030,2024-10-30,2,1441,10,Online - Website
TXN-000599,SKU-0030,2024-10-31,2,1601,0,Online - Instagram
TXN-000600,SKU-0030,2024-11-02,2,1601,0,Online - Nykaa
TXN-000601,SKU-0030,2024-11-04,2,1281,20,Store - MG Road
TXN-000602,SKU-0030,2024-11-05,2,1601,0,Online - Instagram
TXN-000603,SKU-0030,2024-11-06,2,1601,0,Online - Instagram
TXN-000604,SKU-0030,2024-11-08,2,1601,0,Store - Indiranagar
TXN-000605,SKU-0030,2024-11-10,3,1601,0,Online - Nykaa
TXN-000606,SKU-0030,2024-11-12,1,1601,0,Store - MG Road
TXN-000607,SKU-0030,2024-11-15,1,1601,0,Store - MG Road
TXN-000608,SKU-0031,2024-06-23,2,1080,0,Store - Indiranagar
TXN-000609,SKU-0031,2024-06-24,3,972,10,Store - MG Road
TXN-000610,SKU-0031,2024-06-26,3,1080,0,Store - MG Road
TXN-000611,SKU-0031,2024-06-27,2,1080,0,Store - MG Road
TXN-000612,SKU-0031,2024-06-28,2,1080,0,Store - Koramangala
TXN-000613,SKU-0031,2024-06-30,1,1080,0,Online - Instagram
TXN-000614,SKU-0031,2024-07-02,1,918,15,Online - Nykaa
TXN-000615,SKU-0031,2024-07-04,3,972,10,Store - Koramangala
TXN-000616,SKU-0031,2024-07-06,2,1080,0,Store - MG Road
TXN-000617,SKU-0031,2024-07-09,1,1080,0,Online - Website
TXN-000618,SKU-0031,2024-07-11,3,1080,0,Online - Instagram
TXN-000619,SKU-0031,2024-07-14,2,972,10,Online - Instagram
TXN-000620,SKU-0031,2024-07-15,2,1080,0,Store - Indiranagar
TXN-000621,SKU-0031,2024-07-16,1,1080,0,Online - Instagram
TXN-000622,SKU-0031,2024-07-17,3,1080,0,Store - Indiranagar
TXN-000623,SKU-0031,2024-07-20,2,1080,0,Online - Website
TXN-000624,SKU-0031,2024-07-22,3,1080,0,Store - Indiranagar
TXN-000625,SKU-0031,2024-07-23,1,1080,0,Store - Indiranagar
TXN-000626,SKU-0031,2024-07-26,1,1080,0,Store - Indiranagar
TXN-000627,SKU-0031,2024-07-29,2,972,10,Online - Nykaa
TXN-000628,SKU-0031,2024-07-30,1,1080,0,Online - Website
TXN-000629,SKU-0031,2024-07-31,1,1080,0,Store - Indiranagar
TXN-000630,SKU-0031,2024-08-03,2,1080,0,Online - Website
TXN-000631,SKU-0031,2024-08-06,3,1080,0,Online - Website
TXN-000632,SKU-0031,2024-08-07,2,1080,0,Store - Koramangala
TXN-000633,SKU-0031,2024-08-09,1,1080,0,Online - Nykaa
TXN-000634,SKU-0031,2024-08-10,1,1080,0,Store - Koramangala
TXN-000635,SKU-0031,2024-08-13,1,1080,0,Online - Instagram
TXN-000636,SKU-0031,2024-08-14,3,1080,0,Online - Nykaa
TXN-000637,SKU-0031,2024-08-16,1,1080,0,Store - Indiranagar
TXN-000638,SKU-0031,2024-08-17,1,1080,0,Online - Website
TXN-000639,SKU-0031,2024-08-18,2,1080,0,Online - Website
TXN-000640,SKU-0031,2024-08-21,1,810,25,Store - Indiranagar
TXN-000641,SKU-0031,2024-08-22,3,864,20,Store - Indiranagar
TXN-000642,SKU-0031,2024-08-24,3,864,20,Online - Website
TXN-000643,SKU-0031,2024-08-25,1,1080,0,Store - MG Road
TXN-000644,SKU-0031,2024-08-26,3,1080,0,Store - MG Road
TXN-000645,SKU-0031,2024-08-29,2,1080,0,Online - Nykaa
TXN-000646,SKU-0031,2024-09-01,2,1080,0,Online - Website
TXN-000647,SKU-0031,2024-09-03,3,1080,0,Online - Website
TXN-000648,SKU-0031,2024-09-04,3,1080,0,Online - Website
TXN-000649,SKU-0031,2024-09-05,3,1080,0,Online - Nykaa
TXN-000650,SKU-0031,2024-09-07,3,864,20,Store - MG Road
TXN-000651,SKU-0031,2024-09-10,2,972,10,Online - Website
TXN-000652,SKU-0031,2024-09-11,1,1080,0,Store - Indiranagar
TXN-000653,SKU-0031,2024-09-14,2,864,20,Online - Website
TXN-000654,SKU-0031,2024-09-15,2,1080,0,Store - Indiranagar
TXN-000655,SKU-0031,2024-09-16,3,1080,0,Store - Koramangala
TXN-000656,SKU-0031,2024-09-18,2,1080,0,Store - Indiranagar
TXN-000657,SKU-0031,2024-09-19,2,1080,0,Online - Instagram
TXN-000658,SKU-0031,2024-09-20,3,1080,0,Store - Indiranagar
TXN-000659,SKU-0031,2024-09-21,3,972,10,Store - Koramangala
TXN-000660,SKU-0031,2024-09-24,2,918,15,Store - MG Road
TXN-000661,SKU-0031,2024-09-26,1,972,10,Store - Koramangala
TXN-000662,SKU-0031,2024-09-28,2,864,20,Online - Instagram
TXN-000663,SKU-0031,2024-09-29,2,918,15,Store - Indiranagar
TXN-000664,SKU-0031,2024-10-02,1,1080,0,Online - Nykaa
TXN-000665,SKU-0031,2024-10-05,3,1080,0,Online - Instagram
TXN-000666,SKU-0031,2024-10-06,3,972,10,Online - Nykaa
TXN-000667,SKU-0031,2024-10-07,3,1080,0,Online - Nykaa
TXN-000668,SKU-0031,2024-10-08,1,1080,0,Store - Indiranagar
TXN-000669,SKU-0032,2024-06-07,3,1574,0,Store - MG Road
TXN-000670,SKU-0032,2024-06-08,3,1259,20,Online - Nykaa
TXN-000671,SKU-0032,2024-06-11,2,1574,0,Store - MG Road
TXN-000672,SKU-0032,2024-06-12,3,1338,15,Store - Indiranagar
TXN-000673,SKU-0032,2024-06-14,2,1574,0,Store - Koramangala
TXN-000674,SKU-0032,2024-06-15,1,1574,0,Online - Instagram
TXN-000675,SKU-0032,2024-06-16,2,1574,0,Store - MG Road
TXN-000676,SKU-0032,2024-06-17,1,1574,0,Online - Instagram
TXN-000677,SKU-0032,2024-06-20,1,1259,20,Store - Koramangala
TXN-000678,SKU-0032,2024-06-23,3,1417,10,Store - MG Road
TXN-000679,SKU-0032,2024-06-24,2,1574,0,Online - Instagram
TXN-000680,SKU-0032,2024-06-25,3,1574,0,Store - Indiranagar
TXN-000681,SKU-0032,2024-06-27,3,1338,15,Store - MG Road
TXN-000682,SKU-0032,2024-06-30,2,1574,0,Online - Website
TXN-000683,SKU-0032,2024-07-03,2,1574,0,Online - Website
TXN-000684,SKU-0032,2024-07-05,2,1338,15,Online - Nykaa
TXN-000685,SKU-0032,2024-07-06,2,1574,0,Store - MG Road
TXN-000686,SKU-0032,2024-07-07,3,1574,0,Store - MG Road
TXN-000687,SKU-0032,2024-07-08,3,1417,10,Store - Koramangala
TXN-000688,SKU-0032,2024-07-09,3,1574,0,Online - Nykaa
TXN-000689,SKU-0032,2024-07-11,1,1574,0,Online - Website
TXN-000690,SKU-0032,2024-07-12,2,1574,0,Online - Instagram
TXN-000691,SKU-0032,2024-07-15,1,1574,0,Store - MG Road
TXN-000692,SKU-0032,2024-07-16,1,1417,10,Store - Koramangala
TXN-000693,SKU-0032,2024-07-19,2,1574,0,Store - Indiranagar
TXN-000694,SKU-0032,2024-07-22,1,1574,0,Store - Indiranagar
TXN-000695,SKU-0032,2024-07-25,2,1574,0,Store - MG Road
TXN-000696,SKU-0032,2024-07-26,3,1338,15,Online - Instagram
TXN-000697,SKU-0032,2024-07-29,3,1574,0,Online - Website
TXN-000698,SKU-0032,2024-07-30,2,1574,0,Online - Instagram
TXN-000699,SKU-0032,2024-07-31,1,1574,0,Online - Instagram
TXN-000700,SKU-0032,2024-08-01,2,1574,0,Store - Koramangala
TXN-000701,SKU-0032,2024-08-03,1,1338,15,Store - Koramangala
TXN-000702,SKU-0032,2024-08-06,3,1574,0,Online - Website
TXN-000703,SKU-0032,2024-08-07,3,1574,0,Online - Website
TXN-000704,SKU-0032,2024-08-08,3,1574,0,Store - Koramangala
TXN-000705,SKU-0032,2024-08-09,1,1574,0,Online - Nykaa
TXN-000706,SKU-0032,2024-08-10,2,1574,0,Store - Koramangala
TXN-000707,SKU-0032,2024-08-12,3,1574,0,Store - Indiranagar
TXN-000708,SKU-0032,2024-08-14,3,1574,0,Store - Koramangala
TXN-000709,SKU-0032,2024-08-17,1,1574,0,Online - Website
TXN-000710,SKU-0032,2024-08-19,3,1574,0,Online - Website
TXN-000711,SKU-0032,2024-08-21,2,1574,0,Store - MG Road
TXN-000712,SKU-0032,2024-08-24,1,1574,0,Store - Koramangala
TXN-000713,SKU-0032,2024-08-27,2,1574,0,Online - Website
TXN-000714,SKU-0032,2024-08-29,3,1259,20,Store - MG Road
TXN-000715,SKU-0032,2024-08-31,3,1574,0,Online - Website
TXN-000716,SKU-0032,2024-09-01,2,1574,0,Store - MG Road
TXN-000717,SKU-0032,2024-09-02,2,1574,0,Online - Website
TXN-000718,SKU-0033,2024-09-25,2,1158,10,Online - Instagram
TXN-000719,SKU-0033,2024-09-27,1,1287,0,Online - Instagram
TXN-000720,SKU-0033,2024-09-28,3,1158,10,Store - Koramangala
TXN-000721,SKU-0033,2024-10-01,3,1287,0,Online - Instagram
TXN-000722,SKU-0033,2024-10-03,2,965,25,Store - Koramangala
TXN-000723,SKU-0033,2024-10-05,2,1158,10,Online - Instagram
TXN-000724,SKU-0033,2024-10-07,2,1287,0,Store - Koramangala
TXN-000725,SKU-0033,2024-10-10,2,1287,0,Store - Koramangala
TXN-000726,SKU-0033,2024-10-13,1,1287,0,Store - MG Road
TXN-000727,SKU-0033,2024-10-16,1,1287,0,Online - Website
TXN-000728,SKU-0033,2024-10-18,3,1287,0,Online - Website
TXN-000729,SKU-0033,2024-10-20,3,1287,0,Store - Indiranagar
TXN-000730,SKU-0033,2024-10-21,3,1287,0,Online - Nykaa
TXN-000731,SKU-0033,2024-10-23,3,1287,0,Online - Website
TXN-000732,SKU-0033,2024-10-24,1,1287,0,Online - Instagram
TXN-000733,SKU-0033,2024-10-27,3,1287,0,Store - MG Road
TXN-000734,SKU-0033,2024-10-28,2,1158,10,Store - Koramangala
TXN-000735,SKU-0033,2024-10-30,1,1287,0,Store - MG Road
TXN-000736,SKU-0033,2024-11-02,1,1287,0,Store - MG Road
TXN-000737,SKU-0033,2024-11-03,2,1287,0,Store - Koramangala
TXN-000738,SKU-0033,2024-11-06,2,1287,0,Store - Koramangala
TXN-000739,SKU-0033,2024-11-09,3,1287,0,Store - Indiranagar
TXN-000740,SKU-0033,2024-11-10,3,965,25,Store - MG Road
TXN-000741,SKU-0033,2024-11-11,1,1287,0,Online - Nykaa
TXN-000742,SKU-0033,2024-11-13,1,1287,0,Online - Instagram
TXN-000743,SKU-0033,2024-11-14,3,1287,0,Online - Nykaa
TXN-000744,SKU-0033,2024-11-16,3,1287,0,Online - Nykaa
TXN-000745,SKU-0033,2024-11-18,2,1287,0,Store - Koramangala
TXN-000746,SKU-0033,2024-11-21,3,1287,0,Online - Nykaa
TXN-000747,SKU-0033,2024-11-23,2,1287,0,Online - Website
TXN-000748,SKU-0034,2024-10-28,3,1347,0,Online - Nykaa
TXN-000749,SKU-0034,2024-10-31,2,1347,0,Store - Koramangala
TXN-000750,SKU-0034,2024-11-02,2,1347,0,Online - Instagram
TXN-000751,SKU-0034,2024-11-03,3,1347,0,Online - Nykaa
TXN-000752,SKU-0034,2024-11-04,1,1347,0,Online - Instagram
TXN-000753,SKU-0034,2024-11-06,3,1347,0,Store - Indiranagar
TXN-000754,SKU-0034,2024-11-08,2,1347,0,Online - Instagram
TXN-000755,SKU-0034,2024-11-11,3,1347,0,Store - Indiranagar
TXN-000756,SKU-0034,2024-11-14,2,1347,0,Online - Instagram
TXN-000757,SKU-0034,2024-11-16,3,1347,0,Store - Indiranagar
TXN-000758,SKU-0034,2024-11-18,1,1347,0,Store - Koramangala
TXN-000759,SKU-0034,2024-11-19,3,1347,0,Online - Nykaa
TXN-000760,SKU-0034,2024-11-20,3,1347,0,Online - Nykaa
TXN-000761,SKU-0034,2024-11-23,2,1347,0,Store - Indiranagar
TXN-000762,SKU-0034,2024-11-26,1,1347,0,Online - Nykaa
TXN-000763,SKU-0034,2024-11-29,2,1078,20,Store - Indiranagar
TXN-000764,SKU-0035,2024-06-13,2,1699,0,Online - Nykaa
TXN-000765,SKU-0035,2024-06-21,1,1274,25,Store - Koramangala
TXN-000766,SKU-0035,2024-06-29,1,1529,10,Online - Instagram
TXN-000767,SKU-0035,2024-07-06,2,1699,0,Store - Koramangala
TXN-000768,SKU-0035,2024-07-14,2,1444,15,Store - Koramangala
TXN-000769,SKU-0035,2024-07-22,3,1699,0,Store - MG Road
TXN-000770,SKU-0035,2024-07-28,3,1699,0,Store - Koramangala
TXN-000771,SKU-0035,2024-08-05,3,1699,0,Online - Instagram
TXN-000772,SKU-0035,2024-08-11,2,1699,0,Store - Indiranagar
TXN-000773,SKU-0035,2024-08-18,2,1359,20,Store - Indiranagar
TXN-000774,SKU-0035,2024-08-25,2,1359,20,Online - Instagram
TXN-000775,SKU-0035,2024-08-31,3,1699,0,Online - Instagram
TXN-000776,SKU-0036,2024-10-28,3,1175,0,Online - Nykaa
TXN-000777,SKU-0036,2024-11-01,3,1175,0,Store - MG Road
TXN-000778,SKU-0036,2024-11-04,3,999,15,Online - Nykaa
TXN-000779,SKU-0036,2024-11-09,3,1175,0,Online - Instagram
TXN-000780,SKU-0036,2024-11-14,1,1175,0,Online - Instagram
TXN-000781,SKU-0037,2024-09-30,1,1141,0,Online - Instagram
TXN-000782,SKU-0037,2024-10-01,3,1141,0,Online - Nykaa
TXN-000783,SKU-0037,2024-10-03,2,1141,0,Store - MG Road
TXN-000784,SKU-0037,2024-10-04,1,1141,0,Store - Indiranagar
TXN-000785,SKU-0037,2024-10-06,1,1141,0,Online - Website
TXN-000786,SKU-0037,2024-10-07,2,1141,0,Store - MG Road
TXN-000787,SKU-0037,2024-10-08,2,1141,0,Online - Instagram
TXN-000788,SKU-0037,2024-10-11,2,856,25,Store - MG Road
TXN-000789,SKU-0037,2024-10-12,1,1141,0,Online - Nykaa
TXN-000790,SKU-0037,2024-10-14,1,1141,0,Store - Koramangala
TXN-000791,SKU-0037,2024-10-17,1,1141,0,Store - Indiranagar
TXN-000792,SKU-0037,2024-10-18,3,1141,0,Store - Indiranagar
TXN-000793,SKU-0037,2024-10-19,1,970,15,Store - MG Road
TXN-000794,SKU-0037,2024-10-22,2,1141,0,Store - MG Road
TXN-000795,SKU-0037,2024-10-24,1,1027,10,Online - Nykaa
TXN-000796,SKU-0037,2024-10-26,2,1027,10,Store - Indiranagar
TXN-000797,SKU-0037,2024-10-28,2,1027,10,Online - Website
TXN-000798,SKU-0037,2024-10-30,1,1141,0,Online - Website
TXN-000799,SKU-0037,2024-10-31,1,1141,0,Store - MG Road
TXN-000800,SKU-0037,2024-11-01,1,1141,0,Store - Koramangala
TXN-000801,SKU-0037,2024-11-03,3,1141,0,Online - Instagram
TXN-000802,SKU-0037,2024-11-04,2,1141,0,Store - Indiranagar
TXN-000803,SKU-0037,2024-11-07,3,1141,0,Online - Instagram
TXN-000804,SKU-0037,2024-11-10,3,1141,0,Store - Koramangala
TXN-000805,SKU-0037,2024-11-11,3,1141,0,Online - Website
TXN-000806,SKU-0037,2024-11-14,1,1141,0,Store - Indiranagar
TXN-000807,SKU-0037,2024-11-17,2,856,25,Store - MG Road
TXN-000808,SKU-0037,2024-11-19,2,1141,0,Store - Koramangala
TXN-000809,SKU-0037,2024-11-22,3,1141,0,Store - MG Road
TXN-000810,SKU-0037,2024-11-24,1,1141,0,Store - Indiranagar
TXN-000811,SKU-0037,2024-11-25,3,1141,0,Online - Website
TXN-000812,SKU-0037,2024-11-27,1,913,20,Online - Website
TXN-000813,SKU-0037,2024-11-28,1,1141,0,Store - Koramangala
TXN-000814,SKU-0037,2024-11-30,2,1141,0,Store - MG Road
TXN-000815,SKU-0038,2024-08-17,2,1229,0,Online - Nykaa
TXN-000816,SKU-0038,2024-08-21,1,1229,0,Online - Website
TXN-000817,SKU-0038,2024-08-25,2,1229,0,Store - MG Road
TXN-000818,SKU-0038,2024-08-30,2,1229,0,Online - Website
TXN-000819,SKU-0038,2024-09-05,3,1229,0,Online - Instagram
TXN-000820,SKU-0038,2024-09-10,1,1229,0,Online - Website
TXN-000821,SKU-0038,2024-09-16,3,1106,10,Online - Instagram
TXN-000822,SKU-0038,2024-09-20,1,1229,0,Online - Instagram
TXN-000823,SKU-0038,2024-09-25,3,1229,0,Store - Indiranagar
TXN-000824,SKU-0038,2024-10-01,2,1229,0,Online - Website
TXN-000825,SKU-0038,2024-10-06,3,1229,0,Store - Koramangala
TXN-000826,SKU-0038,2024-10-10,2,1229,0,Online - Website
TXN-000827,SKU-0039,2024-06-11,1,1082,10,Store - Indiranagar
TXN-000828,SKU-0039,2024-06-14,3,1202,0,Online - Nykaa
TXN-000829,SKU-0039,2024-06-17,1,1202,0,Online - Website
TXN-000830,SKU-0039,2024-06-20,1,1202,0,Online - Nykaa
TXN-000831,SKU-0039,2024-06-22,2,1202,0,Online - Instagram
TXN-000832,SKU-0039,2024-06-25,1,1202,0,Online - Website
TXN-000833,SKU-0039,2024-06-28,2,1202,0,Online - Website
TXN-000834,SKU-0039,2024-07-02,3,1202,0,Store - Koramangala
TXN-000835,SKU-0039,2024-07-05,2,1202,0,Online - Instagram
TXN-000836,SKU-0039,2024-07-07,2,1022,15,Online - Website
TXN-000837,SKU-0039,2024-07-10,1,1082,10,Online - Nykaa
TXN-000838,SKU-0039,2024-07-14,2,1202,0,Online - Website
TXN-000839,SKU-0039,2024-07-16,2,1082,10,Online - Instagram
TXN-000840,SKU-0039,2024-07-18,3,1202,0,Store - Indiranagar
TXN-000841,SKU-0039,2024-07-20,2,1202,0,Store - Indiranagar
TXN-000842,SKU-0039,2024-07-22,3,1202,0,Online - Nykaa
TXN-000843,SKU-0039,2024-07-25,1,1202,0,Online - Instagram
TXN-000844,SKU-0039,2024-07-29,2,1202,0,Store - Koramangala
TXN-000845,SKU-0039,2024-07-31,3,902,25,Store - MG Road
TXN-000846,SKU-0039,2024-08-03,1,1202,0,Online - Website
TXN-000847,SKU-0039,2024-08-07,3,962,20,Store - Indiranagar
TXN-000848,SKU-0039,2024-08-09,2,1202,0,Store - Indiranagar
TXN-000849,SKU-0039,2024-08-12,3,1202,0,Store - Indiranagar
TXN-000850,SKU-0039,2024-08-14,2,1202,0,Online - Instagram
TXN-000851,SKU-0039,2024-08-17,3,1202,0,Store - Koramangala
TXN-000852,SKU-0039,2024-08-20,1,1082,10,Online - Nykaa
TXN-000853,SKU-0039,2024-08-23,3,1202,0,Store - MG Road
TXN-000854,SKU-0039,2024-08-26,1,1202,0,Store - Koramangala
TXN-000855,SKU-0039,2024-08-30,2,1202,0,Online - Nykaa
TXN-000856,SKU-0039,2024-09-02,2,1202,0,Online - Instagram
TXN-000857,SKU-0039,2024-09-05,3,1202,0,Online - Website
TXN-000858,SKU-0039,2024-09-08,2,1202,0,Store - MG Road
TXN-000859,SKU-0039,2024-09-12,1,1202,0,Store - Koramangala
TXN-000860,SKU-0039,2024-09-16,3,1202,0,Store - Indiranagar
TXN-000861,SKU-0039,2024-09-20,2,1202,0,Store - Indiranagar
TXN-000862,SKU-0039,2024-09-23,1,1202,0,Store - MG Road
TXN-000863,SKU-0039,2024-09-25,3,1022,15,Store - MG Road
TXN-000864,SKU-0039,2024-09-29,3,1202,0,Online - Website
TXN-000865,SKU-0039,2024-10-01,2,1202,0,Online - Nykaa
TXN-000866,SKU-0039,2024-10-03,2,1202,0,Online - Nykaa
TXN-000867,SKU-0039,2024-10-05,3,1202,0,Store - Koramangala
TXN-000868,SKU-0040,2024-09-21,3,1515,0,Store - MG Road
TXN-000869,SKU-0040,2024-09-22,2,1515,0,Online - Instagram
TXN-000870,SKU-0040,2024-09-24,2,1515,0,Store - Indiranagar
TXN-000871,SKU-0040,2024-09-27,1,1515,0,Store - Indiranagar
TXN-000872,SKU-0040,2024-09-28,3,1515,0,Store - Indiranagar
TXN-000873,SKU-0040,2024-09-30,2,1515,0,Online - Instagram
TXN-000874,SKU-0040,2024-10-02,3,1212,20,Online - Instagram
TXN-000875,SKU-0040,2024-10-04,3,1515,0,Store - Indiranagar
TXN-000876,SKU-0040,2024-10-05,1,1515,0,Store - Indiranagar
TXN-000877,SKU-0040,2024-10-06,3,1515,0,Online - Website
TXN-000878,SKU-0040,2024-10-08,1,1212,20,Store - Koramangala
TXN-000879,SKU-0040,2024-10-10,2,1515,0,Store - Koramangala
TXN-000880,SKU-0040,2024-10-13,2,1136,25,Online - Instagram
TXN-000881,SKU-0040,2024-10-16,1,1515,0,Store - Indiranagar
TXN-000882,SKU-0040,2024-10-19,1,1515,0,Online - Nykaa
TXN-000883,SKU-0040,2024-10-22,3,1515,0,Online - Website
TXN-000884,SKU-0040,2024-10-23,1,1515,0,Online - Nykaa
TXN-000885,SKU-0040,2024-10-25,1,1515,0,Online - Nykaa
TXN-000886,SKU-0040,2024-10-26,3,1515,0,Store - Koramangala
TXN-000887,SKU-0040,2024-10-29,2,1515,0,Store - Koramangala
TXN-000888,SKU-0040,2024-10-31,3,1515,0,Store - Indiranagar
TXN-000889,SKU-0041,2024-07-11,3,1104,0,Store - Indiranagar
TXN-000890,SKU-0041,2024-07-14,3,994,10,Store - Indiranagar
TXN-000891,SKU-0041,2024-07-16,3,1104,0,Store - MG Road
TXN-000892,SKU-0041,2024-07-18,1,1104,0,Store - Indiranagar
TXN-000893,SKU-0041,2024-07-21,1,1104,0,Online - Nykaa
TXN-000894,SKU-0041,2024-07-23,1,1104,0,Store - Indiranagar
TXN-000895,SKU-0041,2024-07-27,2,1104,0,Online - Website
TXN-000896,SKU-0041,2024-07-29,1,938,15,Store - Indiranagar
TXN-000897,SKU-0041,2024-08-02,3,994,10,Online - Instagram
TXN-000898,SKU-0041,2024-08-05,3,938,15,Store - MG Road
TXN-000899,SKU-0041,2024-08-07,3,1104,0,Store - Koramangala
TXN-000900,SKU-0041,2024-08-09,2,1104,0,Store - MG Road
TXN-000901,SKU-0041,2024-08-13,2,1104,0,Store - Koramangala
TXN-000902,SKU-0041,2024-08-17,3,1104,0,Store - Indiranagar
TXN-000903,SKU-0041,2024-08-19,3,883,20,Online - Nykaa
TXN-000904,SKU-0041,2024-08-21,2,1104,0,Online - Nykaa
TXN-000905,SKU-0041,2024-08-23,1,1104,0,Online - Nykaa
TXN-000906,SKU-0041,2024-08-26,2,1104,0,Store - MG Road
TXN-000907,SKU-0041,2024-08-29,2,1104,0,Store - Koramangala
TXN-000908,SKU-0041,2024-08-31,1,1104,0,Online - Nykaa
TXN-000909,SKU-0041,2024-09-04,1,1104,0,Store - Koramangala
TXN-000910,SKU-0041,2024-09-07,1,1104,0,Online - Nykaa
TXN-000911,SKU-0041,2024-09-09,3,1104,0,Online - Website
TXN-000912,SKU-0041,2024-09-11,1,1104,0,Online - Instagram
TXN-000913,SKU-0042,2024-10-10,2,1125,0,Online - Nykaa
TXN-000914,SKU-0042,2024-10-11,2,956,15,Online - Instagram
TXN-000915,SKU-0042,2024-10-13,3,1125,0,Store - Indiranagar
TXN-000916,SKU-0042,2024-10-16,2,1125,0,Store - Koramangala
TXN-000917,SKU-0042,2024-10-18,3,1125,0,Online - Nykaa
TXN-000918,SKU-0042,2024-10-20,1,1012,10,Store - Indiranagar
TXN-000919,SKU-0042,2024-10-21,2,956,15,Store - Indiranagar
TXN-000920,SKU-0042,2024-10-22,3,1125,0,Store - Indiranagar
TXN-000921,SKU-0042,2024-10-24,1,1012,10,Online - Instagram
TXN-000922,SKU-0042,2024-10-27,1,1125,0,Online - Nykaa
TXN-000923,SKU-0042,2024-10-28,3,1125,0,Store - MG Road
TXN-000924,SKU-0042,2024-10-30,2,1125,0,Online - Instagram
TXN-000925,SKU-0042,2024-11-02,1,1125,0,Online - Nykaa
TXN-000926,SKU-0042,2024-11-04,3,1125,0,Store - MG Road
TXN-000927,SKU-0042,2024-11-07,2,1125,0,Online - Nykaa
TXN-000928,SKU-0042,2024-11-09,1,956,15,Online - Instagram
TXN-000929,SKU-0042,2024-11-12,1,1125,0,Store - MG Road
TXN-000930,SKU-0042,2024-11-14,2,1012,10,Store - Koramangala
TXN-000931,SKU-0042,2024-11-17,2,1125,0,Online - Instagram
TXN-000932,SKU-0042,2024-11-20,1,1125,0,Store - Koramangala
TXN-000933,SKU-0042,2024-11-22,2,1125,0,Store - MG Road
TXN-000934,SKU-0042,2024-11-23,2,1125,0,Store - MG Road
TXN-000935,SKU-0042,2024-11-24,2,1125,0,Online - Website
TXN-000936,SKU-0042,2024-11-25,2,1125,0,Online - Nykaa
TXN-000937,SKU-0043,2024-07-06,3,1777,0,Store - MG Road
TXN-000938,SKU-0043,2024-07-07,2,1510,15,Online - Nykaa
TXN-000939,SKU-0043,2024-07-09,1,1777,0,Online - Instagram
TXN-000940,SKU-0043,2024-07-12,2,1599,10,Store - Koramangala
TXN-000941,SKU-0043,2024-07-15,1,1777,0,Store - MG Road
TXN-000942,SKU-0043,2024-07-17,2,1777,0,Online - Nykaa
TXN-000943,SKU-0043,2024-07-20,2,1777,0,Store - Koramangala
TXN-000944,SKU-0043,2024-07-22,2,1777,0,Store - Indiranagar
TXN-000945,SKU-0043,2024-07-23,3,1333,25,Online - Website
TXN-000946,SKU-0043,2024-07-25,2,1777,0,Online - Instagram
TXN-000947,SKU-0043,2024-07-26,3,1777,0,Store - Koramangala
TXN-000948,SKU-0043,2024-07-29,1,1599,10,Online - Website
TXN-000949,SKU-0043,2024-07-31,3,1777,0,Store - Koramangala
TXN-000950,SKU-0043,2024-08-01,1,1599,10,Store - Indiranagar
TXN-000951,SKU-0043,2024-08-04,2,1777,0,Online - Website
TXN-000952,SKU-0043,2024-08-07,2,1422,20,Store - Koramangala
TXN-000953,SKU-0043,2024-08-09,3,1777,0,Store - Indiranagar
TXN-000954,SKU-0043,2024-08-12,1,1777,0,Store - Indiranagar
TXN-000955,SKU-0043,2024-08-15,2,1777,0,Online - Instagram
TXN-000956,SKU-0043,2024-08-17,3,1333,25,Store - Koramangala
TXN-000957,SKU-0043,2024-08-20,3,1777,0,Online - Instagram
TXN-000958,SKU-0043,2024-08-23,3,1777,0,Store - Indiranagar
TXN-000959,SKU-0043,2024-08-26,3,1777,0,Online - Instagram
TXN-000960,SKU-0043,2024-08-27,2,1777,0,Online - Nykaa
TXN-000961,SKU-0043,2024-08-29,1,1777,0,Store - Koramangala
TXN-000962,SKU-0043,2024-08-30,1,1777,0,Store - MG Road
TXN-000963,SKU-0043,2024-09-02,1,1777,0,Store - Koramangala
TXN-000964,SKU-0043,2024-09-05,2,1510,15,Online - Instagram
TXN-000965,SKU-0043,2024-09-08,1,1777,0,Online - Nykaa
TXN-000966,SKU-0043,2024-09-09,3,1777,0,Online - Instagram
TXN-000967,SKU-0043,2024-09-11,1,1777,0,Online - Instagram
TXN-000968,SKU-0043,2024-09-14,2,1777,0,Online - Nykaa
TXN-000969,SKU-0043,2024-09-16,2,1333,25,Store - Koramangala
TXN-000970,SKU-0043,2024-09-18,2,1777,0,Store - Indiranagar
TXN-000971,SKU-0043,2024-09-19,3,1777,0,Online - Website
TXN-000972,SKU-0043,2024-09-22,3,1510,15,Store - Koramangala
TXN-000973,SKU-0043,2024-09-24,2,1777,0,Online - Nykaa
TXN-000974,SKU-0043,2024-09-26,3,1777,0,Store - Indiranagar
TXN-000975,SKU-0043,2024-09-28,2,1777,0,Online - Website
TXN-000976,SKU-0043,2024-10-01,1,1777,0,Store - Indiranagar
TXN-000977,SKU-0043,2024-10-03,3,1777,0,Store - Indiranagar
TXN-000978,SKU-0043,2024-10-04,1,1599,10,Online - Website
TXN-000979,SKU-0043,2024-10-07,2,1777,0,Online - Instagram
TXN-000980,SKU-0043,2024-10-08,2,1422,20,Store - Indiranagar
TXN-000981,SKU-0043,2024-10-10,1,1777,0,Online - Website
TXN-000982,SKU-0043,2024-10-11,3,1777,0,Store - Indiranagar
TXN-000983,SKU-0043,2024-10-13,1,1777,0,Store - Koramangala
TXN-000984,SKU-0044,2024-06-28,2,1420,0,Store - Indiranagar
TXN-000985,SKU-0044,2024-07-02,3,1420,0,Online - Nykaa
TXN-000986,SKU-0044,2024-07-07,1,1420,0,Online - Website
TXN-000987,SKU-0044,2024-07-11,3,1207,15,Store - Koramangala
TXN-000988,SKU-0044,2024-07-16,3,1420,0,Store - Koramangala
TXN-000989,SKU-0044,2024-07-22,1,1420,0,Online - Instagram
TXN-000990,SKU-0044,2024-07-26,2,1420,0,Online - Instagram
TXN-000991,SKU-0044,2024-08-01,1,1065,25,Store - Koramangala
TXN-000992,SKU-0044,2024-08-06,2,1207,15,Store - Koramangala
TXN-000993,SKU-0044,2024-08-10,3,1420,0,Store - MG Road
TXN-000994,SKU-0044,2024-08-16,2,1420,0,Store - Indiranagar
TXN-000995,SKU-0044,2024-08-21,3,1278,10,Online - Instagram
TXN-000996,SKU-0044,2024-08-25,3,1278,10,Online - Nykaa
TXN-000997,SKU-0044,2024-08-31,3,1420,0,Online - Website
TXN-000998,SKU-0044,2024-09-04,2,1420,0,Online - Nykaa
TXN-000999,SKU-0044,2024-09-08,1,1420,0,Store - Indiranagar
TXN-001000,SKU-0045,2024-07-16,2,1219,20,Online - Nykaa
TXN-001001,SKU-0045,2024-07-19,2,1295,15,Online - Website
TXN-001002,SKU-0045,2024-07-22,3,1524,0,Store - Indiranagar
TXN-001003,SKU-0045,2024-07-25,2,1372,10,Store - Koramangala
TXN-001004,SKU-0045,2024-07-29,1,1524,0,Online - Instagram
TXN-001005,SKU-0045,2024-07-31,3,1524,0,Store - Indiranagar
TXN-001006,SKU-0045,2024-08-04,3,1524,0,Online - Instagram
TXN-001007,SKU-0045,2024-08-07,1,1524,0,Online - Website
TXN-001008,SKU-0045,2024-08-09,1,1524,0,Store - Indiranagar
TXN-001009,SKU-0045,2024-08-11,1,1524,0,Store - Koramangala
TXN-001010,SKU-0045,2024-08-13,1,1524,0,Store - MG Road
TXN-001011,SKU-0045,2024-08-17,2,1524,0,Store - MG Road
TXN-001012,SKU-0045,2024-08-19,1,1524,0,Online - Website
TXN-001013,SKU-0045,2024-08-22,1,1524,0,Store - MG Road
TXN-001014,SKU-0045,2024-08-26,2,1524,0,Online - Nykaa
TXN-001015,SKU-0045,2024-08-29,2,1524,0,Store - MG Road
TXN-001016,SKU-0045,2024-09-01,1,1524,0,Store - Koramangala
TXN-001017,SKU-0045,2024-09-03,3,1524,0,Online - Website
TXN-001018,SKU-0045,2024-09-07,2,1524,0,Store - MG Road
TXN-001019,SKU-0045,2024-09-10,1,1143,25,Online - Website
TXN-001020,SKU-0045,2024-09-14,3,1524,0,Store - Indiranagar
TXN-001021,SKU-0045,2024-09-17,2,1524,0,Store - MG Road
TXN-001022,SKU-0045,2024-09-20,1,1524,0,Online - Website
TXN-001023,SKU-0045,2024-09-22,1,1524,0,Online - Nykaa
TXN-001024,SKU-0045,2024-09-25,3,1524,0,Store - MG Road
TXN-001025,SKU-0045,2024-09-28,1,1524,0,Online - Instagram
TXN-001026,SKU-0045,2024-10-02,1,1524,0,Online - Nykaa
TXN-001027,SKU-0045,2024-10-04,3,1219,20,Store - Indiranagar
TXN-001028,SKU-0045,2024-10-08,2,1524,0,Online - Website
TXN-001029,SKU-0045,2024-10-12,1,1524,0,Online - Instagram
TXN-001030,SKU-0045,2024-10-16,2,1524,0,Online - Nykaa
TXN-001031,SKU-0045,2024-10-20,2,1524,0,Store - MG Road
TXN-001032,SKU-0045,2024-10-24,1,1524,0,Store - Indiranagar
TXN-001033,SKU-0045,2024-10-27,2,1372,10,Online - Website
TXN-001034,SKU-0045,2024-10-30,1,1524,0,Store - Koramangala
TXN-001035,SKU-0045,2024-11-02,1,1524,0,Store - MG Road
TXN-001036,SKU-0045,2024-11-06,2,1524,0,Online - Nykaa
TXN-001037,SKU-0045,2024-11-08,2,1524,0,Online - Website
TXN-001038,SKU-0046,2024-11-03,2,1519,15,Store - MG Road
TXN-001039,SKU-0046,2024-11-06,2,1608,10,Online - Instagram
TXN-001040,SKU-0046,2024-11-08,3,1787,0,Store - Indiranagar
TXN-001041,SKU-0046,2024-11-10,2,1787,0,Online - Nykaa
TXN-001042,SKU-0046,2024-11-12,1,1787,0,Store - Indiranagar
TXN-001043,SKU-0046,2024-11-14,3,1430,20,Store - MG Road
TXN-001044,SKU-0046,2024-11-15,2,1787,0,Online - Nykaa
TXN-001045,SKU-0046,2024-11-18,1,1430,20,Online - Nykaa
TXN-001046,SKU-0046,2024-11-20,2,1787,0,Store - Koramangala
TXN-001047,SKU-0046,2024-11-23,2,1787,0,Store - Indiranagar
TXN-001048,SKU-0046,2024-11-25,3,1787,0,Store - MG Road
TXN-001049,SKU-0046,2024-11-28,3,1787,0,Store - Indiranagar
TXN-001050,SKU-0046,2024-11-30,3,1787,0,Online - Instagram
TXN-001051,SKU-0047,2024-11-13,1,1569,0,Store - Koramangala
TXN-001052,SKU-0047,2024-11-17,2,1177,25,Online - Website
TXN-001053,SKU-0047,2024-11-21,1,1255,20,Store - Koramangala
TXN-001054,SKU-0047,2024-11-25,1,1569,0,Store - Koramangala
TXN-001055,SKU-0047,2024-11-29,3,1255,20,Store - Indiranagar
TXN-001056,SKU-0048,2024-09-27,3,1418,20,Online - Nykaa
TXN-001057,SKU-0048,2024-10-01,2,1772,0,Store - Koramangala
TXN-001058,SKU-0048,2024-10-07,2,1772,0,Store - Koramangala
TXN-001059,SKU-0048,2024-10-13,2,1772,0,Store - Indiranagar
TXN-001060,SKU-0048,2024-10-19,3,1772,0,Store - MG Road
TXN-001061,SKU-0048,2024-10-23,2,1772,0,Store - MG Road
TXN-001062,SKU-0049,2024-10-30,3,1780,0,Store - Indiranagar
TXN-001063,SKU-0049,2024-11-07,1,1780,0,Store - MG Road
TXN-001064,SKU-0050,2024-07-04,3,968,10,Online - Website
TXN-001065,SKU-0050,2024-07-08,1,915,15,Store - Indiranagar
TXN-001066,SKU-0050,2024-07-12,3,1076,0,Store - MG Road
TXN-001067,SKU-0050,2024-07-17,3,1076,0,Online - Nykaa
TXN-001068,SKU-0050,2024-07-22,1,1076,0,Store - MG Road
TXN-001069,SKU-0050,2024-07-28,2,1076,0,Store - Koramangala
TXN-001070,SKU-0050,2024-08-01,2,861,20,Online - Nykaa
TXN-001071,SKU-0050,2024-08-05,1,1076,0,Online - Website
TXN-001072,SKU-0050,2024-08-11,3,1076,0,Online - Nykaa
TXN-001073,SKU-0050,2024-08-15,2,1076,0,Store - Koramangala
TXN-001074,SKU-0050,2024-08-20,1,1076,0,Store - MG Road
TXN-001075,SKU-0050,2024-08-26,3,1076,0,Online - Nykaa
TXN-001076,SKU-0050,2024-09-01,3,1076,0,Online - Website
TXN-001077,SKU-0050,2024-09-06,2,968,10,Online - Nykaa
TXN-001078,SKU-0050,2024-09-10,1,1076,0,Store - MG Road
TXN-001079,SKU-0051,2024-07-15,2,1045,0,Store - Koramangala
TXN-001080,SKU-0051,2024-08-07,1,1045,0,Online - Website
TXN-001081,SKU-0051,2024-08-30,3,940,10,Online - Instagram
TXN-001082,SKU-0052,2024-09-10,1,1138,0,Store - Indiranagar
TXN-001083,SKU-0052,2024-09-12,1,1138,0,Store - MG Road
TXN-001084,SKU-0052,2024-09-15,3,1138,0,Online - Website
TXN-001085,SKU-0052,2024-09-18,1,1138,0,Online - Nykaa
TXN-001086,SKU-0052,2024-09-22,1,1138,0,Online - Website
TXN-001087,SKU-0052,2024-09-24,2,1138,0,Store - MG Road
TXN-001088,SKU-0052,2024-09-26,2,1138,0,Online - Website
TXN-001089,SKU-0052,2024-09-28,3,967,15,Store - MG Road
TXN-001090,SKU-0052,2024-10-01,3,967,15,Store - Indiranagar
TXN-001091,SKU-0052,2024-10-04,2,1138,0,Store - Koramangala
TXN-001092,SKU-0052,2024-10-06,1,1138,0,Online - Nykaa
TXN-001093,SKU-0052,2024-10-10,1,1138,0,Store - Koramangala
TXN-001094,SKU-0052,2024-10-14,3,967,15,Online - Instagram
TXN-001095,SKU-0052,2024-10-18,3,1138,0,Online - Website
TXN-001096,SKU-0052,2024-10-20,3,1138,0,Store - MG Road
TXN-001097,SKU-0053,2024-10-20,1,1646,0,Store - Indiranagar
TXN-001098,SKU-0053,2024-10-24,3,1481,10,Online - Website
TXN-001099,SKU-0053,2024-10-29,3,1399,15,Store - Indiranagar
TXN-001100,SKU-0053,2024-11-01,1,1646,0,Store - MG Road
TXN-001101,SKU-0053,2024-11-05,2,1646,0,Store - MG Road
TXN-001102,SKU-0053,2024-11-08,3,1646,0,Store - Koramangala
TXN-001103,SKU-0053,2024-11-12,1,1646,0,Store - Koramangala
TXN-001104,SKU-0053,2024-11-16,1,1481,10,Online - Website
TXN-001105,SKU-0053,2024-11-20,2,1646,0,Store - Indiranagar
TXN-001106,SKU-0053,2024-11-24,3,1646,0,Online - Website
TXN-001107,SKU-0053,2024-11-29,1,1317,20,Store - MG Road
TXN-001108,SKU-0054,2024-08-25,3,1167,0,Store - Indiranagar
TXN-001109,SKU-0054,2024-08-28,2,1167,0,Store - Koramangala
TXN-001110,SKU-0054,2024-09-01,2,992,15,Store - Koramangala
TXN-001111,SKU-0054,2024-09-05,1,992,15,Store - Indiranagar
TXN-001112,SKU-0054,2024-09-08,3,992,15,Store - Indiranagar
TXN-001113,SKU-0054,2024-09-12,3,992,15,Online - Website
TXN-001114,SKU-0054,2024-09-14,2,1167,0,Store - Indiranagar
TXN-001115,SKU-0054,2024-09-18,2,1167,0,Online - Instagram
TXN-001116,SKU-0054,2024-09-21,1,1167,0,Store - Indiranagar
TXN-001117,SKU-0054,2024-09-23,3,1167,0,Online - Website
TXN-001118,SKU-0054,2024-09-25,3,1167,0,Online - Website
TXN-001119,SKU-0054,2024-09-29,2,1167,0,Store - MG Road
TXN-001120,SKU-0054,2024-10-02,2,1167,0,Online - Instagram
TXN-001121,SKU-0054,2024-10-04,3,1167,0,Online - Nykaa
TXN-001122,SKU-0054,2024-10-06,2,1167,0,Online - Instagram
TXN-001123,SKU-0054,2024-10-09,1,1167,0,Store - Koramangala
TXN-001124,SKU-0054,2024-10-13,1,1167,0,Store - MG Road
TXN-001125,SKU-0055,2024-09-10,1,1471,0,Online - Website
TXN-001126,SKU-0055,2024-09-13,3,1324,10,Online - Website
TXN-001127,SKU-0055,2024-09-17,2,1324,10,Store - Indiranagar
TXN-001128,SKU-0055,2024-09-20,3,1471,0,Online - Nykaa
TXN-001129,SKU-0055,2024-09-23,2,1471,0,Online - Instagram
TXN-001130,SKU-0055,2024-09-27,3,1471,0,Store - MG Road
TXN-001131,SKU-0055,2024-09-30,2,1250,15,Store - MG Road
TXN-001132,SKU-0055,2024-10-02,1,1471,0,Online - Website
TXN-001133,SKU-0055,2024-10-04,1,1471,0,Online - Instagram
TXN-001134,SKU-0055,2024-10-07,2,1250,15,Store - MG Road
TXN-001135,SKU-0055,2024-10-10,3,1471,0,Online - Nykaa
TXN-001136,SKU-0055,2024-10-12,3,1471,0,Store - Koramangala
TXN-001137,SKU-0055,2024-10-15,1,1471,0,Store - Indiranagar
TXN-001138,SKU-0055,2024-10-18,2,1471,0,Online - Nykaa
TXN-001139,SKU-0055,2024-10-20,2,1324,10,Online - Website
TXN-001140,SKU-0055,2024-10-23,3,1177,20,Online - Website
TXN-001141,SKU-0055,2024-10-25,1,1177,20,Store - Indiranagar
TXN-001142,SKU-0056,2024-09-10,2,1718,0,Online - Website
TXN-001143,SKU-0056,2024-09-14,1,1460,15,Store - Indiranagar
TXN-001144,SKU-0056,2024-09-16,2,1718,0,Online - Website
TXN-001145,SKU-0056,2024-09-20,3,1288,25,Online - Nykaa
TXN-001146,SKU-0056,2024-09-22,2,1718,0,Store - MG Road
TXN-001147,SKU-0056,2024-09-26,3,1718,0,Online - Website
TXN-001148,SKU-0056,2024-09-28,3,1546,10,Store - Indiranagar
TXN-001149,SKU-0056,2024-10-02,1,1718,0,Store - MG Road
TXN-001150,SKU-0056,2024-10-04,3,1718,0,Online - Nykaa
TXN-001151,SKU-0056,2024-10-08,2,1546,10,Online - Nykaa
TXN-001152,SKU-0056,2024-10-11,2,1718,0,Online - Nykaa
TXN-001153,SKU-0056,2024-10-15,2,1718,0,Online - Nykaa
TXN-001154,SKU-0056,2024-10-18,2,1718,0,Store - Koramangala
TXN-001155,SKU-0056,2024-10-21,2,1718,0,Store - Indiranagar
TXN-001156,SKU-0057,2024-07-17,3,1624,0,Online - Website
TXN-001157,SKU-0057,2024-07-22,2,1462,10,Store - Indiranagar
TXN-001158,SKU-0057,2024-07-28,1,1624,0,Online - Nykaa
TXN-001159,SKU-0057,2024-08-03,2,1624,0,Online - Nykaa
TXN-001160,SKU-0057,2024-08-08,1,1624,0,Store - MG Road
TXN-001161,SKU-0057,2024-08-15,3,1624,0,Store - Koramangala
TXN-001162,SKU-0057,2024-08-20,1,1624,0,Online - Instagram
TXN-001163,SKU-0057,2024-08-27,2,1624,0,Online - Nykaa
TXN-001164,SKU-0057,2024-09-03,3,1462,10,Store - MG Road
TXN-001165,SKU-0057,2024-09-09,1,1624,0,Store - Indiranagar
TXN-001166,SKU-0057,2024-09-14,2,1624,0,Store - MG Road
TXN-001167,SKU-0057,2024-09-21,1,1624,0,Store - MG Road
TXN-001168,SKU-0057,2024-09-27,1,1380,15,Store - MG Road
TXN-001169,SKU-0058,2024-09-05,3,1229,10,Online - Instagram
TXN-001170,SKU-0058,2024-09-09,2,1229,10,Store - Indiranagar
TXN-001171,SKU-0058,2024-09-13,1,1366,0,Store - Indiranagar
TXN-001172,SKU-0058,2024-09-16,3,1366,0,Store - Indiranagar
TXN-001173,SKU-0058,2024-09-20,1,1366,0,Online - Instagram
TXN-001174,SKU-0058,2024-09-25,3,1366,0,Online - Website
TXN-001175,SKU-0058,2024-09-28,2,1366,0,Store - Indiranagar
TXN-001176,SKU-0058,2024-10-02,2,1366,0,Online - Instagram
TXN-001177,SKU-0058,2024-10-07,3,1366,0,Online - Website
TXN-001178,SKU-0058,2024-10-10,1,1366,0,Online - Website
TXN-001179,SKU-0058,2024-10-14,3,1093,20,Store - MG Road
TXN-001180,SKU-0058,2024-10-19,1,1366,0,Online - Instagram
TXN-001181,SKU-0058,2024-10-24,1,1366,0,Online - Instagram
TXN-001182,SKU-0059,2024-08-17,2,1466,15,Store - Indiranagar
TXN-001183,SKU-0059,2024-09-04,1,1725,0,Online - Nykaa
TXN-001184,SKU-0059,2024-09-21,2,1725,0,Store - MG Road
TXN-001185,SKU-0059,2024-10-08,1,1725,0,Online - Nykaa
TXN-001186,SKU-0060,2024-09-21,2,1145,0,Store - Indiranagar
TXN-001187,SKU-0060,2024-09-22,1,1145,0,Store - Indiranagar
TXN-001188,SKU-0060,2024-09-25,3,973,15,Store - Koramangala
TXN-001189,SKU-0060,2024-09-27,2,1145,0,Store - MG Road
TXN-001190,SKU-0060,2024-09-30,2,1145,0,Store - MG Road
TXN-001191,SKU-0060,2024-10-03,1,916,20,Online - Instagram
TXN-001192,SKU-0060,2024-10-05,1,973,15,Store - Indiranagar
TXN-001193,SKU-0060,2024-10-07,2,1145,0,Online - Instagram
TXN-001194,SKU-0060,2024-10-08,3,1145,0,Online - Website
TXN-001195,SKU-0060,2024-10-11,3,1145,0,Online - Instagram
TXN-001196,SKU-0060,2024-10-12,1,1030,10,Store - MG Road
TXN-001197,SKU-0060,2024-10-14,2,1145,0,Online - Nykaa
TXN-001198,SKU-0060,2024-10-17,3,1145,0,Online - Instagram
TXN-001199,SKU-0060,2024-10-20,3,1145,0,Online - Instagram
TXN-001200,SKU-0060,2024-10-23,2,916,20,Store - Koramangala
TXN-001201,SKU-0060,2024-10-24,3,1145,0,Store - MG Road
TXN-001202,SKU-0060,2024-10-25,1,1145,0,Store - Indiranagar
TXN-001203,SKU-0061,2024-07-03,2,1625,0,Store - Koramangala
TXN-001204,SKU-0061,2024-07-06,1,1625,0,Online - Website
TXN-001205,SKU-0061,2024-07-09,2,1625,0,Online - Instagram
TXN-001206,SKU-0061,2024-07-12,2,1625,0,Online - Instagram
TXN-001207,SKU-0061,2024-07-15,3,1625,0,Store - MG Road
TXN-001208,SKU-0061,2024-07-19,2,1625,0,Store - Koramangala
TXN-001209,SKU-0061,2024-07-24,2,1625,0,Store - Koramangala
TXN-001210,SKU-0061,2024-07-29,1,1462,10,Online - Instagram
TXN-001211,SKU-0061,2024-08-03,1,1625,0,Online - Instagram
TXN-001212,SKU-0061,2024-08-08,1,1625,0,Store - MG Road
TXN-001213,SKU-0061,2024-08-12,3,1300,20,Store - Indiranagar
TXN-001214,SKU-0061,2024-08-17,2,1625,0,Online - Instagram
TXN-001215,SKU-0061,2024-08-20,1,1625,0,Online - Website
TXN-001216,SKU-0061,2024-08-24,2,1625,0,Online - Instagram
TXN-001217,SKU-0061,2024-08-27,2,1625,0,Online - Nykaa
TXN-001218,SKU-0061,2024-09-01,2,1462,10,Online - Instagram
TXN-001219,SKU-0061,2024-09-04,3,1625,0,Online - Website
TXN-001220,SKU-0061,2024-09-07,1,1462,10,Store - Indiranagar
TXN-001221,SKU-0061,2024-09-10,3,1381,15,Online - Nykaa
TXN-001222,SKU-0061,2024-09-13,2,1625,0,Online - Website
TXN-001223,SKU-0061,2024-09-16,3,1625,0,Store - Koramangala
TXN-001224,SKU-0061,2024-09-20,2,1300,20,Store - Indiranagar
TXN-001225,SKU-0061,2024-09-25,1,1625,0,Store - Indiranagar
TXN-001226,SKU-0061,2024-09-28,3,1625,0,Store - Koramangala
TXN-001227,SKU-0061,2024-10-01,3,1625,0,Online - Nykaa
TXN-001228,SKU-0061,2024-10-06,3,1625,0,Online - Nykaa
TXN-001229,SKU-0061,2024-10-11,3,1462,10,Online - Website
TXN-001230,SKU-0061,2024-10-15,1,1625,0,Store - Indiranagar
TXN-001231,SKU-0062,2024-06-19,3,1045,0,Store - MG Road
TXN-001232,SKU-0062,2024-06-22,3,1045,0,Online - Website
TXN-001233,SKU-0062,2024-06-25,2,1045,0,Store - Indiranagar
TXN-001234,SKU-0062,2024-06-30,3,940,10,Online - Nykaa
TXN-001235,SKU-0062,2024-07-05,3,1045,0,Online - Website
TXN-001236,SKU-0062,2024-07-08,3,1045,0,Store - Indiranagar
TXN-001237,SKU-0062,2024-07-12,1,1045,0,Store - Koramangala
TXN-001238,SKU-0062,2024-07-16,2,784,25,Online - Nykaa
TXN-001239,SKU-0062,2024-07-21,1,940,10,Store - MG Road
TXN-001240,SKU-0062,2024-07-26,1,1045,0,Online - Instagram
TXN-001241,SKU-0062,2024-07-31,1,1045,0,Store - MG Road
TXN-001242,SKU-0062,2024-08-04,1,1045,0,Store - Koramangala
TXN-001243,SKU-0062,2024-08-07,1,1045,0,Store - Koramangala
TXN-001244,SKU-0062,2024-08-12,1,1045,0,Store - Indiranagar
TXN-001245,SKU-0062,2024-08-15,2,1045,0,Store - MG Road
TXN-001246,SKU-0062,2024-08-19,2,1045,0,Store - Indiranagar
TXN-001247,SKU-0062,2024-08-24,2,1045,0,Store - Koramangala
TXN-001248,SKU-0062,2024-08-28,2,1045,0,Store - Koramangala
TXN-001249,SKU-0062,2024-09-02,1,1045,0,Online - Website
TXN-001250,SKU-0062,2024-09-06,3,1045,0,Online - Nykaa
TXN-001251,SKU-0062,2024-09-09,3,1045,0,Store - MG Road
TXN-001252,SKU-0062,2024-09-13,1,1045,0,Online - Website
TXN-001253,SKU-0062,2024-09-18,1,1045,0,Online - Website
TXN-001254,SKU-0062,2024-09-23,1,1045,0,Store - Koramangala
TXN-001255,SKU-0062,2024-09-27,3,1045,0,Store - Koramangala
TXN-001256,SKU-0064,2024-06-30,1,1162,10,Store - Indiranagar
TXN-001257,SKU-0064,2024-07-06,2,1291,0,Online - Instagram
TXN-001258,SKU-0064,2024-07-10,2,1033,20,Store - Indiranagar
TXN-001259,SKU-0064,2024-07-15,3,1291,0,Store - Indiranagar
TXN-001260,SKU-0064,2024-07-19,2,1291,0,Online - Nykaa
TXN-001261,SKU-0064,2024-07-25,2,1291,0,Store - Koramangala
TXN-001262,SKU-0064,2024-07-30,3,1291,0,Online - Website
TXN-001263,SKU-0064,2024-08-03,3,1291,0,Store - Indiranagar
TXN-001264,SKU-0064,2024-08-07,3,1097,15,Online - Nykaa
TXN-001265,SKU-0064,2024-08-12,3,1291,0,Online - Instagram
TXN-001266,SKU-0064,2024-08-16,2,1291,0,Online - Instagram
TXN-001267,SKU-0064,2024-08-21,3,1162,10,Store - Indiranagar
TXN-001268,SKU-0064,2024-08-26,2,1291,0,Online - Instagram
TXN-001269,SKU-0064,2024-08-31,3,1097,15,Store - MG Road
TXN-001270,SKU-0064,2024-09-06,1,1291,0,Store - Indiranagar
TXN-001271,SKU-0065,2024-10-21,2,971,20,Store - Koramangala
TXN-001272,SKU-0065,2024-10-26,2,1214,0,Online - Nykaa
TXN-001273,SKU-0065,2024-10-29,3,1214,0,Online - Nykaa
TXN-001274,SKU-0065,2024-11-02,2,1214,0,Online - Instagram
TXN-001275,SKU-0065,2024-11-07,3,1214,0,Online - Instagram
TXN-001276,SKU-0065,2024-11-10,1,1214,0,Online - Instagram
TXN-001277,SKU-0065,2024-11-14,2,1214,0,Store - Koramangala
TXN-001278,SKU-0065,2024-11-17,3,1214,0,Store - Koramangala
TXN-001279,SKU-0065,2024-11-21,2,1214,0,Online - Nykaa
TXN-001280,SKU-0065,2024-11-24,3,1032,15,Store - Koramangala
TXN-001281,SKU-0065,2024-11-27,3,1214,0,Store - Indiranagar
TXN-001282,SKU-0065,2024-11-30,2,1093,10,Online - Website
TXN-001283,SKU-0066,2024-09-26,1,1276,10,Online - Nykaa
TXN-001284,SKU-0066,2024-09-28,1,1134,20,Store - Indiranagar
TXN-001285,SKU-0066,2024-09-29,1,1418,0,Store - Indiranagar
TXN-001286,SKU-0066,2024-10-02,3,1418,0,Online - Instagram
TXN-001287,SKU-0066,2024-10-03,1,1276,10,Store - Koramangala
TXN-001288,SKU-0066,2024-10-06,1,1418,0,Online - Instagram
TXN-001289,SKU-0066,2024-10-08,3,1418,0,Store - Indiranagar
TXN-001290,SKU-0066,2024-10-11,2,1418,0,Store - MG Road
TXN-001291,SKU-0066,2024-10-12,3,1418,0,Store - Koramangala
TXN-001292,SKU-0066,2024-10-15,2,1134,20,Store - Indiranagar
TXN-001293,SKU-0066,2024-10-16,3,1418,0,Online - Instagram
TXN-001294,SKU-0066,2024-10-18,1,1418,0,Store - Koramangala
TXN-001295,SKU-0066,2024-10-19,1,1418,0,Store - Koramangala
TXN-001296,SKU-0066,2024-10-22,1,1064,25,Online - Nykaa
TXN-001297,SKU-0066,2024-10-25,1,1134,20,Online - Website
TXN-001298,SKU-0066,2024-10-26,1,1418,0,Store - MG Road
TXN-001299,SKU-0066,2024-10-28,2,1418,0,Store - MG Road
TXN-001300,SKU-0066,2024-10-29,3,1418,0,Store - MG Road
TXN-001301,SKU-0066,2024-11-01,3,1418,0,Store - MG Road
TXN-001302,SKU-0066,2024-11-04,2,1205,15,Store - Indiranagar
TXN-001303,SKU-0066,2024-11-05,3,1134,20,Online - Instagram
TXN-001304,SKU-0066,2024-11-08,2,1418,0,Online - Nykaa
TXN-001305,SKU-0066,2024-11-10,1,1418,0,Store - Indiranagar
TXN-001306,SKU-0067,2024-07-19,3,1347,0,Online - Instagram
TXN-001307,SKU-0067,2024-07-28,2,1347,0,Store - MG Road
TXN-001308,SKU-0067,2024-08-06,2,1347,0,Online - Nykaa
TXN-001309,SKU-0067,2024-08-13,3,1347,0,Store - MG Road
TXN-001310,SKU-0067,2024-08-21,2,1347,0,Online - Instagram
TXN-001311,SKU-0067,2024-08-28,3,1347,0,Online - Website
TXN-001312,SKU-0067,2024-09-05,3,1145,15,Store - Indiranagar
TXN-001313,SKU-0067,2024-09-13,3,1347,0,Store - Indiranagar
TXN-001314,SKU-0067,2024-09-21,1,1347,0,Online - Website
TXN-001315,SKU-0067,2024-09-28,1,1010,25,Store - MG Road
TXN-001316,SKU-0067,2024-10-06,1,1347,0,Store - Koramangala
TXN-001317,SKU-0068,2024-09-05,1,958,0,Store - MG Road
TXN-001318,SKU-0068,2024-09-13,1,958,0,Online - Instagram
TXN-001319,SKU-0068,2024-09-19,1,958,0,Store - Indiranagar
TXN-001320,SKU-0068,2024-09-26,3,958,0,Online - Website
TXN-001321,SKU-0068,2024-10-04,1,766,20,Store - MG Road
TXN-001322,SKU-0068,2024-10-10,2,958,0,Store - MG Road
TXN-001323,SKU-0068,2024-10-16,2,862,10,Store - MG Road
TXN-001324,SKU-0068,2024-10-23,1,958,0,Online - Instagram
TXN-001325,SKU-0068,2024-10-30,1,862,10,Store - Koramangala
TXN-001326,SKU-0069,2024-07-04,2,1602,0,Store - MG Road
TXN-001327,SKU-0069,2024-07-08,1,1602,0,Online - Website
TXN-001328,SKU-0069,2024-07-11,3,1602,0,Store - Koramangala
TXN-001329,SKU-0069,2024-07-15,2,1602,0,Store - Koramangala
TXN-001330,SKU-0069,2024-07-19,3,1602,0,Store - MG Road
TXN-001331,SKU-0069,2024-07-24,1,1602,0,Online - Nykaa
TXN-001332,SKU-0069,2024-07-28,1,1602,0,Online - Website
TXN-001333,SKU-0069,2024-08-02,3,1282,20,Store - Koramangala
TXN-001334,SKU-0069,2024-08-06,2,1602,0,Store - MG Road
TXN-001335,SKU-0069,2024-08-09,3,1602,0,Store - MG Road
TXN-001336,SKU-0069,2024-08-13,2,1602,0,Store - Koramangala
TXN-001337,SKU-0069,2024-08-18,1,1602,0,Store - Koramangala
TXN-001338,SKU-0069,2024-08-21,2,1602,0,Store - Koramangala
TXN-001339,SKU-0069,2024-08-25,1,1282,20,Online - Instagram
TXN-001340,SKU-0069,2024-08-30,2,1602,0,Online - Website
TXN-001341,SKU-0069,2024-09-02,3,1442,10,Store - MG Road
TXN-001342,SKU-0069,2024-09-06,1,1602,0,Online - Nykaa
TXN-001343,SKU-0069,2024-09-11,1,1602,0,Store - Koramangala
TXN-001344,SKU-0069,2024-09-15,2,1602,0,Store - Koramangala
TXN-001345,SKU-0069,2024-09-19,2,1602,0,Store - MG Road
TXN-001346,SKU-0069,2024-09-24,3,1602,0,Online - Nykaa
TXN-001347,SKU-0069,2024-09-29,3,1602,0,Online - Nykaa
TXN-001348,SKU-0069,2024-10-03,2,1202,25,Store - Indiranagar
TXN-001349,SKU-0070,2024-08-27,3,1371,0,Online - Nykaa
TXN-001350,SKU-0070,2024-09-13,2,1371,0,Online - Website
TXN-001351,SKU-0070,2024-09-29,1,1234,10,Store - MG Road
TXN-001352,SKU-0071,2024-07-09,1,1250,0,Online - Website
TXN-001353,SKU-0071,2024-07-14,2,1250,0,Online - Nykaa
TXN-001354,SKU-0071,2024-07-19,3,1250,0,Store - Indiranagar
TXN-001355,SKU-0071,2024-07-24,1,1250,0,Store - Indiranagar
TXN-001356,SKU-0071,2024-07-29,1,1250,0,Online - Nykaa
TXN-001357,SKU-0071,2024-08-03,1,1250,0,Store - Koramangala
TXN-001358,SKU-0071,2024-08-08,1,1250,0,Store - Indiranagar
TXN-001359,SKU-0071,2024-08-13,1,1250,0,Online - Website
TXN-001360,SKU-0071,2024-08-16,3,1250,0,Store - MG Road
TXN-001361,SKU-0071,2024-08-21,2,1250,0,Store - Indiranagar
TXN-001362,SKU-0071,2024-08-24,3,1250,0,Store - Indiranagar
TXN-001363,SKU-0071,2024-08-29,3,1250,0,Store - Koramangala
TXN-001364,SKU-0071,2024-09-03,1,1062,15,Store - MG Road
TXN-001365,SKU-0071,2024-09-06,1,1062,15,Store - Indiranagar
TXN-001366,SKU-0071,2024-09-09,2,1125,10,Store - MG Road
TXN-001367,SKU-0071,2024-09-13,3,1125,10,Store - MG Road
TXN-001368,SKU-0071,2024-09-18,1,1125,10,Online - Nykaa
TXN-001369,SKU-0071,2024-09-22,1,1250,0,Online - Instagram
TXN-001370,SKU-0071,2024-09-27,1,1250,0,Online - Website
TXN-001371,SKU-0071,2024-10-02,1,1000,20,Online - Instagram
TXN-001372,SKU-0071,2024-10-07,2,1250,0,Online - Instagram
TXN-001373,SKU-0071,2024-10-10,1,1250,0,Online - Website
TXN-001374,SKU-0071,2024-10-13,1,1062,15,Online - Website
TXN-001375,SKU-0071,2024-10-18,3,1250,0,Store - MG Road
TXN-001376,SKU-0071,2024-10-21,1,1250,0,Store - MG Road
TXN-001377,SKU-0071,2024-10-25,1,1250,0,Store - Indiranagar
TXN-001378,SKU-0071,2024-10-29,1,1062,15,Store - Koramangala
TXN-001379,SKU-0071,2024-11-03,2,1250,0,Store - MG Road
TXN-001380,SKU-0071,2024-11-08,2,1250,0,Online - Nykaa
TXN-001381,SKU-0072,2024-08-20,3,1414,15,Online - Instagram
TXN-001382,SKU-0072,2024-09-14,1,1663,0,Online - Website
TXN-001383,SKU-0073,2024-06-23,1,856,15,Online - Nykaa
TXN-001384,SKU-0073,2024-06-27,2,755,25,Store - MG Road
TXN-001385,SKU-0073,2024-06-29,2,1007,0,Store - Indiranagar
TXN-001386,SKU-0073,2024-07-01,3,1007,0,Store - Indiranagar
TXN-001387,SKU-0073,2024-07-03,1,1007,0,Online - Nykaa
TXN-001388,SKU-0073,2024-07-05,3,806,20,Store - Indiranagar
TXN-001389,SKU-0073,2024-07-09,2,906,10,Online - Website
TXN-001390,SKU-0073,2024-07-12,1,906,10,Store - Koramangala
TXN-001391,SKU-0073,2024-07-16,2,1007,0,Store - Koramangala
TXN-001392,SKU-0073,2024-07-19,2,906,10,Store - Indiranagar
TXN-001393,SKU-0073,2024-07-21,2,1007,0,Online - Nykaa
TXN-001394,SKU-0073,2024-07-24,3,1007,0,Online - Nykaa
TXN-001395,SKU-0073,2024-07-28,1,1007,0,Store - Koramangala
TXN-001396,SKU-0073,2024-07-30,1,906,10,Online - Website
TXN-001397,SKU-0073,2024-08-02,1,1007,0,Store - MG Road
TXN-001398,SKU-0073,2024-08-04,2,906,10,Online - Website
TXN-001399,SKU-0073,2024-08-07,1,1007,0,Online - Instagram
TXN-001400,SKU-0073,2024-08-09,1,1007,0,Online - Instagram
TXN-001401,SKU-0073,2024-08-13,3,806,20,Store - Indiranagar
TXN-001402,SKU-0073,2024-08-15,3,1007,0,Store - MG Road
TXN-001403,SKU-0073,2024-08-17,3,1007,0,Online - Instagram
TXN-001404,SKU-0073,2024-08-20,2,1007,0,Store - MG Road
TXN-001405,SKU-0073,2024-08-24,3,1007,0,Store - Koramangala
TXN-001406,SKU-0073,2024-08-26,2,1007,0,Store - Indiranagar
TXN-001407,SKU-0073,2024-08-30,2,1007,0,Online - Instagram
TXN-001408,SKU-0073,2024-09-03,1,1007,0,Store - Koramangala
TXN-001409,SKU-0073,2024-09-05,3,1007,0,Store - MG Road
TXN-001410,SKU-0073,2024-09-07,1,1007,0,Online - Website
TXN-001411,SKU-0073,2024-09-09,1,1007,0,Store - Indiranagar
TXN-001412,SKU-0073,2024-09-11,3,1007,0,Online - Website
TXN-001413,SKU-0073,2024-09-14,1,906,10,Store - Koramangala
TXN-001414,SKU-0073,2024-09-17,1,1007,0,Store - Koramangala
TXN-001415,SKU-0073,2024-09-20,1,1007,0,Store - Indiranagar
TXN-001416,SKU-0073,2024-09-22,2,1007,0,Store - Koramangala
TXN-001417,SKU-0073,2024-09-25,1,1007,0,Store - MG Road
TXN-001418,SKU-0074,2024-07-28,3,1454,0,Online - Instagram
TXN-001419,SKU-0074,2024-07-29,3,1454,0,Online - Nykaa
TXN-001420,SKU-0074,2024-08-01,1,1309,10,Online - Instagram
TXN-001421,SKU-0074,2024-08-04,1,1454,0,Store - MG Road
TXN-001422,SKU-0074,2024-08-05,3,1454,0,Online - Nykaa
TXN-001423,SKU-0074,2024-08-06,3,1454,0,Store - MG Road
TXN-001424,SKU-0074,2024-08-08,2,1454,0,Store - MG Road
TXN-001425,SKU-0074,2024-08-09,2,1236,15,Store - Koramangala
TXN-001426,SKU-0074,2024-08-10,1,1454,0,Online - Instagram
TXN-001427,SKU-0074,2024-08-13,1,1454,0,Online - Instagram
TXN-001428,SKU-0074,2024-08-15,1,1454,0,Store - Koramangala
TXN-001429,SKU-0074,2024-08-17,2,1454,0,Store - MG Road
TXN-001430,SKU-0074,2024-08-19,3,1454,0,Online - Nykaa
TXN-001431,SKU-0074,2024-08-21,1,1454,0,Online - Website
TXN-001432,SKU-0074,2024-08-22,1,1454,0,Store - Indiranagar
TXN-001433,SKU-0074,2024-08-23,3,1454,0,Online - Nykaa
TXN-001434,SKU-0074,2024-08-26,1,1309,10,Online - Website
TXN-001435,SKU-0074,2024-08-27,1,1454,0,Store - MG Road
TXN-001436,SKU-0074,2024-08-30,2,1454,0,Online - Nykaa
TXN-001437,SKU-0074,2024-08-31,1,1454,0,Online - Instagram
TXN-001438,SKU-0074,2024-09-01,3,1454,0,Store - Indiranagar
TXN-001439,SKU-0074,2024-09-03,1,1454,0,Online - Nykaa
TXN-001440,SKU-0074,2024-09-04,3,1236,15,Store - Koramangala
TXN-001441,SKU-0074,2024-09-06,2,1163,20,Store - MG Road
TXN-001442,SKU-0074,2024-09-07,1,1454,0,Store - Koramangala
TXN-001443,SKU-0074,2024-09-10,3,1454,0,Store - Koramangala
TXN-001444,SKU-0074,2024-09-11,2,1309,10,Store - Koramangala
TXN-001445,SKU-0074,2024-09-14,1,1454,0,Store - MG Road
TXN-001446,SKU-0074,2024-09-15,2,1454,0,Store - Koramangala
TXN-001447,SKU-0074,2024-09-18,3,1163,20,Store - MG Road
TXN-001448,SKU-0074,2024-09-21,3,1309,10,Online - Website
TXN-001449,SKU-0074,2024-09-22,1,1090,25,Online - Nykaa
TXN-001450,SKU-0074,2024-09-24,3,1454,0,Online - Website
TXN-001451,SKU-0074,2024-09-27,3,1454,0,Online - Website
TXN-001452,SKU-0074,2024-09-29,3,1454,0,Store - MG Road
TXN-001453,SKU-0074,2024-09-30,1,1454,0,Online - Website
TXN-001454,SKU-0075,2024-06-11,1,1634,0,Online - Instagram
TXN-001455,SKU-0075,2024-06-15,2,1634,0,Online - Nykaa
TXN-001456,SKU-0075,2024-06-20,2,1634,0,Store - MG Road
TXN-001457,SKU-0075,2024-06-24,1,1307,20,Online - Instagram
TXN-001458,SKU-0075,2024-06-29,3,1634,0,Store - Koramangala
TXN-001459,SKU-0075,2024-07-04,2,1634,0,Store - MG Road
TXN-001460,SKU-0075,2024-07-08,2,1634,0,Online - Instagram
TXN-001461,SKU-0075,2024-07-11,1,1634,0,Store - Koramangala
TXN-001462,SKU-0075,2024-07-15,1,1634,0,Store - Koramangala
TXN-001463,SKU-0075,2024-07-19,1,1634,0,Online - Website
TXN-001464,SKU-0075,2024-07-22,2,1307,20,Online - Website
TXN-001465,SKU-0075,2024-07-25,1,1471,10,Online - Website
TXN-001466,SKU-0075,2024-07-29,1,1634,0,Online - Instagram
TXN-001467,SKU-0075,2024-08-02,1,1389,15,Online - Instagram
TXN-001468,SKU-0075,2024-08-06,3,1634,0,Online - Nykaa
TXN-001469,SKU-0075,2024-08-11,3,1634,0,Store - MG Road
TXN-001470,SKU-0075,2024-08-16,1,1634,0,Online - Instagram
TXN-001471,SKU-0075,2024-08-21,3,1634,0,Online - Instagram
TXN-001472,SKU-0075,2024-08-25,1,1389,15,Online - Nykaa
TXN-001473,SKU-0075,2024-08-28,2,1634,0,Store - Indiranagar
TXN-001474,SKU-0075,2024-09-02,1,1471,10,Store - Koramangala
TXN-001475,SKU-0075,2024-09-05,1,1307,20,Online - Instagram
TXN-001476,SKU-0075,2024-09-08,3,1307,20,Online - Instagram
TXN-001477,SKU-0075,2024-09-13,3,1389,15,Online - Nykaa
TXN-001478,SKU-0075,2024-09-16,1,1634,0,Store - Koramangala
TXN-001479,SKU-0075,2024-09-19,1,1634,0,Store - Koramangala
TXN-001480,SKU-0075,2024-09-24,1,1634,0,Online - Instagram
TXN-001481,SKU-0075,2024-09-28,3,1634,0,Online - Instagram
TXN-001482,SKU-0075,2024-10-01,2,1634,0,Store - MG Road
TXN-001483,SKU-0076,2024-10-29,1,1206,25,Online - Website
TXN-001484,SKU-0076,2024-10-31,2,1608,0,Store - Koramangala
TXN-001485,SKU-0076,2024-11-02,1,1608,0,Store - Koramangala
TXN-001486,SKU-0076,2024-11-04,1,1608,0,Online - Nykaa
TXN-001487,SKU-0076,2024-11-07,2,1286,20,Online - Nykaa
TXN-001488,SKU-0076,2024-11-10,3,1608,0,Store - Indiranagar
TXN-001489,SKU-0076,2024-11-11,2,1608,0,Store - Indiranagar
TXN-001490,SKU-0076,2024-11-13,1,1367,15,Online - Website
TXN-001491,SKU-0076,2024-11-16,3,1608,0,Store - MG Road
TXN-001492,SKU-0076,2024-11-17,2,1447,10,Online - Instagram
TXN-001493,SKU-0076,2024-11-19,1,1608,0,Store - MG Road
TXN-001494,SKU-0076,2024-11-22,1,1367,15,Store - MG Road
TXN-001495,SKU-0076,2024-11-24,2,1608,0,Store - Koramangala
TXN-001496,SKU-0076,2024-11-26,1,1608,0,Store - Indiranagar
TXN-001497,SKU-0076,2024-11-29,1,1608,0,Store - Koramangala
TXN-001498,SKU-0076,2024-12-01,2,1608,0,Online - Website
TXN-001499,SKU-0077,2024-06-27,3,1087,10,Store - Koramangala
TXN-001500,SKU-0077,2024-07-02,1,1208,0,Online - Nykaa
TXN-001501,SKU-0077,2024-07-05,3,1208,0,Store - Indiranagar
TXN-001502,SKU-0077,2024-07-10,2,1208,0,Online - Website
TXN-001503,SKU-0077,2024-07-13,2,1208,0,Online - Website
TXN-001504,SKU-0077,2024-07-17,2,1208,0,Store - MG Road
TXN-001505,SKU-0077,2024-07-22,2,1087,10,Store - Koramangala
TXN-001506,SKU-0077,2024-07-27,1,1208,0,Store - MG Road
TXN-001507,SKU-0077,2024-07-31,3,1208,0,Store - Indiranagar
TXN-001508,SKU-0077,2024-08-04,1,1208,0,Online - Instagram
TXN-001509,SKU-0077,2024-08-08,3,1208,0,Online - Website
TXN-001510,SKU-0077,2024-08-13,3,1208,0,Store - Koramangala
TXN-001511,SKU-0077,2024-08-18,3,966,20,Online - Nykaa
TXN-001512,SKU-0077,2024-08-22,1,1208,0,Store - Koramangala
TXN-001513,SKU-0077,2024-08-25,2,1208,0,Online - Nykaa
TXN-001514,SKU-0077,2024-08-29,1,1208,0,Online - Nykaa
TXN-001515,SKU-0077,2024-09-03,2,1208,0,Store - Koramangala
TXN-001516,SKU-0077,2024-09-08,3,1087,10,Online - Website
TXN-001517,SKU-0077,2024-09-11,1,1208,0,Store - MG Road
TXN-001518,SKU-0078,2024-08-18,2,1071,0,Store - MG Road
TXN-001519,SKU-0078,2024-08-22,1,1071,0,Store - MG Road
TXN-001520,SKU-0078,2024-08-24,2,1071,0,Store - Koramangala
TXN-001521,SKU-0078,2024-08-26,2,1071,0,Online - Website
TXN-001522,SKU-0078,2024-08-30,2,1071,0,Store - Koramangala
TXN-001523,SKU-0078,2024-09-01,3,910,15,Store - Koramangala
TXN-001524,SKU-0078,2024-09-03,3,1071,0,Online - Website
TXN-001525,SKU-0078,2024-09-06,1,1071,0,Online - Website
TXN-001526,SKU-0078,2024-09-10,2,1071,0,Store - Koramangala
TXN-001527,SKU-0078,2024-09-14,1,1071,0,Online - Instagram
TXN-001528,SKU-0078,2024-09-18,3,1071,0,Online - Instagram
TXN-001529,SKU-0078,2024-09-20,1,1071,0,Store - MG Road
TXN-001530,SKU-0078,2024-09-22,2,803,25,Store - Indiranagar
TXN-001531,SKU-0078,2024-09-26,3,1071,0,Online - Website
TXN-001532,SKU-0078,2024-09-30,3,1071,0,Online - Instagram
TXN-001533,SKU-0078,2024-10-04,2,1071,0,Store - Indiranagar
TXN-001534,SKU-0078,2024-10-08,3,1071,0,Store - Indiranagar
TXN-001535,SKU-0078,2024-10-11,3,1071,0,Online - Website
TXN-001536,SKU-0078,2024-10-15,1,1071,0,Online - Nykaa
TXN-001537,SKU-0078,2024-10-18,2,1071,0,Store - Koramangala
TXN-001538,SKU-0078,2024-10-21,1,803,25,Store - Koramangala
TXN-001539,SKU-0078,2024-10-23,2,1071,0,Store - Indiranagar
TXN-001540,SKU-0079,2024-06-16,1,891,10,Store - Indiranagar
TXN-001541,SKU-0079,2024-06-26,3,891,10,Online - Nykaa
TXN-001542,SKU-0079,2024-07-06,3,990,0,Online - Website
TXN-001543,SKU-0079,2024-07-17,1,891,10,Store - Koramangala
TXN-001544,SKU-0079,2024-07-27,2,990,0,Store - MG Road
TXN-001545,SKU-0079,2024-08-07,2,842,15,Store - Koramangala
TXN-001546,SKU-0079,2024-08-18,2,990,0,Store - Indiranagar
TXN-001547,SKU-0079,2024-08-30,2,990,0,Store - MG Road
TXN-001548,SKU-0080,2024-06-14,2,1410,0,Store - MG Road
TXN-001549,SKU-0080,2024-06-17,1,1410,0,Online - Website
TXN-001550,SKU-0080,2024-06-19,2,1410,0,Store - Koramangala
TXN-001551,SKU-0080,2024-06-22,1,1410,0,Store - MG Road
TXN-001552,SKU-0080,2024-06-24,3,1410,0,Store - Indiranagar
TXN-001553,SKU-0080,2024-06-27,3,1410,0,Online - Website
TXN-001554,SKU-0080,2024-06-29,2,1410,0,Store - Koramangala
TXN-001555,SKU-0080,2024-07-02,1,1410,0,Store - Koramangala
TXN-001556,SKU-0080,2024-07-05,2,1269,10,Online - Nykaa
TXN-001557,SKU-0080,2024-07-07,3,1269,10,Online - Website
TXN-001558,SKU-0080,2024-07-10,3,1410,0,Online - Nykaa
TXN-001559,SKU-0080,2024-07-12,3,1198,15,Store - Koramangala
TXN-001560,SKU-0080,2024-07-15,3,1269,10,Store - Koramangala
TXN-001561,SKU-0080,2024-07-19,1,1410,0,Store - Indiranagar
TXN-001562,SKU-0080,2024-07-22,2,1410,0,Online - Website
TXN-001563,SKU-0080,2024-07-24,2,1269,10,Store - Koramangala
TXN-001564,SKU-0080,2024-07-26,3,1410,0,Store - Koramangala
TXN-001565,SKU-0080,2024-07-28,1,1128,20,Online - Website
TXN-001566,SKU-0080,2024-08-01,1,1269,10,Store - Koramangala
TXN-001567,SKU-0080,2024-08-04,1,1410,0,Online - Website
TXN-001568,SKU-0080,2024-08-08,3,1410,0,Online - Website
TXN-001569,SKU-0080,2024-08-11,3,1410,0,Online - Nykaa
TXN-001570,SKU-0080,2024-08-13,2,1410,0,Store - MG Road
TXN-001571,SKU-0080,2024-08-15,2,1410,0,Store - Koramangala
TXN-001572,SKU-0080,2024-08-18,1,1410,0,Online - Nykaa
TXN-001573,SKU-0080,2024-08-22,3,1410,0,Store - Indiranagar
TXN-001574,SKU-0080,2024-08-25,3,1410,0,Store - Indiranagar
TXN-001575,SKU-0080,2024-08-27,1,1410,0,Store - MG Road
TXN-001576,SKU-0080,2024-08-29,2,1410,0,Online - Website
TXN-001577,SKU-0080,2024-09-02,1,1410,0,Online - Instagram
TXN-001578,SKU-0080,2024-09-05,2,1198,15,Online - Website
TXN-001579,SKU-0080,2024-09-08,1,1058,25,Store - Koramangala
TXN-001580,SKU-0080,2024-09-10,3,1410,0,Online - Nykaa
TXN-001581,SKU-0080,2024-09-13,3,1410,0,Store - Koramangala
TXN-001582,SKU-0080,2024-09-16,2,1269,10,Store - MG Road
TXN-001583,SKU-0080,2024-09-20,3,1128,20,Store - MG Road
TXN-001584,SKU-0080,2024-09-23,2,1410,0,Store - Indiranagar
TXN-001585,SKU-0080,2024-09-26,2,1410,0,Store - Koramangala
TXN-001586,SKU-0080,2024-09-29,1,1410,0,Online - Website
TXN-001587,SKU-0080,2024-10-03,2,1410,0,Online - Website
TXN-001588,SKU-0081,2024-10-19,3,1773,0,Store - Koramangala
TXN-001589,SKU-0081,2024-10-22,1,1773,0,Online - Instagram
TXN-001590,SKU-0081,2024-10-23,3,1418,20,Online - Nykaa
TXN-001591,SKU-0081,2024-10-26,2,1596,10,Store - Indiranagar
TXN-001592,SKU-0081,2024-10-28,1,1773,0,Online - Website
TXN-001593,SKU-0081,2024-10-30,1,1773,0,Online - Nykaa
TXN-001594,SKU-0081,2024-10-31,1,1773,0,Store - Indiranagar
TXN-001595,SKU-0081,2024-11-02,1,1773,0,Store - Koramangala
TXN-001596,SKU-0081,2024-11-04,2,1773,0,Online - Nykaa
TXN-001597,SKU-0081,2024-11-06,2,1773,0,Store - Koramangala
TXN-001598,SKU-0081,2024-11-09,3,1773,0,Store - Koramangala
TXN-001599,SKU-0081,2024-11-11,1,1773,0,Store - Koramangala
TXN-001600,SKU-0081,2024-11-14,3,1773,0,Online - Website
TXN-001601,SKU-0081,2024-11-16,3,1773,0,Store - Koramangala
TXN-001602,SKU-0081,2024-11-17,3,1773,0,Store - MG Road
TXN-001603,SKU-0081,2024-11-18,1,1773,0,Online - Instagram
TXN-001604,SKU-0081,2024-11-21,3,1773,0,Store - Koramangala
TXN-001605,SKU-0081,2024-11-22,3,1773,0,Online - Website
TXN-001606,SKU-0081,2024-11-24,2,1773,0,Online - Website
TXN-001607,SKU-0081,2024-11-25,2,1330,25,Store - MG Road
TXN-001608,SKU-0081,2024-11-28,3,1773,0,Store - MG Road
TXN-001609,SKU-0081,2024-12-01,3,1773,0,Store - Koramangala
TXN-001610,SKU-0082,2024-11-07,1,1173,0,Store - MG Road
TXN-001611,SKU-0082,2024-11-08,1,1173,0,Store - Indiranagar
TXN-001612,SKU-0082,2024-11-11,2,1173,0,Online - Nykaa
TXN-001613,SKU-0082,2024-11-13,2,1173,0,Online - Instagram
TXN-001614,SKU-0082,2024-11-14,1,1173,0,Store - Koramangala
TXN-001615,SKU-0082,2024-11-16,3,1173,0,Store - Indiranagar
TXN-001616,SKU-0082,2024-11-17,1,1173,0,Store - Indiranagar
TXN-001617,SKU-0082,2024-11-19,1,1173,0,Store - MG Road
TXN-001618,SKU-0082,2024-11-21,3,1173,0,Online - Website
TXN-001619,SKU-0082,2024-11-24,1,997,15,Online - Website
TXN-001620,SKU-0082,2024-11-25,2,1173,0,Store - Indiranagar
TXN-001621,SKU-0082,2024-11-28,1,1173,0,Store - Indiranagar
TXN-001622,SKU-0082,2024-11-29,2,1173,0,Online - Nykaa
TXN-001623,SKU-0083,2024-08-11,1,1054,0,Store - Koramangala
TXN-001624,SKU-0083,2024-08-14,2,1054,0,Online - Website
TXN-001625,SKU-0083,2024-08-17,1,1054,0,Online - Nykaa
TXN-001626,SKU-0083,2024-08-18,2,1054,0,Online - Nykaa
TXN-001627,SKU-0083,2024-08-21,2,949,10,Online - Website
TXN-001628,SKU-0083,2024-08-23,2,1054,0,Store - Indiranagar
TXN-001629,SKU-0083,2024-08-25,2,1054,0,Online - Instagram
TXN-001630,SKU-0083,2024-08-28,1,1054,0,Online - Nykaa
TXN-001631,SKU-0083,2024-08-29,3,896,15,Online - Website
TXN-001632,SKU-0083,2024-09-01,2,1054,0,Online - Website
TXN-001633,SKU-0083,2024-09-02,2,1054,0,Store - MG Road
TXN-001634,SKU-0083,2024-09-05,1,1054,0,Online - Nykaa
TXN-001635,SKU-0083,2024-09-07,3,1054,0,Online - Website
TXN-001636,SKU-0083,2024-09-10,3,1054,0,Online - Website
TXN-001637,SKU-0083,2024-09-11,1,1054,0,Online - Instagram
TXN-001638,SKU-0083,2024-09-13,2,1054,0,Online - Nykaa
TXN-001639,SKU-0083,2024-09-15,1,1054,0,Store - Indiranagar
TXN-001640,SKU-0083,2024-09-18,3,1054,0,Online - Nykaa
TXN-001641,SKU-0083,2024-09-19,2,1054,0,Store - MG Road
TXN-001642,SKU-0083,2024-09-22,3,1054,0,Store - Indiranagar
TXN-001643,SKU-0083,2024-09-25,3,1054,0,Online - Nykaa
TXN-001644,SKU-0083,2024-09-27,2,1054,0,Online - Nykaa
TXN-001645,SKU-0083,2024-09-29,2,949,10,Online - Nykaa
TXN-001646,SKU-0083,2024-09-30,1,949,10,Store - Indiranagar
TXN-001647,SKU-0083,2024-10-03,1,1054,0,Store - Indiranagar
TXN-001648,SKU-0083,2024-10-05,1,1054,0,Store - Indiranagar
TXN-001649,SKU-0083,2024-10-06,2,1054,0,Online - Nykaa
TXN-001650,SKU-0083,2024-10-07,2,1054,0,Store - Koramangala
TXN-001651,SKU-0083,2024-10-10,3,1054,0,Store - Indiranagar
TXN-001652,SKU-0083,2024-10-13,2,1054,0,Store - Indiranagar
TXN-001653,SKU-0083,2024-10-15,3,1054,0,Store - Koramangala
TXN-001654,SKU-0083,2024-10-18,1,1054,0,Online - Website
TXN-001655,SKU-0083,2024-10-21,3,1054,0,Store - MG Road
TXN-001656,SKU-0083,2024-10-23,1,1054,0,Online - Instagram
TXN-001657,SKU-0083,2024-10-24,3,1054,0,Online - Website
TXN-001658,SKU-0083,2024-10-25,3,1054,0,Online - Instagram
TXN-001659,SKU-0083,2024-10-27,1,949,10,Online - Nykaa
TXN-001660,SKU-0083,2024-10-29,2,1054,0,Online - Website
TXN-001661,SKU-0083,2024-11-01,1,1054,0,Store - MG Road
TXN-001662,SKU-0083,2024-11-03,2,1054,0,Online - Nykaa
TXN-001663,SKU-0084,2024-10-26,1,1548,10,Online - Instagram
TXN-001664,SKU-0084,2024-10-29,2,1720,0,Online - Instagram
TXN-001665,SKU-0084,2024-11-01,1,1720,0,Store - MG Road
TXN-001666,SKU-0084,2024-11-03,3,1720,0,Online - Nykaa
TXN-001667,SKU-0084,2024-11-04,2,1720,0,Store - MG Road
TXN-001668,SKU-0084,2024-11-05,2,1720,0,Online - Website
TXN-001669,SKU-0084,2024-11-07,2,1376,20,Store - MG Road
TXN-001670,SKU-0084,2024-11-09,3,1720,0,Store - MG Road
TXN-001671,SKU-0084,2024-11-10,3,1720,0,Store - Indiranagar
TXN-001672,SKU-0084,2024-11-13,2,1720,0,Store - Indiranagar
TXN-001673,SKU-0084,2024-11-16,3,1720,0,Store - Koramangala
TXN-001674,SKU-0084,2024-11-18,1,1720,0,Store - Koramangala
TXN-001675,SKU-0084,2024-11-21,1,1720,0,Online - Website
TXN-001676,SKU-0084,2024-11-23,1,1720,0,Store - Koramangala
TXN-001677,SKU-0084,2024-11-25,3,1548,10,Store - Koramangala
TXN-001678,SKU-0084,2024-11-28,3,1548,10,Store - Koramangala
TXN-001679,SKU-0084,2024-11-30,3,1720,0,Online - Nykaa
TXN-001680,SKU-0084,2024-12-01,2,1376,20,Online - Nykaa
TXN-001681,SKU-0085,2024-09-01,2,1034,0,Online - Nykaa
TXN-001682,SKU-0085,2024-09-06,3,1034,0,Store - Koramangala
TXN-001683,SKU-0085,2024-09-10,3,776,25,Store - Koramangala
TXN-001684,SKU-0085,2024-09-16,3,1034,0,Online - Website
TXN-001685,SKU-0085,2024-09-22,3,931,10,Store - Koramangala
TXN-001686,SKU-0085,2024-09-26,2,1034,0,Store - Indiranagar
TXN-001687,SKU-0085,2024-10-02,2,1034,0,Online - Website
TXN-001688,SKU-0085,2024-10-08,1,776,25,Store - MG Road
TXN-001689,SKU-0086,2024-08-18,1,836,15,Online - Website
TXN-001690,SKU-0086,2024-08-20,1,983,0,Store - Koramangala
TXN-001691,SKU-0086,2024-08-23,3,983,0,Online - Nykaa
TXN-001692,SKU-0086,2024-08-24,1,983,0,Store - Indiranagar
TXN-001693,SKU-0086,2024-08-25,2,983,0,Online - Instagram
TXN-001694,SKU-0086,2024-08-27,1,885,10,Store - MG Road
TXN-001695,SKU-0086,2024-08-30,3,983,0,Store - MG Road
TXN-001696,SKU-0086,2024-09-02,1,983,0,Store - MG Road
TXN-001697,SKU-0086,2024-09-03,3,983,0,Store - MG Road
TXN-001698,SKU-0086,2024-09-05,3,983,0,Online - Nykaa
TXN-001699,SKU-0086,2024-09-07,1,983,0,Store - Koramangala
TXN-001700,SKU-0086,2024-09-10,3,983,0,Store - MG Road
TXN-001701,SKU-0086,2024-09-12,1,836,15,Store - Koramangala
TXN-001702,SKU-0086,2024-09-13,2,983,0,Store - MG Road
TXN-001703,SKU-0086,2024-09-15,1,983,0,Online - Nykaa
TXN-001704,SKU-0086,2024-09-17,1,983,0,Store - MG Road
TXN-001705,SKU-0086,2024-09-20,1,983,0,Online - Nykaa
TXN-001706,SKU-0086,2024-09-23,1,983,0,Store - Indiranagar
TXN-001707,SKU-0086,2024-09-24,1,983,0,Online - Nykaa
TXN-001708,SKU-0086,2024-09-26,3,983,0,Store - Indiranagar
TXN-001709,SKU-0086,2024-09-27,1,983,0,Store - MG Road
TXN-001710,SKU-0086,2024-09-30,3,983,0,Online - Instagram
TXN-001711,SKU-0086,2024-10-02,2,983,0,Store - Koramangala
TXN-001712,SKU-0086,2024-10-04,1,983,0,Online - Website
TXN-001713,SKU-0086,2024-10-06,1,786,20,Store - Koramangala
TXN-001714,SKU-0086,2024-10-08,3,983,0,Store - Indiranagar
TXN-001715,SKU-0086,2024-10-11,1,983,0,Online - Nykaa
TXN-001716,SKU-0086,2024-10-12,1,786,20,Online - Website
TXN-001717,SKU-0086,2024-10-15,1,983,0,Online - Website
TXN-001718,SKU-0086,2024-10-17,3,983,0,Online - Instagram
TXN-001719,SKU-0086,2024-10-20,2,983,0,Store - MG Road
TXN-001720,SKU-0086,2024-10-23,1,983,0,Store - MG Road
TXN-001721,SKU-0086,2024-10-26,1,983,0,Store - MG Road
TXN-001722,SKU-0087,2024-07-18,1,1720,0,Online - Nykaa
TXN-001723,SKU-0087,2024-08-03,1,1720,0,Online - Nykaa
TXN-001724,SKU-0087,2024-08-19,2,1462,15,Online - Website
TXN-001725,SKU-0087,2024-09-04,3,1720,0,Online - Website
TXN-001726,SKU-0087,2024-09-19,2,1376,20,Store - Koramangala
TXN-001727,SKU-0088,2024-09-22,2,1712,0,Store - Indiranagar
TXN-001728,SKU-0088,2024-09-25,3,1712,0,Store - MG Road
TXN-001729,SKU-0088,2024-09-26,3,1370,20,Store - MG Road
TXN-001730,SKU-0088,2024-09-29,3,1712,0,Store - Indiranagar
TXN-001731,SKU-0088,2024-09-30,1,1712,0,Store - MG Road
TXN-001732,SKU-0088,2024-10-01,2,1712,0,Store - Indiranagar
TXN-001733,SKU-0088,2024-10-03,3,1284,25,Online - Instagram
TXN-001734,SKU-0088,2024-10-06,1,1712,0,Online - Nykaa
TXN-001735,SKU-0088,2024-10-07,2,1712,0,Store - Koramangala
TXN-001736,SKU-0088,2024-10-08,3,1712,0,Store - Indiranagar
TXN-001737,SKU-0088,2024-10-09,1,1712,0,Store - Koramangala
TXN-001738,SKU-0088,2024-10-12,3,1712,0,Online - Nykaa
TXN-001739,SKU-0088,2024-10-15,1,1712,0,Online - Nykaa
TXN-001740,SKU-0088,2024-10-16,1,1712,0,Store - MG Road
TXN-001741,SKU-0088,2024-10-19,3,1712,0,Store - Indiranagar
TXN-001742,SKU-0088,2024-10-22,2,1712,0,Online - Website
TXN-001743,SKU-0088,2024-10-23,2,1712,0,Store - MG Road
TXN-001744,SKU-0088,2024-10-24,1,1455,15,Online - Nykaa
TXN-001745,SKU-0089,2024-08-07,2,819,20,Online - Website
TXN-001746,SKU-0089,2024-08-15,3,1024,0,Online - Instagram
TXN-001747,SKU-0089,2024-08-22,1,768,25,Store - Koramangala
TXN-001748,SKU-0089,2024-08-29,3,922,10,Online - Website
TXN-001749,SKU-0089,2024-09-06,1,1024,0,Store - Indiranagar
TXN-001750,SKU-0089,2024-09-15,3,1024,0,Store - Indiranagar
TXN-001751,SKU-0089,2024-09-23,1,1024,0,Online - Nykaa
TXN-001752,SKU-0089,2024-10-01,3,922,10,Store - Koramangala
TXN-001753,SKU-0089,2024-10-10,1,1024,0,Store - Koramangala
TXN-001754,SKU-0090,2024-08-19,1,1284,0,Store - MG Road
TXN-001755,SKU-0090,2024-08-20,1,1284,0,Online - Nykaa
TXN-001756,SKU-0090,2024-08-23,1,1284,0,Online - Website
TXN-001757,SKU-0090,2024-08-24,3,1156,10,Store - Indiranagar
TXN-001758,SKU-0090,2024-08-26,2,1284,0,Online - Nykaa
TXN-001759,SKU-0090,2024-08-29,2,1284,0,Online - Nykaa
TXN-001760,SKU-0090,2024-08-31,3,963,25,Store - Koramangala
TXN-001761,SKU-0090,2024-09-03,1,1284,0,Online - Instagram
TXN-001762,SKU-0090,2024-09-05,3,1284,0,Store - Indiranagar
TXN-001763,SKU-0090,2024-09-07,3,1027,20,Store - Indiranagar
TXN-001764,SKU-0090,2024-09-10,3,1284,0,Store - Indiranagar
TXN-001765,SKU-0090,2024-09-13,1,1284,0,Online - Nykaa
TXN-001766,SKU-0090,2024-09-16,1,1156,10,Store - Koramangala
TXN-001767,SKU-0090,2024-09-19,1,1284,0,Online - Website
TXN-001768,SKU-0090,2024-09-22,2,1284,0,Online - Nykaa
TXN-001769,SKU-0090,2024-09-25,2,1284,0,Store - Indiranagar
TXN-001770,SKU-0090,2024-09-26,2,1284,0,Store - Indiranagar
TXN-001771,SKU-0090,2024-09-28,1,1284,0,Online - Website
TXN-001772,SKU-0090,2024-10-01,1,1027,20,Store - Indiranagar
TXN-001773,SKU-0090,2024-10-03,2,1284,0,Online - Instagram
TXN-001774,SKU-0090,2024-10-04,1,1284,0,Online - Instagram
TXN-001775,SKU-0090,2024-10-06,3,1284,0,Store - Indiranagar
TXN-001776,SKU-0090,2024-10-08,2,1156,10,Store - Koramangala
TXN-001777,SKU-0090,2024-10-10,3,1156,10,Store - MG Road
TXN-001778,SKU-0090,2024-10-11,1,1091,15,Online - Website
TXN-001779,SKU-0090,2024-10-12,1,1284,0,Online - Website
TXN-001780,SKU-0090,2024-10-13,2,1091,15,Online - Website
TXN-001781,SKU-0090,2024-10-16,1,1284,0,Store - Indiranagar
TXN-001782,SKU-0090,2024-10-19,1,1284,0,Store - Indiranagar
TXN-001783,SKU-0090,2024-10-20,3,1284,0,Store - Indiranagar
TXN-001784,SKU-0090,2024-10-21,3,1284,0,Online - Nykaa
TXN-001785,SKU-0090,2024-10-24,2,1284,0,Online - Instagram
TXN-001786,SKU-0091,2024-08-04,1,1708,0,Store - Koramangala
TXN-001787,SKU-0091,2024-08-08,3,1366,20,Store - Koramangala
TXN-001788,SKU-0091,2024-08-13,1,1708,0,Store - MG Road
TXN-001789,SKU-0091,2024-08-18,3,1708,0,Store - Koramangala
TXN-001790,SKU-0091,2024-08-23,3,1708,0,Online - Instagram
TXN-001791,SKU-0091,2024-08-27,2,1708,0,Store - MG Road
TXN-001792,SKU-0091,2024-09-01,3,1537,10,Store - MG Road
TXN-001793,SKU-0091,2024-09-05,1,1708,0,Store - MG Road
TXN-001794,SKU-0091,2024-09-09,3,1708,0,Store - Koramangala
TXN-001795,SKU-0091,2024-09-14,2,1708,0,Online - Instagram
TXN-001796,SKU-0091,2024-09-18,1,1708,0,Online - Instagram
TXN-001797,SKU-0092,2024-09-05,2,1350,0,Online - Nykaa
TXN-001798,SKU-0092,2024-09-10,3,1350,0,Online - Nykaa
TXN-001799,SKU-0092,2024-09-14,3,1350,0,Store - Koramangala
TXN-001800,SKU-0092,2024-09-18,1,1080,20,Online - Instagram
TXN-001801,SKU-0092,2024-09-22,2,1350,0,Store - Indiranagar
TXN-001802,SKU-0092,2024-09-25,2,1350,0,Store - Koramangala
TXN-001803,SKU-0092,2024-09-29,3,1012,25,Online - Instagram
TXN-001804,SKU-0092,2024-10-03,2,1215,10,Store - Indiranagar
TXN-001805,SKU-0092,2024-10-06,3,1350,0,Store - Koramangala
TXN-001806,SKU-0092,2024-10-10,2,1350,0,Store - MG Road
TXN-001807,SKU-0092,2024-10-13,3,1350,0,Store - Koramangala
TXN-001808,SKU-0092,2024-10-18,1,1350,0,Online - Instagram
TXN-001809,SKU-0092,2024-10-23,1,1350,0,Store - Koramangala
TXN-001810,SKU-0093,2024-07-15,1,1399,0,Online - Website
TXN-001811,SKU-0093,2024-07-27,2,1399,0,Online - Nykaa
TXN-001812,SKU-0093,2024-08-08,3,1399,0,Online - Instagram
TXN-001813,SKU-0093,2024-08-18,1,1399,0,Online - Nykaa
TXN-001814,SKU-0093,2024-08-29,2,1399,0,Store - Indiranagar
TXN-001815,SKU-0093,2024-09-09,1,1119,20,Store - Indiranagar
TXN-001816,SKU-0093,2024-09-20,1,1399,0,Store - Indiranagar
TXN-001817,SKU-0093,2024-09-30,1,1399,0,Store - MG Road
TXN-001818,SKU-0093,2024-10-10,1,1399,0,Online - Nykaa
TXN-001819,SKU-0094,2024-07-09,2,1309,0,Store - Indiranagar
TXN-001820,SKU-0094,2024-07-15,2,1309,0,Online - Instagram
TXN-001821,SKU-0094,2024-07-22,2,1178,10,Store - Koramangala
TXN-001822,SKU-0094,2024-07-27,1,1309,0,Store - Koramangala
TXN-001823,SKU-0094,2024-08-03,1,1309,0,Store - Indiranagar
TXN-001824,SKU-0094,2024-08-08,3,1047,20,Store - Koramangala
TXN-001825,SKU-0094,2024-08-15,3,1178,10,Online - Nykaa
TXN-001826,SKU-0094,2024-08-21,1,1047,20,Store - MG Road
TXN-001827,SKU-0094,2024-08-26,1,1309,0,Online - Website
TXN-001828,SKU-0094,2024-09-01,2,1309,0,Store - MG Road
TXN-001829,SKU-0094,2024-09-08,2,1178,10,Online - Website
TXN-001830,SKU-0094,2024-09-15,1,1309,0,Online - Instagram
TXN-001831,SKU-0094,2024-09-20,3,1309,0,Online - Website
TXN-001832,SKU-0094,2024-09-25,2,1113,15,Store - Koramangala
TXN-001833,SKU-0095,2024-06-24,2,1000,0,Online - Website
TXN-001834,SKU-0095,2024-06-28,2,750,25,Store - Indiranagar
TXN-001835,SKU-0095,2024-07-04,2,900,10,Online - Instagram
TXN-001836,SKU-0095,2024-07-10,1,1000,0,Online - Website
TXN-001837,SKU-0095,2024-07-14,1,1000,0,Store - MG Road
TXN-001838,SKU-0095,2024-07-20,3,1000,0,Store - MG Road
TXN-001839,SKU-0095,2024-07-25,3,1000,0,Online - Instagram
TXN-001840,SKU-0095,2024-07-30,1,1000,0,Online - Website
TXN-001841,SKU-0095,2024-08-05,1,1000,0,Store - Indiranagar
TXN-001842,SKU-0095,2024-08-10,3,1000,0,Store - Indiranagar
TXN-001843,SKU-0095,2024-08-15,1,1000,0,Store - MG Road
TXN-001844,SKU-0095,2024-08-20,3,800,20,Store - MG Road
TXN-001845,SKU-0095,2024-08-26,2,800,20,Online - Nykaa
TXN-001846,SKU-0095,2024-09-01,3,900,10,Online - Nykaa
TXN-001847,SKU-0095,2024-09-06,1,1000,0,Online - Nykaa
TXN-001848,SKU-0095,2024-09-12,2,1000,0,Online - Nykaa
TXN-001849,SKU-0095,2024-09-16,2,1000,0,Online - Nykaa
TXN-001850,SKU-0095,2024-09-21,2,850,15,Online - Website
TXN-001851,SKU-0095,2024-09-27,3,1000,0,Store - Koramangala
TXN-001852,SKU-0095,2024-10-02,1,1000,0,Online - Nykaa
TXN-001853,SKU-0096,2024-09-09,2,1354,0,Store - MG Road
TXN-001854,SKU-0096,2024-09-12,3,1354,0,Online - Instagram
TXN-001855,SKU-0096,2024-09-15,1,1354,0,Online - Website
TXN-001856,SKU-0096,2024-09-19,1,1354,0,Online - Website
TXN-001857,SKU-0096,2024-09-22,3,1219,10,Store - Indiranagar
TXN-001858,SKU-0096,2024-09-27,3,1354,0,Online - Website
TXN-001859,SKU-0096,2024-10-02,2,1219,10,Store - Indiranagar
TXN-001860,SKU-0096,2024-10-05,1,1354,0,Online - Nykaa
TXN-001861,SKU-0096,2024-10-10,1,1354,0,Online - Website
TXN-001862,SKU-0096,2024-10-15,1,1354,0,Store - MG Road
TXN-001863,SKU-0096,2024-10-18,2,1354,0,Store - Indiranagar
TXN-001864,SKU-0096,2024-10-23,1,1354,0,Store - Indiranagar
TXN-001865,SKU-0096,2024-10-27,1,1354,0,Store - MG Road
TXN-001866,SKU-0096,2024-10-30,3,1354,0,Store - MG Road
TXN-001867,SKU-0096,2024-11-03,2,1354,0,Store - Koramangala
TXN-001868,SKU-0096,2024-11-06,1,1354,0,Store - Koramangala
TXN-001869,SKU-0096,2024-11-10,3,1354,0,Online - Instagram
TXN-001870,SKU-0096,2024-11-14,2,1354,0,Store - Koramangala
TXN-001871,SKU-0097,2024-10-04,3,1027,0,Store - MG Road
TXN-001872,SKU-0097,2024-10-12,2,1027,0,Online - Nykaa
TXN-001873,SKU-0097,2024-10-21,2,1027,0,Store - Indiranagar
TXN-001874,SKU-0097,2024-10-29,3,924,10,Online - Website
TXN-001875,SKU-0097,2024-11-06,1,1027,0,Online - Instagram
TXN-001876,SKU-0097,2024-11-13,2,1027,0,Store - Indiranagar
TXN-001877,SKU-0097,2024-11-20,2,1027,0,Online - Instagram
TXN-001878,SKU-0097,2024-11-28,2,1027,0,Store - MG Road
TXN-001879,SKU-0098,2024-08-03,2,1299,0,Store - Indiranagar
TXN-001880,SKU-0098,2024-08-08,3,1299,0,Online - Instagram
TXN-001881,SKU-0098,2024-08-13,3,1039,20,Store - Indiranagar
TXN-001882,SKU-0098,2024-08-17,3,1299,0,Store - Koramangala
TXN-001883,SKU-0098,2024-08-22,3,1104,15,Online - Website
TXN-001884,SKU-0098,2024-08-27,2,1299,0,Online - Nykaa
TXN-001885,SKU-0098,2024-09-01,3,1299,0,Store - Indiranagar
TXN-001886,SKU-0098,2024-09-04,3,1299,0,Store - Koramangala
TXN-001887,SKU-0098,2024-09-08,3,1299,0,Store - Indiranagar
TXN-001888,SKU-0098,2024-09-13,3,1299,0,Store - MG Road
TXN-001889,SKU-0098,2024-09-16,3,1299,0,Online - Nykaa
TXN-001890,SKU-0098,2024-09-20,3,1169,10,Store - Indiranagar
TXN-001891,SKU-0098,2024-09-23,1,1299,0,Online - Instagram
TXN-001892,SKU-0098,2024-09-26,3,1299,0,Online - Website
TXN-001893,SKU-0098,2024-09-30,1,1299,0,Online - Nykaa
TXN-001894,SKU-0098,2024-10-03,1,1299,0,Online - Instagram
TXN-001895,SKU-0098,2024-10-07,1,1169,10,Store - Koramangala
TXN-001896,SKU-0099,2024-10-02,2,1313,20,Online - Nykaa
TXN-001897,SKU-0099,2024-10-05,2,1641,0,Online - Nykaa
TXN-001898,SKU-0099,2024-10-10,2,1641,0,Store - Koramangala
TXN-001899,SKU-0099,2024-10-13,3,1641,0,Online - Instagram
TXN-001900,SKU-0099,2024-10-18,3,1313,20,Online - Website
TXN-001901,SKU-0099,2024-10-23,2,1641,0,Online - Instagram
TXN-001902,SKU-0099,2024-10-26,3,1395,15,Store - MG Road
TXN-001903,SKU-0099,2024-10-30,1,1641,0,Store - Koramangala
TXN-001904,SKU-0099,2024-11-03,3,1313,20,Store - MG Road
TXN-001905,SKU-0100,2024-08-01,2,1335,0,Store - Koramangala
TXN-001906,SKU-0100,2024-08-19,3,1335,0,Online - Nykaa
TXN-001907,SKU-0100,2024-09-07,2,1068,20,Store - Indiranagar
TXN-001908,SKU-0101,2024-08-03,1,1699,0,Store - Koramangala
TXN-001909,SKU-0101,2024-08-13,2,1699,0,Online - Nykaa
TXN-001910,SKU-0101,2024-08-22,2,1529,10,Store - Indiranagar
TXN-001911,SKU-0101,2024-08-31,2,1529,10,Online - Website
TXN-001912,SKU-0101,2024-09-08,3,1699,0,Online - Nykaa
TXN-001913,SKU-0101,2024-09-16,1,1699,0,Store - Indiranagar
TXN-001914,SKU-0101,2024-09-24,2,1699,0,Store - Koramangala
TXN-001915,SKU-0101,2024-10-03,1,1359,20,Online - Nykaa
TXN-001916,SKU-0101,2024-10-12,1,1699,0,Store - MG Road
TXN-001917,SKU-0102,2024-10-21,1,1580,0,Online - Instagram
TXN-001918,SKU-0102,2024-10-24,1,1580,0,Store - Koramangala
TXN-001919,SKU-0102,2024-10-25,2,1580,0,Online - Nykaa
TXN-001920,SKU-0102,2024-10-28,1,1580,0,Store - MG Road
TXN-001921,SKU-0102,2024-10-30,2,1580,0,Store - Indiranagar
TXN-001922,SKU-0102,2024-10-31,2,1185,25,Online - Nykaa
TXN-001923,SKU-0102,2024-11-01,1,1264,20,Store - MG Road
TXN-001924,SKU-0102,2024-11-04,3,1264,20,Online - Website
TXN-001925,SKU-0102,2024-11-05,2,1580,0,Online - Website
TXN-001926,SKU-0102,2024-11-07,3,1580,0,Store - Indiranagar
TXN-001927,SKU-0102,2024-11-10,3,1580,0,Online - Instagram
TXN-001928,SKU-0102,2024-11-12,3,1580,0,Online - Instagram
TXN-001929,SKU-0102,2024-11-14,3,1580,0,Store - Koramangala
TXN-001930,SKU-0102,2024-11-17,2,1343,15,Store - MG Road
TXN-001931,SKU-0102,2024-11-18,1,1580,0,Store - Koramangala
TXN-001932,SKU-0102,2024-11-21,2,1580,0,Store - Koramangala
TXN-001933,SKU-0102,2024-11-23,2,1580,0,Online - Instagram
TXN-001934,SKU-0102,2024-11-25,3,1580,0,Online - Nykaa
TXN-001935,SKU-0102,2024-11-27,3,1264,20,Online - Website
TXN-001936,SKU-0102,2024-11-30,2,1580,0,Store - Koramangala
TXN-001937,SKU-0102,2024-12-01,1,1580,0,Store - Koramangala
TXN-001938,SKU-0103,2024-10-24,3,1761,0,Online - Website
TXN-001939,SKU-0103,2024-10-29,3,1761,0,Store - Indiranagar
TXN-001940,SKU-0103,2024-11-01,2,1761,0,Online - Instagram
TXN-001941,SKU-0103,2024-11-04,2,1497,15,Online - Website
TXN-001942,SKU-0103,2024-11-07,2,1761,0,Online - Instagram
TXN-001943,SKU-0103,2024-11-10,2,1761,0,Online - Website
TXN-001944,SKU-0104,2024-08-01,2,1182,0,Online - Website
TXN-001945,SKU-0104,2024-08-03,3,886,25,Online - Instagram
TXN-001946,SKU-0104,2024-08-06,1,1182,0,Store - Koramangala
TXN-001947,SKU-0104,2024-08-08,3,1182,0,Store - MG Road
TXN-001948,SKU-0104,2024-08-11,3,1182,0,Online - Nykaa
TXN-001949,SKU-0104,2024-08-13,2,1182,0,Online - Nykaa
TXN-001950,SKU-0104,2024-08-16,3,1182,0,Online - Instagram
TXN-001951,SKU-0104,2024-08-17,1,886,25,Store - MG Road
TXN-001952,SKU-0104,2024-08-20,2,1005,15,Online - Website
TXN-001953,SKU-0104,2024-08-22,1,1182,0,Store - MG Road
TXN-001954,SKU-0104,2024-08-24,1,1182,0,Online - Instagram
TXN-001955,SKU-0104,2024-08-26,3,1182,0,Online - Nykaa
TXN-001956,SKU-0104,2024-08-27,2,1182,0,Store - MG Road
TXN-001957,SKU-0104,2024-08-28,3,1182,0,Online - Nykaa
TXN-001958,SKU-0104,2024-08-29,2,1064,10,Online - Website
TXN-001959,SKU-0104,2024-08-30,1,1182,0,Store - Koramangala
TXN-001960,SKU-0104,2024-09-02,1,1182,0,Store - Indiranagar
TXN-001961,SKU-0104,2024-09-04,2,1182,0,Store - Koramangala
TXN-001962,SKU-0104,2024-09-05,2,1182,0,Store - MG Road
TXN-001963,SKU-0104,2024-09-06,2,1182,0,Online - Nykaa
TXN-001964,SKU-0104,2024-09-09,3,1182,0,Store - Koramangala
TXN-001965,SKU-0104,2024-09-10,3,1182,0,Store - Koramangala
TXN-001966,SKU-0104,2024-09-12,2,886,25,Store - Koramangala
TXN-001967,SKU-0104,2024-09-15,2,946,20,Online - Instagram
TXN-001968,SKU-0104,2024-09-18,3,1182,0,Online - Instagram
TXN-001969,SKU-0104,2024-09-21,3,1182,0,Store - MG Road
TXN-001970,SKU-0104,2024-09-24,3,1182,0,Store - MG Road
TXN-001971,SKU-0104,2024-09-25,1,1182,0,Online - Website
TXN-001972,SKU-0104,2024-09-26,2,1182,0,Online - Instagram
TXN-001973,SKU-0104,2024-09-29,1,1005,15,Store - MG Road
TXN-001974,SKU-0104,2024-10-02,2,1182,0,Store - Koramangala
TXN-001975,SKU-0104,2024-10-03,1,1182,0,Store - Koramangala
TXN-001976,SKU-0104,2024-10-06,2,1182,0,Store - MG Road
TXN-001977,SKU-0104,2024-10-08,1,1064,10,Online - Website
TXN-001978,SKU-0104,2024-10-11,2,1005,15,Store - MG Road
TXN-001979,SKU-0104,2024-10-13,3,1182,0,Store - MG Road
TXN-001980,SKU-0104,2024-10-15,1,1182,0,Online - Website
TXN-001981,SKU-0104,2024-10-18,2,1182,0,Online - Instagram
TXN-001982,SKU-0104,2024-10-19,2,1182,0,Store - Indiranagar
TXN-001983,SKU-0104,2024-10-22,1,1064,10,Store - Indiranagar
TXN-001984,SKU-0104,2024-10-25,3,1182,0,Store - Indiranagar
TXN-001985,SKU-0104,2024-10-26,3,1182,0,Store - Koramangala
TXN-001986,SKU-0104,2024-10-27,3,1182,0,Store - Indiranagar
TXN-001987,SKU-0104,2024-10-30,3,1005,15,Store - Koramangala
TXN-001988,SKU-0104,2024-10-31,2,1182,0,Online - Nykaa
TXN-001989,SKU-0104,2024-11-01,2,886,25,Store - MG Road
TXN-001990,SKU-0104,2024-11-04,2,1182,0,Online - Instagram
TXN-001991,SKU-0104,2024-11-07,2,1182,0,Store - Koramangala
TXN-001992,SKU-0104,2024-11-09,3,1182,0,Online - Website
TXN-001993,SKU-0104,2024-11-12,1,1182,0,Store - MG Road
TXN-001994,SKU-0104,2024-11-14,1,1182,0,Online - Nykaa
TXN-001995,SKU-0105,2024-08-27,2,1318,0,Store - MG Road
TXN-001996,SKU-0105,2024-09-01,2,1318,0,Online - Nykaa
TXN-001997,SKU-0105,2024-09-06,3,1186,10,Online - Instagram
TXN-001998,SKU-0105,2024-09-12,2,1318,0,Online - Nykaa
TXN-001999,SKU-0105,2024-09-19,2,1318,0,Store - MG Road
TXN-002000,SKU-0105,2024-09-24,2,1318,0,Online - Website
TXN-002001,SKU-0105,2024-10-01,1,1186,10,Store - Indiranagar
TXN-002002,SKU-0105,2024-10-07,1,1186,10,Store - Koramangala
TXN-002003,SKU-0105,2024-10-12,1,1318,0,Store - MG Road
TXN-002004,SKU-0105,2024-10-17,2,1318,0,Online - Website
TXN-002005,SKU-0105,2024-10-23,1,1318,0,Online - Instagram
TXN-002006,SKU-0106,2024-09-20,2,1392,0,Online - Website
TXN-002007,SKU-0106,2024-09-21,2,1392,0,Online - Instagram
TXN-002008,SKU-0106,2024-09-22,2,1392,0,Store - Koramangala
TXN-002009,SKU-0106,2024-09-23,2,1392,0,Online - Nykaa
TXN-002010,SKU-0106,2024-09-26,1,1044,25,Store - Indiranagar
TXN-002011,SKU-0106,2024-09-28,2,1392,0,Store - MG Road
TXN-002012,SKU-0106,2024-09-30,1,1114,20,Store - Koramangala
TXN-002013,SKU-0106,2024-10-01,1,1392,0,Online - Instagram
TXN-002014,SKU-0106,2024-10-02,2,1392,0,Online - Website
TXN-002015,SKU-0106,2024-10-04,3,1253,10,Store - Koramangala
TXN-002016,SKU-0106,2024-10-05,1,1392,0,Store - Indiranagar
TXN-002017,SKU-0106,2024-10-08,3,1392,0,Store - Indiranagar
TXN-002018,SKU-0106,2024-10-09,1,1253,10,Online - Instagram
TXN-002019,SKU-0106,2024-10-12,3,1392,0,Online - Website
TXN-002020,SKU-0106,2024-10-13,3,1392,0,Online - Nykaa
TXN-002021,SKU-0106,2024-10-14,2,1253,10,Online - Instagram
TXN-002022,SKU-0106,2024-10-15,1,1392,0,Store - Indiranagar
TXN-002023,SKU-0106,2024-10-18,3,1392,0,Online - Nykaa
TXN-002024,SKU-0106,2024-10-21,2,1114,20,Online - Instagram
TXN-002025,SKU-0106,2024-10-22,1,1114,20,Online - Instagram
TXN-002026,SKU-0106,2024-10-24,1,1392,0,Online - Nykaa
TXN-002027,SKU-0106,2024-10-27,2,1392,0,Store - Indiranagar
TXN-002028,SKU-0107,2024-09-09,2,1659,0,Store - Indiranagar
TXN-002029,SKU-0107,2024-09-29,2,1659,0,Store - Indiranagar
TXN-002030,SKU-0108,2024-10-09,2,1492,0,Online - Website
TXN-002031,SKU-0108,2024-10-12,2,1119,25,Store - MG Road
TXN-002032,SKU-0108,2024-10-16,3,1194,20,Online - Website
TXN-002033,SKU-0108,2024-10-19,1,1343,10,Store - MG Road
TXN-002034,SKU-0108,2024-10-24,3,1492,0,Store - MG Road
TXN-002035,SKU-0108,2024-10-29,3,1492,0,Online - Website
TXN-002036,SKU-0108,2024-11-03,3,1343,10,Online - Instagram
TXN-002037,SKU-0108,2024-11-07,3,1492,0,Online - Instagram
TXN-002038,SKU-0108,2024-11-11,2,1343,10,Store - Koramangala
TXN-002039,SKU-0108,2024-11-16,1,1194,20,Store - Indiranagar
TXN-002040,SKU-0108,2024-11-20,2,1194,20,Online - Nykaa
TXN-002041,SKU-0108,2024-11-23,1,1492,0,Online - Instagram
TXN-002042,SKU-0108,2024-11-27,1,1343,10,Store - Indiranagar
TXN-002043,SKU-0109,2024-11-14,1,1024,0,Store - Koramangala
TXN-002044,SKU-0109,2024-11-22,1,1024,0,Online - Website
TXN-002045,SKU-0109,2024-11-29,3,1024,0,Store - MG Road
TXN-002046,SKU-0110,2024-08-31,2,1390,0,Store - Indiranagar
TXN-002047,SKU-0110,2024-09-03,1,1390,0,Store - Koramangala
TXN-002048,SKU-0110,2024-09-05,2,1390,0,Online - Instagram
TXN-002049,SKU-0110,2024-09-08,1,1390,0,Online - Nykaa
TXN-002050,SKU-0110,2024-09-10,2,1251,10,Store - Koramangala
TXN-002051,SKU-0110,2024-09-12,2,1251,10,Online - Nykaa
TXN-002052,SKU-0110,2024-09-14,2,1390,0,Store - Indiranagar
TXN-002053,SKU-0110,2024-09-15,2,1390,0,Online - Instagram
TXN-002054,SKU-0110,2024-09-17,2,1390,0,Store - Indiranagar
TXN-002055,SKU-0110,2024-09-20,1,1182,15,Online - Website
TXN-002056,SKU-0110,2024-09-23,1,1390,0,Online - Nykaa
TXN-002057,SKU-0110,2024-09-24,1,1251,10,Online - Website
TXN-002058,SKU-0110,2024-09-27,2,1390,0,Store - MG Road
TXN-002059,SKU-0110,2024-09-28,1,1182,15,Store - Koramangala
TXN-002060,SKU-0110,2024-10-01,1,1182,15,Online - Nykaa
TXN-002061,SKU-0110,2024-10-03,2,1112,20,Store - MG Road
TXN-002062,SKU-0110,2024-10-06,1,1390,0,Store - Koramangala
TXN-002063,SKU-0110,2024-10-07,1,1390,0,Store - Koramangala
TXN-002064,SKU-0110,2024-10-10,2,1390,0,Store - MG Road
TXN-002065,SKU-0110,2024-10-13,1,1112,20,Online - Nykaa
TXN-002066,SKU-0110,2024-10-15,3,1390,0,Online - Nykaa
TXN-002067,SKU-0110,2024-10-18,2,1390,0,Store - Koramangala
TXN-002068,SKU-0110,2024-10-20,1,1390,0,Store - Indiranagar
TXN-002069,SKU-0110,2024-10-23,1,1390,0,Store - Indiranagar
TXN-002070,SKU-0110,2024-10-26,2,1390,0,Store - Koramangala
TXN-002071,SKU-0110,2024-10-27,1,1390,0,Online - Nykaa
TXN-002072,SKU-0110,2024-10-28,3,1390,0,Online - Website
TXN-002073,SKU-0110,2024-10-30,2,1390,0,Store - Indiranagar
TXN-002074,SKU-0110,2024-11-02,2,1182,15,Store - Indiranagar
TXN-002075,SKU-0110,2024-11-05,2,1390,0,Store - MG Road
TXN-002076,SKU-0110,2024-11-07,3,1390,0,Online - Instagram
TXN-002077,SKU-0110,2024-11-08,2,1390,0,Online - Website
TXN-002078,SKU-0111,2024-10-30,3,1785,0,Online - Nykaa
TXN-002079,SKU-0111,2024-11-04,1,1785,0,Online - Instagram
TXN-002080,SKU-0111,2024-11-07,2,1428,20,Online - Instagram
TXN-002081,SKU-0111,2024-11-12,3,1785,0,Online - Nykaa
TXN-002082,SKU-0111,2024-11-15,1,1517,15,Online - Website
TXN-002083,SKU-0111,2024-11-18,3,1785,0,Store - Indiranagar
TXN-002084,SKU-0111,2024-11-22,3,1785,0,Store - Indiranagar
TXN-002085,SKU-0111,2024-11-25,3,1785,0,Online - Nykaa
TXN-002086,SKU-0111,2024-11-30,2,1606,10,Store - Indiranagar
TXN-002087,SKU-0112,2024-10-11,3,1269,0,Store - MG Road
TXN-002088,SKU-0113,2024-11-13,3,815,15,Online - Instagram
TXN-002089,SKU-0113,2024-11-15,2,767,20,Online - Instagram
TXN-002090,SKU-0113,2024-11-17,1,959,0,Online - Instagram
TXN-002091,SKU-0113,2024-11-18,1,959,0,Store - Indiranagar
TXN-002092,SKU-0113,2024-11-19,2,959,0,Online - Nykaa
TXN-002093,SKU-0113,2024-11-22,3,959,0,Store - Koramangala
TXN-002094,SKU-0113,2024-11-24,1,959,0,Store - Indiranagar
TXN-002095,SKU-0113,2024-11-25,2,959,0,Online - Website
TXN-002096,SKU-0113,2024-11-26,2,959,0,Online - Website
TXN-002097,SKU-0113,2024-11-29,3,863,10,Online - Instagram
TXN-002098,SKU-0114,2024-09-16,3,1270,0,Store - MG Road
TXN-002099,SKU-0114,2024-09-21,3,1270,0,Online - Instagram
TXN-002100,SKU-0114,2024-09-26,1,1143,10,Store - Indiranagar
TXN-002101,SKU-0114,2024-09-30,2,1270,0,Online - Nykaa
TXN-002102,SKU-0114,2024-10-03,3,1143,10,Store - Indiranagar
TXN-002103,SKU-0114,2024-10-07,3,1143,10,Store - Koramangala
TXN-002104,SKU-0114,2024-10-11,3,1270,0,Store - MG Road
TXN-002105,SKU-0114,2024-10-14,1,1270,0,Store - MG Road
TXN-002106,SKU-0114,2024-10-19,3,1270,0,Store - MG Road
TXN-002107,SKU-0114,2024-10-24,2,1270,0,Online - Instagram
TXN-002108,SKU-0114,2024-10-27,3,1270,0,Store - Indiranagar
TXN-002109,SKU-0115,2024-09-30,3,1044,0,Store - Indiranagar
TXN-002110,SKU-0115,2024-10-02,3,1044,0,Online - Website
TXN-002111,SKU-0115,2024-10-05,1,887,15,Store - MG Road
TXN-002112,SKU-0115,2024-10-07,1,1044,0,Store - Indiranagar
TXN-002113,SKU-0115,2024-10-08,1,1044,0,Store - MG Road
TXN-002114,SKU-0115,2024-10-09,1,1044,0,Online - Nykaa
TXN-002115,SKU-0115,2024-10-11,1,1044,0,Online - Website
TXN-002116,SKU-0115,2024-10-13,1,835,20,Online - Nykaa
TXN-002117,SKU-0115,2024-10-16,3,835,20,Online - Instagram
TXN-002118,SKU-0115,2024-10-17,2,783,25,Store - Indiranagar
TXN-002119,SKU-0115,2024-10-19,1,1044,0,Store - Indiranagar
TXN-002120,SKU-0115,2024-10-22,3,1044,0,Online - Nykaa
TXN-002121,SKU-0115,2024-10-24,3,1044,0,Online - Instagram
TXN-002122,SKU-0115,2024-10-26,3,1044,0,Online - Nykaa
TXN-002123,SKU-0115,2024-10-29,3,1044,0,Store - Koramangala
TXN-002124,SKU-0115,2024-10-31,2,1044,0,Online - Nykaa
TXN-002125,SKU-0115,2024-11-02,1,1044,0,Store - Koramangala
TXN-002126,SKU-0115,2024-11-03,3,1044,0,Online - Website
TXN-002127,SKU-0115,2024-11-04,1,1044,0,Online - Website
TXN-002128,SKU-0115,2024-11-05,1,783,25,Online - Nykaa
TXN-002129,SKU-0115,2024-11-07,1,887,15,Store - MG Road
TXN-002130,SKU-0115,2024-11-09,3,940,10,Online - Instagram
TXN-002131,SKU-0115,2024-11-11,1,1044,0,Online - Website
TXN-002132,SKU-0115,2024-11-12,1,940,10,Store - Koramangala
TXN-002133,SKU-0115,2024-11-13,2,1044,0,Store - MG Road
TXN-002134,SKU-0115,2024-11-15,2,1044,0,Online - Instagram
TXN-002135,SKU-0115,2024-11-18,3,1044,0,Online - Instagram
TXN-002136,SKU-0115,2024-11-20,3,1044,0,Online - Instagram
TXN-002137,SKU-0115,2024-11-21,1,1044,0,Store - MG Road
TXN-002138,SKU-0115,2024-11-23,2,1044,0,Store - MG Road
TXN-002139,SKU-0115,2024-11-24,2,1044,0,Online - Nykaa
TXN-002140,SKU-0115,2024-11-25,3,1044,0,Store - Indiranagar
TXN-002141,SKU-0115,2024-11-26,3,1044,0,Online - Instagram
TXN-002142,SKU-0115,2024-11-28,1,1044,0,Online - Website
TXN-002143,SKU-0115,2024-11-30,3,1044,0,Store - Indiranagar
TXN-002144,SKU-0116,2024-10-14,3,1230,20,Store - Koramangala
TXN-002145,SKU-0116,2024-10-15,2,1537,0,Online - Nykaa
TXN-002146,SKU-0116,2024-10-17,2,1383,10,Store - Indiranagar
TXN-002147,SKU-0116,2024-10-18,2,1537,0,Store - Indiranagar
TXN-002148,SKU-0116,2024-10-19,1,1537,0,Store - MG Road
TXN-002149,SKU-0116,2024-10-22,2,1537,0,Online - Nykaa
TXN-002150,SKU-0116,2024-10-24,1,1537,0,Store - Koramangala
TXN-002151,SKU-0116,2024-10-26,1,1537,0,Online - Instagram
TXN-002152,SKU-0116,2024-10-29,1,1537,0,Store - Koramangala
TXN-002153,SKU-0116,2024-10-31,1,1537,0,Online - Instagram
TXN-002154,SKU-0116,2024-11-02,1,1537,0,Store - Indiranagar
TXN-002155,SKU-0116,2024-11-03,1,1537,0,Store - MG Road
TXN-002156,SKU-0116,2024-11-04,1,1537,0,Store - Koramangala
TXN-002157,SKU-0116,2024-11-06,3,1537,0,Online - Website
TXN-002158,SKU-0116,2024-11-07,1,1153,25,Store - Indiranagar
TXN-002159,SKU-0116,2024-11-10,3,1537,0,Store - Indiranagar
TXN-002160,SKU-0116,2024-11-12,1,1537,0,Online - Nykaa
TXN-002161,SKU-0116,2024-11-14,1,1537,0,Online - Website
TXN-002162,SKU-0116,2024-11-15,3,1537,0,Online - Website
TXN-002163,SKU-0116,2024-11-17,2,1537,0,Store - Indiranagar
TXN-002164,SKU-0116,2024-11-18,3,1230,20,Store - Koramangala
TXN-002165,SKU-0116,2024-11-21,2,1537,0,Online - Website
TXN-002166,SKU-0116,2024-11-24,2,1537,0,Online - Nykaa
TXN-002167,SKU-0116,2024-11-25,3,1537,0,Store - MG Road
TXN-002168,SKU-0116,2024-11-28,2,1306,15,Online - Instagram
TXN-002169,SKU-0116,2024-11-29,1,1537,0,Store - Indiranagar
TXN-002170,SKU-0116,2024-11-30,2,1537,0,Store - Koramangala
TXN-002171,SKU-0117,2024-10-19,1,1599,10,Store - Indiranagar
TXN-002172,SKU-0118,2024-08-21,3,1081,0,Online - Website
TXN-002173,SKU-0118,2024-08-24,2,919,15,Store - Koramangala
TXN-002174,SKU-0118,2024-08-26,3,1081,0,Online - Instagram
TXN-002175,SKU-0118,2024-08-29,2,1081,0,Store - Koramangala
TXN-002176,SKU-0118,2024-08-31,1,1081,0,Online - Nykaa
TXN-002177,SKU-0118,2024-09-02,1,919,15,Store - MG Road
TXN-002178,SKU-0118,2024-09-04,1,1081,0,Online - Website
TXN-002179,SKU-0118,2024-09-06,1,919,15,Store - Koramangala
TXN-002180,SKU-0118,2024-09-09,3,919,15,Store - MG Road
TXN-002181,SKU-0118,2024-09-11,1,1081,0,Online - Website
TXN-002182,SKU-0118,2024-09-12,3,1081,0,Store - MG Road
TXN-002183,SKU-0118,2024-09-14,3,1081,0,Store - Koramangala
TXN-002184,SKU-0118,2024-09-16,2,1081,0,Online - Instagram
TXN-002185,SKU-0118,2024-09-18,2,1081,0,Online - Website
TXN-002186,SKU-0118,2024-09-21,2,1081,0,Store - MG Road
TXN-002187,SKU-0118,2024-09-22,3,1081,0,Online - Instagram
TXN-002188,SKU-0118,2024-09-23,1,811,25,Store - Indiranagar
TXN-002189,SKU-0118,2024-09-24,1,865,20,Store - Koramangala
TXN-002190,SKU-0118,2024-09-27,1,1081,0,Online - Instagram
TXN-002191,SKU-0118,2024-09-28,2,865,20,Online - Website
TXN-002192,SKU-0118,2024-09-29,3,1081,0,Store - Koramangala
TXN-002193,SKU-0118,2024-10-02,2,1081,0,Store - Koramangala
TXN-002194,SKU-0118,2024-10-05,3,811,25,Online - Nykaa
TXN-002195,SKU-0118,2024-10-08,1,1081,0,Online - Website
TXN-002196,SKU-0118,2024-10-10,2,1081,0,Online - Instagram
TXN-002197,SKU-0118,2024-10-12,3,1081,0,Store - MG Road
TXN-002198,SKU-0118,2024-10-14,3,1081,0,Store - Koramangala
TXN-002199,SKU-0118,2024-10-17,1,1081,0,Online - Instagram
TXN-002200,SKU-0118,2024-10-18,1,919,15,Store - Koramangala
TXN-002201,SKU-0119,2024-06-28,2,1524,0,Online - Website
TXN-002202,SKU-0119,2024-07-30,3,1524,0,Store - MG Road
TXN-002203,SKU-0120,2024-10-10,3,1053,0,Online - Instagram
TXN-002204,SKU-0120,2024-10-14,2,1053,0,Store - MG Road
TXN-002205,SKU-0120,2024-10-18,3,1053,0,Online - Website
TXN-002206,SKU-0120,2024-10-21,3,948,10,Store - MG Road
TXN-002207,SKU-0120,2024-10-26,2,1053,0,Store - MG Road
TXN-002208,SKU-0120,2024-10-29,1,1053,0,Store - Indiranagar
TXN-002209,SKU-0120,2024-11-01,3,1053,0,Online - Instagram
TXN-002210,SKU-0120,2024-11-05,3,1053,0,Store - MG Road
TXN-002211,SKU-0120,2024-11-10,3,1053,0,Online - Instagram
TXN-002212,SKU-0120,2024-11-13,1,1053,0,Store - Koramangala
TXN-002213,SKU-0120,2024-11-16,2,1053,0,Store - MG Road
TXN-002214,SKU-0120,2024-11-20,2,895,15,Online - Nykaa
TXN-002215,SKU-0120,2024-11-25,2,1053,0,Online - Instagram
TXN-002216,SKU-0120,2024-11-30,3,895,15,Online - Instagram
TXN-002217,SKU-0121,2024-06-16,3,4235,0,Store - MG Road
TXN-002218,SKU-0121,2024-07-21,1,4235,0,Online - Website
TXN-002219,SKU-0121,2024-08-23,1,3812,10,Online - Instagram
TXN-002220,SKU-0122,2024-08-24,2,3856,15,Online - Nykaa
TXN-002221,SKU-0122,2024-08-27,1,4536,0,Online - Website
TXN-002222,SKU-0122,2024-08-31,3,3856,15,Online - Website
TXN-002223,SKU-0122,2024-09-03,2,4536,0,Online - Nykaa
TXN-002224,SKU-0122,2024-09-07,1,4536,0,Online - Instagram
TXN-002225,SKU-0122,2024-09-12,1,4536,0,Store - Koramangala
TXN-002226,SKU-0122,2024-09-15,3,4082,10,Store - Koramangala
TXN-002227,SKU-0122,2024-09-19,3,4536,0,Store - MG Road
TXN-002228,SKU-0122,2024-09-24,1,4536,0,Online - Instagram
TXN-002229,SKU-0122,2024-09-27,2,4536,0,Store - MG Road
TXN-002230,SKU-0122,2024-09-30,1,4536,0,Store - Koramangala
TXN-002231,SKU-0122,2024-10-03,3,4082,10,Store - Indiranagar
TXN-002232,SKU-0122,2024-10-08,2,4536,0,Store - Koramangala
TXN-002233,SKU-0122,2024-10-13,2,4536,0,Online - Instagram
TXN-002234,SKU-0122,2024-10-18,3,4082,10,Online - Website
TXN-002235,SKU-0122,2024-10-23,1,4536,0,Store - Indiranagar
TXN-002236,SKU-0122,2024-10-26,1,4536,0,Online - Website
TXN-002237,SKU-0122,2024-10-29,3,4536,0,Online - Nykaa
TXN-002238,SKU-0122,2024-11-01,3,4536,0,Store - Koramangala
TXN-002239,SKU-0122,2024-11-05,3,4536,0,Online - Website
TXN-002240,SKU-0122,2024-11-10,2,4536,0,Online - Website
TXN-002241,SKU-0123,2024-06-30,3,5053,0,Online - Nykaa
TXN-002242,SKU-0123,2024-07-09,1,5053,0,Store - Indiranagar
TXN-002243,SKU-0123,2024-07-17,1,3790,25,Online - Nykaa
TXN-002244,SKU-0123,2024-07-25,1,5053,0,Store - MG Road
TXN-002245,SKU-0123,2024-08-01,2,5053,0,Store - Indiranagar
TXN-002246,SKU-0123,2024-08-10,1,4042,20,Online - Nykaa
TXN-002247,SKU-0123,2024-08-18,1,5053,0,Store - MG Road
TXN-002248,SKU-0123,2024-08-25,3,5053,0,Store - MG Road
TXN-002249,SKU-0123,2024-09-01,1,5053,0,Store - Koramangala
TXN-002250,SKU-0123,2024-09-10,2,4042,20,Online - Website
TXN-002251,SKU-0123,2024-09-19,1,5053,0,Store - MG Road
TXN-002252,SKU-0123,2024-09-26,3,5053,0,Store - Indiranagar
TXN-002253,SKU-0123,2024-10-03,1,5053,0,Online - Website
TXN-002254,SKU-0124,2024-11-13,2,5327,10,Online - Nykaa
TXN-002255,SKU-0124,2024-11-14,2,5919,0,Store - MG Road
TXN-002256,SKU-0124,2024-11-15,2,4735,20,Store - MG Road
TXN-002257,SKU-0124,2024-11-17,3,5919,0,Online - Instagram
TXN-002258,SKU-0124,2024-11-19,3,5919,0,Store - MG Road
TXN-002259,SKU-0124,2024-11-20,3,5919,0,Online - Nykaa
TXN-002260,SKU-0124,2024-11-21,3,5327,10,Store - Koramangala
TXN-002261,SKU-0124,2024-11-24,1,5919,0,Store - Indiranagar
TXN-002262,SKU-0124,2024-11-26,2,5919,0,Store - Indiranagar
TXN-002263,SKU-0124,2024-11-29,1,5919,0,Store - MG Road
TXN-002264,SKU-0125,2024-10-06,1,2694,10,Store - MG Road
TXN-002265,SKU-0125,2024-10-08,2,2245,25,Store - MG Road
TXN-002266,SKU-0125,2024-10-10,1,2993,0,Store - MG Road
TXN-002267,SKU-0125,2024-10-11,2,2993,0,Online - Instagram
TXN-002268,SKU-0125,2024-10-13,2,2993,0,Online - Instagram
TXN-002269,SKU-0125,2024-10-16,1,2993,0,Online - Instagram
TXN-002270,SKU-0125,2024-10-18,1,2245,25,Online - Website
TXN-002271,SKU-0125,2024-10-19,2,2993,0,Store - Koramangala
TXN-002272,SKU-0125,2024-10-22,3,2993,0,Store - Indiranagar
TXN-002273,SKU-0125,2024-10-24,1,2993,0,Store - Indiranagar
TXN-002274,SKU-0125,2024-10-27,3,2544,15,Store - Indiranagar
TXN-002275,SKU-0125,2024-10-29,1,2544,15,Store - MG Road
TXN-002276,SKU-0125,2024-10-30,3,2993,0,Online - Website
TXN-002277,SKU-0125,2024-10-31,3,2694,10,Online - Nykaa
TXN-002278,SKU-0125,2024-11-02,1,2993,0,Online - Instagram
TXN-002279,SKU-0125,2024-11-03,2,2993,0,Store - Indiranagar
TXN-002280,SKU-0125,2024-11-05,1,2993,0,Online - Website
TXN-002281,SKU-0125,2024-11-06,2,2993,0,Store - Indiranagar
TXN-002282,SKU-0125,2024-11-07,2,2993,0,Online - Website
TXN-002283,SKU-0125,2024-11-10,1,2993,0,Online - Instagram
TXN-002284,SKU-0125,2024-11-13,2,2993,0,Store - Indiranagar
TXN-002285,SKU-0125,2024-11-15,1,2993,0,Store - Indiranagar
TXN-002286,SKU-0125,2024-11-16,2,2544,15,Online - Instagram
TXN-002287,SKU-0125,2024-11-18,2,2993,0,Online - Website
TXN-002288,SKU-0125,2024-11-19,3,2993,0,Online - Instagram
TXN-002289,SKU-0125,2024-11-20,1,2993,0,Online - Instagram
TXN-002290,SKU-0125,2024-11-22,2,2694,10,Online - Instagram
TXN-002291,SKU-0125,2024-11-25,2,2993,0,Store - Koramangala
TXN-002292,SKU-0125,2024-11-28,3,2544,15,Store - MG Road
TXN-002293,SKU-0125,2024-11-30,2,2993,0,Online - Website
TXN-002294,SKU-0126,2024-08-20,1,3014,0,Store - MG Road
TXN-002295,SKU-0126,2024-08-22,1,3014,0,Online - Website
TXN-002296,SKU-0126,2024-08-25,3,3014,0,Online - Instagram
TXN-002297,SKU-0126,2024-08-27,1,3014,0,Store - Koramangala
TXN-002298,SKU-0126,2024-08-29,1,2562,15,Store - Indiranagar
TXN-002299,SKU-0126,2024-08-31,1,3014,0,Store - Koramangala
TXN-002300,SKU-0126,2024-09-02,1,2260,25,Online - Website
TXN-002301,SKU-0126,2024-09-05,1,3014,0,Online - Nykaa
TXN-002302,SKU-0126,2024-09-07,1,3014,0,Online - Website
TXN-002303,SKU-0126,2024-09-09,2,3014,0,Store - MG Road
TXN-002304,SKU-0126,2024-09-10,2,3014,0,Store - Koramangala
TXN-002305,SKU-0126,2024-09-13,1,2260,25,Store - Indiranagar
TXN-002306,SKU-0126,2024-09-16,2,3014,0,Store - MG Road
TXN-002307,SKU-0126,2024-09-19,3,2713,10,Online - Nykaa
TXN-002308,SKU-0126,2024-09-20,1,3014,0,Store - Indiranagar
TXN-002309,SKU-0126,2024-09-23,3,3014,0,Online - Instagram
TXN-002310,SKU-0126,2024-09-26,3,3014,0,Online - Website
TXN-002311,SKU-0126,2024-09-28,2,3014,0,Online - Instagram
TXN-002312,SKU-0126,2024-09-30,1,3014,0,Store - Koramangala
TXN-002313,SKU-0126,2024-10-03,2,3014,0,Online - Website
TXN-002314,SKU-0126,2024-10-06,1,2260,25,Online - Instagram
TXN-002315,SKU-0126,2024-10-09,1,2562,15,Online - Instagram
TXN-002316,SKU-0126,2024-10-12,3,3014,0,Online - Website
TXN-002317,SKU-0126,2024-10-15,1,3014,0,Online - Instagram
TXN-002318,SKU-0126,2024-10-18,2,2260,25,Online - Instagram
TXN-002319,SKU-0126,2024-10-21,3,3014,0,Online - Instagram
TXN-002320,SKU-0126,2024-10-22,3,2260,25,Store - Indiranagar
TXN-002321,SKU-0126,2024-10-25,3,2713,10,Store - MG Road
TXN-002322,SKU-0126,2024-10-27,2,3014,0,Online - Instagram
TXN-002323,SKU-0126,2024-10-28,2,3014,0,Store - MG Road
TXN-002324,SKU-0126,2024-10-29,1,3014,0,Online - Nykaa
TXN-002325,SKU-0126,2024-10-31,1,2260,25,Online - Instagram
TXN-002326,SKU-0126,2024-11-03,3,2411,20,Store - MG Road
TXN-002327,SKU-0126,2024-11-06,3,3014,0,Store - Indiranagar
TXN-002328,SKU-0126,2024-11-08,3,2713,10,Store - MG Road
TXN-002329,SKU-0126,2024-11-11,2,3014,0,Store - Koramangala
TXN-002330,SKU-0126,2024-11-13,1,3014,0,Store - Koramangala
TXN-002331,SKU-0126,2024-11-16,1,3014,0,Store - Koramangala
TXN-002332,SKU-0126,2024-11-19,1,3014,0,Online - Nykaa
TXN-002333,SKU-0126,2024-11-21,1,2713,10,Store - Indiranagar
TXN-002334,SKU-0126,2024-11-23,2,3014,0,Store - Indiranagar
TXN-002335,SKU-0126,2024-11-25,3,3014,0,Online - Website
TXN-002336,SKU-0126,2024-11-26,3,3014,0,Store - Indiranagar
TXN-002337,SKU-0127,2024-09-19,3,3455,10,Online - Website
TXN-002338,SKU-0127,2024-09-24,2,3839,0,Online - Website
TXN-002339,SKU-0127,2024-09-27,1,3839,0,Online - Nykaa
TXN-002340,SKU-0127,2024-10-02,3,3839,0,Store - Indiranagar
TXN-002341,SKU-0127,2024-10-05,3,3839,0,Store - MG Road
TXN-002342,SKU-0127,2024-10-08,1,3839,0,Online - Website
TXN-002343,SKU-0127,2024-10-12,1,3839,0,Online - Instagram
TXN-002344,SKU-0127,2024-10-17,2,3839,0,Online - Nykaa
TXN-002345,SKU-0127,2024-10-21,2,3263,15,Online - Instagram
TXN-002346,SKU-0127,2024-10-26,1,3263,15,Online - Instagram
TXN-002347,SKU-0127,2024-10-29,2,3263,15,Store - Indiranagar
TXN-002348,SKU-0127,2024-11-01,2,3839,0,Store - MG Road
TXN-002349,SKU-0127,2024-11-04,3,3071,20,Online - Nykaa
TXN-002350,SKU-0127,2024-11-08,3,3839,0,Store - MG Road
TXN-002351,SKU-0127,2024-11-11,1,3839,0,Online - Nykaa
TXN-002352,SKU-0127,2024-11-16,1,3839,0,Online - Nykaa
TXN-002353,SKU-0127,2024-11-21,3,3839,0,Store - Koramangala
TXN-002354,SKU-0127,2024-11-25,3,3839,0,Online - Website
TXN-002355,SKU-0127,2024-11-30,3,3839,0,Store - MG Road
TXN-002356,SKU-0128,2024-10-18,3,2803,0,Online - Instagram
TXN-002357,SKU-0129,2024-10-03,1,3992,0,Online - Nykaa
TXN-002358,SKU-0129,2024-10-05,2,3992,0,Store - Koramangala
TXN-002359,SKU-0129,2024-10-07,2,3992,0,Online - Nykaa
TXN-002360,SKU-0129,2024-10-09,3,2994,25,Online - Instagram
TXN-002361,SKU-0129,2024-10-11,3,3992,0,Store - MG Road
TXN-002362,SKU-0129,2024-10-13,1,3992,0,Online - Nykaa
TXN-002363,SKU-0129,2024-10-15,1,3992,0,Store - Koramangala
TXN-002364,SKU-0129,2024-10-18,3,3992,0,Online - Website
TXN-002365,SKU-0129,2024-10-21,1,3992,0,Store - MG Road
TXN-002366,SKU-0129,2024-10-22,2,3992,0,Online - Instagram
TXN-002367,SKU-0129,2024-10-24,2,3992,0,Online - Nykaa
TXN-002368,SKU-0129,2024-10-26,2,3194,20,Store - MG Road
TXN-002369,SKU-0129,2024-10-27,2,3992,0,Store - Indiranagar
TXN-002370,SKU-0129,2024-10-30,1,3194,20,Online - Instagram
TXN-002371,SKU-0129,2024-11-02,2,3393,15,Online - Nykaa
TXN-002372,SKU-0129,2024-11-05,3,3992,0,Store - MG Road
TXN-002373,SKU-0129,2024-11-06,1,3992,0,Online - Website
TXN-002374,SKU-0129,2024-11-07,2,3992,0,Online - Website
TXN-002375,SKU-0129,2024-11-09,3,3992,0,Online - Website
TXN-002376,SKU-0129,2024-11-12,3,3992,0,Online - Instagram
TXN-002377,SKU-0129,2024-11-14,2,3992,0,Store - Indiranagar
TXN-002378,SKU-0129,2024-11-16,3,3992,0,Online - Nykaa
TXN-002379,SKU-0129,2024-11-17,2,3992,0,Online - Website
TXN-002380,SKU-0129,2024-11-18,1,3194,20,Store - MG Road
TXN-002381,SKU-0129,2024-11-21,3,3992,0,Online - Nykaa
TXN-002382,SKU-0129,2024-11-22,1,3194,20,Online - Website
TXN-002383,SKU-0129,2024-11-24,1,3992,0,Online - Website
TXN-002384,SKU-0130,2024-11-17,3,4058,20,Store - Koramangala
TXN-002385,SKU-0130,2024-11-21,3,4311,15,Online - Website
TXN-002386,SKU-0130,2024-11-24,3,4058,20,Online - Website
TXN-002387,SKU-0130,2024-11-29,2,5072,0,Online - Nykaa
TXN-002388,SKU-0132,2024-07-06,3,2585,0,Store - Indiranagar
TXN-002389,SKU-0132,2024-07-12,1,2585,0,Store - MG Road
TXN-002390,SKU-0132,2024-07-19,1,2585,0,Store - Koramangala
TXN-002391,SKU-0132,2024-07-26,3,2585,0,Online - Website
TXN-002392,SKU-0132,2024-08-02,3,2585,0,Store - MG Road
TXN-002393,SKU-0132,2024-08-09,1,2585,0,Online - Instagram
TXN-002394,SKU-0132,2024-08-14,1,2585,0,Store - Indiranagar
TXN-002395,SKU-0132,2024-08-20,1,2326,10,Online - Website
TXN-002396,SKU-0132,2024-08-26,2,2585,0,Store - Koramangala
TXN-002397,SKU-0132,2024-09-01,3,2197,15,Online - Website
TXN-002398,SKU-0132,2024-09-08,2,2585,0,Store - Indiranagar
TXN-002399,SKU-0132,2024-09-14,3,2585,0,Online - Instagram
TXN-002400,SKU-0132,2024-09-20,1,2326,10,Online - Instagram
TXN-002401,SKU-0133,2024-06-19,2,3405,0,Store - Koramangala
TXN-002402,SKU-0133,2024-06-24,2,3405,0,Store - MG Road
TXN-002403,SKU-0133,2024-06-30,2,3405,0,Store - MG Road
TXN-002404,SKU-0133,2024-07-07,3,3405,0,Online - Instagram
TXN-002405,SKU-0133,2024-07-13,1,3405,0,Online - Website
TXN-002406,SKU-0133,2024-07-19,2,3405,0,Store - Indiranagar
TXN-002407,SKU-0133,2024-07-24,3,3405,0,Store - MG Road
TXN-002408,SKU-0133,2024-07-31,1,3405,0,Store - Indiranagar
TXN-002409,SKU-0133,2024-08-07,3,3064,10,Store - MG Road
TXN-002410,SKU-0133,2024-08-14,1,3064,10,Store - Koramangala
TXN-002411,SKU-0133,2024-08-21,1,3405,0,Online - Instagram
TXN-002412,SKU-0133,2024-08-28,1,3405,0,Online - Nykaa
TXN-002413,SKU-0133,2024-09-04,2,2894,15,Store - MG Road
TXN-002414,SKU-0133,2024-09-09,1,3405,0,Store - Indiranagar
TXN-002415,SKU-0133,2024-09-15,2,3405,0,Store - MG Road
TXN-002416,SKU-0133,2024-09-20,2,3405,0,Online - Nykaa
TXN-002417,SKU-0133,2024-09-26,3,3405,0,Store - MG Road
TXN-002418,SKU-0134,2024-06-21,3,6358,0,Online - Nykaa
TXN-002419,SKU-0134,2024-06-23,2,6358,0,Store - Koramangala
TXN-002420,SKU-0134,2024-06-25,2,5722,10,Online - Website
TXN-002421,SKU-0134,2024-06-29,2,6358,0,Online - Nykaa
TXN-002422,SKU-0134,2024-07-01,2,6358,0,Store - Indiranagar
TXN-002423,SKU-0134,2024-07-03,3,6358,0,Store - Koramangala
TXN-002424,SKU-0134,2024-07-05,2,6358,0,Online - Instagram
TXN-002425,SKU-0134,2024-07-07,3,6358,0,Online - Instagram
TXN-002426,SKU-0134,2024-07-09,3,6358,0,Online - Nykaa
TXN-002427,SKU-0134,2024-07-13,1,6358,0,Store - MG Road
TXN-002428,SKU-0134,2024-07-16,2,6358,0,Online - Website
TXN-002429,SKU-0134,2024-07-19,1,6358,0,Store - Indiranagar
TXN-002430,SKU-0134,2024-07-21,2,6358,0,Store - Koramangala
TXN-002431,SKU-0134,2024-07-24,3,4768,25,Store - Indiranagar
TXN-002432,SKU-0134,2024-07-28,3,6358,0,Online - Instagram
TXN-002433,SKU-0134,2024-08-01,2,5722,10,Store - Koramangala
TXN-002434,SKU-0134,2024-08-04,1,6358,0,Online - Instagram
TXN-002435,SKU-0134,2024-08-06,2,5086,20,Store - Koramangala
TXN-002436,SKU-0134,2024-08-10,1,6358,0,Online - Website
TXN-002437,SKU-0134,2024-08-13,2,6358,0,Store - Koramangala
TXN-002438,SKU-0134,2024-08-16,1,6358,0,Online - Instagram
TXN-002439,SKU-0134,2024-08-18,1,5086,20,Store - MG Road
TXN-002440,SKU-0134,2024-08-21,1,5086,20,Online - Nykaa
TXN-002441,SKU-0134,2024-08-25,3,5086,20,Store - Indiranagar
TXN-002442,SKU-0134,2024-08-28,2,6358,0,Online - Instagram
TXN-002443,SKU-0134,2024-08-31,1,5722,10,Store - Indiranagar
TXN-002444,SKU-0134,2024-09-02,2,6358,0,Online - Nykaa
TXN-002445,SKU-0134,2024-09-05,2,5404,15,Store - Indiranagar
TXN-002446,SKU-0134,2024-09-08,2,4768,25,Store - Indiranagar
TXN-002447,SKU-0134,2024-09-10,1,5404,15,Store - Koramangala
TXN-002448,SKU-0134,2024-09-12,1,6358,0,Store - MG Road
TXN-002449,SKU-0134,2024-09-15,3,6358,0,Online - Instagram
TXN-002450,SKU-0134,2024-09-18,1,6358,0,Store - MG Road
TXN-002451,SKU-0134,2024-09-21,3,5086,20,Store - Koramangala
TXN-002452,SKU-0134,2024-09-24,1,6358,0,Store - Indiranagar
TXN-002453,SKU-0134,2024-09-27,2,6358,0,Store - MG Road
TXN-002454,SKU-0134,2024-10-01,2,5404,15,Online - Nykaa
TXN-002455,SKU-0134,2024-10-05,2,5722,10,Store - Koramangala
TXN-002456,SKU-0135,2024-06-23,2,5632,0,Online - Website
TXN-002457,SKU-0135,2024-08-03,2,5632,0,Store - Koramangala
TXN-002458,SKU-0136,2024-07-18,1,3189,0,Online - Instagram
TXN-002459,SKU-0136,2024-08-16,2,3189,0,Online - Website
TXN-002460,SKU-0136,2024-09-12,1,3189,0,Store - Indiranagar
TXN-002461,SKU-0136,2024-10-11,1,3189,0,Store - MG Road
TXN-002462,SKU-0137,2024-09-01,2,2968,0,Store - MG Road
TXN-002463,SKU-0137,2024-09-10,1,2671,10,Store - Koramangala
TXN-002464,SKU-0137,2024-09-19,3,2968,0,Online - Website
TXN-002465,SKU-0137,2024-09-26,3,2968,0,Store - Koramangala
TXN-002466,SKU-0137,2024-10-04,2,2968,0,Store - Indiranagar
TXN-002467,SKU-0137,2024-10-12,3,2968,0,Online - Instagram
TXN-002468,SKU-0137,2024-10-20,2,2968,0,Online - Nykaa
TXN-002469,SKU-0137,2024-10-27,2,2671,10,Store - Indiranagar
TXN-002470,SKU-0137,2024-11-03,1,2968,0,Online - Website
TXN-002471,SKU-0138,2024-06-05,3,4361,0,Online - Nykaa
TXN-002472,SKU-0138,2024-06-12,2,3707,15,Online - Website
TXN-002473,SKU-0138,2024-06-18,1,4361,0,Online - Instagram
TXN-002474,SKU-0138,2024-06-23,3,3489,20,Store - Koramangala
TXN-002475,SKU-0138,2024-06-28,2,4361,0,Store - Indiranagar
TXN-002476,SKU-0138,2024-07-05,3,3707,15,Store - Koramangala
TXN-002477,SKU-0138,2024-07-12,3,4361,0,Online - Website
TXN-002478,SKU-0138,2024-07-17,1,3707,15,Online - Website
TXN-002479,SKU-0138,2024-07-22,3,4361,0,Store - Indiranagar
TXN-002480,SKU-0138,2024-07-28,2,3707,15,Store - Indiranagar
TXN-002481,SKU-0138,2024-08-02,3,4361,0,Store - Indiranagar
TXN-002482,SKU-0138,2024-08-09,3,3707,15,Store - Indiranagar
TXN-002483,SKU-0138,2024-08-15,2,4361,0,Online - Website
TXN-002484,SKU-0138,2024-08-21,2,4361,0,Online - Instagram
TXN-002485,SKU-0139,2024-07-31,2,3681,0,Online - Instagram
TXN-002486,SKU-0139,2024-08-06,2,3681,0,Online - Instagram
TXN-002487,SKU-0139,2024-08-11,1,3681,0,Online - Website
TXN-002488,SKU-0139,2024-08-15,2,3681,0,Online - Website
TXN-002489,SKU-0139,2024-08-21,3,3681,0,Store - MG Road
TXN-002490,SKU-0139,2024-08-25,2,3681,0,Store - Koramangala
TXN-002491,SKU-0139,2024-08-29,3,3681,0,Store - MG Road
TXN-002492,SKU-0139,2024-09-04,3,3313,10,Online - Nykaa
TXN-002493,SKU-0139,2024-09-10,3,3681,0,Store - Koramangala
TXN-002494,SKU-0139,2024-09-14,1,3681,0,Store - Koramangala
TXN-002495,SKU-0139,2024-09-20,2,3681,0,Store - Koramangala
TXN-002496,SKU-0139,2024-09-25,2,2761,25,Store - Koramangala
TXN-002497,SKU-0140,2024-09-14,3,5279,0,Online - Nykaa
TXN-002498,SKU-0140,2024-09-19,2,5279,0,Store - Indiranagar
TXN-002499,SKU-0140,2024-09-22,3,4487,15,Online - Website
TXN-002500,SKU-0140,2024-09-25,3,5279,0,Store - Indiranagar
TXN-002501,SKU-0140,2024-09-28,3,5279,0,Online - Instagram
TXN-002502,SKU-0140,2024-10-03,3,5279,0,Store - MG Road
TXN-002503,SKU-0140,2024-10-08,3,5279,0,Online - Website
TXN-002504,SKU-0140,2024-10-12,1,4223,20,Online - Instagram
TXN-002505,SKU-0140,2024-10-16,3,4223,20,Store - Indiranagar
TXN-002506,SKU-0140,2024-10-21,1,5279,0,Store - Indiranagar
TXN-002507,SKU-0140,2024-10-26,1,5279,0,Online - Nykaa
TXN-002508,SKU-0140,2024-10-29,2,5279,0,Store - MG Road
TXN-002509,SKU-0140,2024-11-02,1,5279,0,Store - MG Road
TXN-002510,SKU-0141,2024-09-12,3,5510,0,Store - Indiranagar
TXN-002511,SKU-0141,2024-09-20,3,5510,0,Online - Website
TXN-002512,SKU-0141,2024-09-29,1,4959,10,Online - Nykaa
TXN-002513,SKU-0141,2024-10-09,2,5510,0,Online - Nykaa
TXN-002514,SKU-0142,2024-07-21,1,3511,0,Online - Website
TXN-002515,SKU-0142,2024-07-28,2,3511,0,Online - Instagram
TXN-002516,SKU-0142,2024-08-04,2,3511,0,Store - MG Road
TXN-002517,SKU-0142,2024-08-11,2,3511,0,Online - Website
TXN-002518,SKU-0142,2024-08-18,1,3511,0,Store - MG Road
TXN-002519,SKU-0142,2024-08-23,3,3511,0,Online - Nykaa
TXN-002520,SKU-0142,2024-08-30,2,3511,0,Store - MG Road
TXN-002521,SKU-0142,2024-09-04,3,3160,10,Online - Nykaa
TXN-002522,SKU-0142,2024-09-10,2,3511,0,Store - Koramangala
TXN-002523,SKU-0142,2024-09-16,1,3511,0,Online - Website
TXN-002524,SKU-0142,2024-09-22,2,3511,0,Online - Instagram
TXN-002525,SKU-0142,2024-09-29,3,3511,0,Store - Koramangala
TXN-002526,SKU-0143,2024-11-11,2,2569,15,Store - Koramangala
TXN-002527,SKU-0143,2024-11-12,1,3022,0,Online - Website
TXN-002528,SKU-0143,2024-11-13,1,3022,0,Online - Website
TXN-002529,SKU-0143,2024-11-14,3,3022,0,Online - Nykaa
TXN-002530,SKU-0143,2024-11-17,1,2569,15,Online - Nykaa
TXN-002531,SKU-0143,2024-11-19,1,3022,0,Store - Indiranagar
TXN-002532,SKU-0143,2024-11-21,2,3022,0,Store - Indiranagar
TXN-002533,SKU-0143,2024-11-24,3,2418,20,Online - Instagram
TXN-002534,SKU-0143,2024-11-26,3,3022,0,Store - Indiranagar
TXN-002535,SKU-0143,2024-11-28,3,3022,0,Store - Indiranagar
TXN-002536,SKU-0143,2024-12-01,2,3022,0,Online - Website
TXN-002537,SKU-0144,2024-08-28,1,3508,0,Online - Website
TXN-002538,SKU-0144,2024-09-03,2,3157,10,Store - MG Road
TXN-002539,SKU-0144,2024-09-07,3,3508,0,Store - Indiranagar
TXN-002540,SKU-0144,2024-09-13,3,3508,0,Online - Nykaa
TXN-002541,SKU-0144,2024-09-18,1,2806,20,Online - Website
TXN-002542,SKU-0144,2024-09-24,3,2982,15,Store - Koramangala
TXN-002543,SKU-0144,2024-09-29,2,3508,0,Store - MG Road
TXN-002544,SKU-0144,2024-10-03,3,3508,0,Store - Indiranagar
TXN-002545,SKU-0144,2024-10-09,1,3508,0,Online - Website
TXN-002546,SKU-0144,2024-10-14,2,2806,20,Online - Website
TXN-002547,SKU-0145,2024-07-01,1,5390,0,Store - Koramangala
TXN-002548,SKU-0145,2024-07-07,1,5390,0,Online - Instagram
TXN-002549,SKU-0145,2024-07-12,3,5390,0,Online - Instagram
TXN-002550,SKU-0145,2024-07-17,2,5390,0,Store - Indiranagar
TXN-002551,SKU-0145,2024-07-22,2,5390,0,Online - Website
TXN-002552,SKU-0145,2024-07-26,1,5390,0,Online - Website
TXN-002553,SKU-0145,2024-07-30,3,4851,10,Store - Indiranagar
TXN-002554,SKU-0145,2024-08-03,1,5390,0,Online - Instagram
TXN-002555,SKU-0145,2024-08-08,2,5390,0,Online - Instagram
TXN-002556,SKU-0145,2024-08-14,1,5390,0,Online - Website
TXN-002557,SKU-0145,2024-08-19,1,5390,0,Store - Indiranagar
TXN-002558,SKU-0145,2024-08-24,3,5390,0,Online - Nykaa
TXN-002559,SKU-0145,2024-08-30,1,5390,0,Online - Nykaa
TXN-002560,SKU-0145,2024-09-04,2,5390,0,Store - MG Road
TXN-002561,SKU-0145,2024-09-08,2,5390,0,Online - Instagram
TXN-002562,SKU-0145,2024-09-14,2,5390,0,Store - Koramangala
TXN-002563,SKU-0145,2024-09-19,1,5390,0,Store - Indiranagar
TXN-002564,SKU-0145,2024-09-25,1,5390,0,Online - Nykaa
TXN-002565,SKU-0145,2024-10-01,1,5390,0,Online - Nykaa
TXN-002566,SKU-0145,2024-10-07,3,5390,0,Store - Koramangala
TXN-002567,SKU-0146,2024-08-24,3,5777,0,Online - Nykaa
TXN-002568,SKU-0146,2024-08-25,2,5777,0,Online - Nykaa
TXN-002569,SKU-0146,2024-08-28,2,5777,0,Online - Instagram
TXN-002570,SKU-0146,2024-08-29,3,5777,0,Online - Nykaa
TXN-002571,SKU-0146,2024-08-30,3,5777,0,Online - Instagram
TXN-002572,SKU-0146,2024-08-31,1,5777,0,Store - Koramangala
TXN-002573,SKU-0146,2024-09-01,1,5777,0,Store - MG Road
TXN-002574,SKU-0146,2024-09-04,3,5777,0,Online - Website
TXN-002575,SKU-0146,2024-09-07,3,5777,0,Online - Nykaa
TXN-002576,SKU-0146,2024-09-09,2,5777,0,Online - Nykaa
TXN-002577,SKU-0146,2024-09-11,3,5777,0,Store - Koramangala
TXN-002578,SKU-0146,2024-09-12,1,5777,0,Online - Website
TXN-002579,SKU-0146,2024-09-15,3,5199,10,Online - Instagram
TXN-002580,SKU-0146,2024-09-17,3,5777,0,Online - Instagram
TXN-002581,SKU-0146,2024-09-18,2,5777,0,Online - Website
TXN-002582,SKU-0146,2024-09-20,2,5777,0,Online - Instagram
TXN-002583,SKU-0146,2024-09-23,2,4910,15,Store - Indiranagar
TXN-002584,SKU-0146,2024-09-24,3,4910,15,Online - Nykaa
TXN-002585,SKU-0146,2024-09-27,1,5199,10,Store - MG Road
TXN-002586,SKU-0146,2024-09-29,1,5777,0,Online - Instagram
TXN-002587,SKU-0146,2024-10-01,2,5777,0,Online - Instagram
TXN-002588,SKU-0146,2024-10-02,2,4622,20,Online - Website
TXN-002589,SKU-0146,2024-10-05,2,5777,0,Online - Nykaa
TXN-002590,SKU-0146,2024-10-07,2,4622,20,Store - Indiranagar
TXN-002591,SKU-0147,2024-07-27,3,3974,20,Store - Indiranagar
TXN-002592,SKU-0147,2024-07-30,2,4968,0,Online - Nykaa
TXN-002593,SKU-0147,2024-08-02,1,4968,0,Store - Koramangala
TXN-002594,SKU-0147,2024-08-07,3,4968,0,Online - Instagram
TXN-002595,SKU-0147,2024-08-11,2,4471,10,Store - MG Road
TXN-002596,SKU-0147,2024-08-15,1,3974,20,Store - MG Road
TXN-002597,SKU-0147,2024-08-18,2,4968,0,Store - Indiranagar
TXN-002598,SKU-0147,2024-08-23,2,4223,15,Store - Koramangala
TXN-002599,SKU-0147,2024-08-27,2,4968,0,Online - Instagram
TXN-002600,SKU-0147,2024-09-01,3,3974,20,Store - Koramangala
TXN-002601,SKU-0147,2024-09-05,1,4968,0,Online - Instagram
TXN-002602,SKU-0147,2024-09-08,1,4968,0,Online - Website
TXN-002603,SKU-0147,2024-09-13,3,4968,0,Online - Website
TXN-002604,SKU-0147,2024-09-18,3,4471,10,Online - Instagram
TXN-002605,SKU-0147,2024-09-22,3,4968,0,Online - Website
TXN-002606,SKU-0147,2024-09-27,1,4968,0,Store - Koramangala
TXN-002607,SKU-0148,2024-11-14,1,3501,0,Store - Indiranagar
TXN-002608,SKU-0148,2024-11-16,2,3151,10,Store - Indiranagar
TXN-002609,SKU-0148,2024-11-17,2,3501,0,Online - Nykaa
TXN-002610,SKU-0148,2024-11-19,2,3501,0,Store - MG Road
TXN-002611,SKU-0148,2024-11-21,2,3501,0,Store - Indiranagar
TXN-002612,SKU-0148,2024-11-22,1,3501,0,Online - Website
TXN-002613,SKU-0148,2024-11-23,2,2626,25,Store - Indiranagar
TXN-002614,SKU-0148,2024-11-26,1,3501,0,Online - Nykaa
TXN-002615,SKU-0148,2024-11-27,2,3151,10,Online - Website
TXN-002616,SKU-0148,2024-11-30,3,3501,0,Online - Website
TXN-002617,SKU-0148,2024-12-01,1,2976,15,Store - Indiranagar
TXN-002618,SKU-0149,2024-10-07,1,6124,0,Online - Instagram
TXN-002619,SKU-0149,2024-10-08,3,5512,10,Store - Indiranagar
TXN-002620,SKU-0149,2024-10-10,2,6124,0,Online - Instagram
TXN-002621,SKU-0149,2024-10-11,1,6124,0,Store - Koramangala
TXN-002622,SKU-0149,2024-10-14,1,6124,0,Store - Indiranagar
TXN-002623,SKU-0149,2024-10-15,3,6124,0,Store - Indiranagar
TXN-002624,SKU-0149,2024-10-16,2,6124,0,Online - Instagram
TXN-002625,SKU-0149,2024-10-18,1,6124,0,Store - MG Road
TXN-002626,SKU-0149,2024-10-19,3,6124,0,Online - Nykaa
TXN-002627,SKU-0149,2024-10-21,1,4593,25,Store - Indiranagar
TXN-002628,SKU-0149,2024-10-22,1,6124,0,Store - Indiranagar
TXN-002629,SKU-0149,2024-10-24,1,6124,0,Online - Instagram
TXN-002630,SKU-0149,2024-10-27,1,6124,0,Store - Koramangala
TXN-002631,SKU-0149,2024-10-28,2,6124,0,Store - Koramangala
TXN-002632,SKU-0149,2024-10-29,3,6124,0,Store - Koramangala
TXN-002633,SKU-0149,2024-11-01,1,5512,10,Store - Indiranagar
TXN-002634,SKU-0149,2024-11-04,3,6124,0,Online - Website
TXN-002635,SKU-0149,2024-11-06,2,6124,0,Online - Nykaa
TXN-002636,SKU-0149,2024-11-09,1,6124,0,Online - Website
TXN-002637,SKU-0149,2024-11-10,1,6124,0,Store - MG Road
TXN-002638,SKU-0149,2024-11-11,3,6124,0,Store - Indiranagar
TXN-002639,SKU-0149,2024-11-13,2,6124,0,Store - Koramangala
TXN-002640,SKU-0150,2024-07-24,3,3440,10,Online - Nykaa
TXN-002641,SKU-0150,2024-08-07,3,3822,0,Online - Instagram
TXN-002642,SKU-0150,2024-08-21,3,3822,0,Online - Website
TXN-002643,SKU-0151,2024-08-12,1,5170,20,Store - Indiranagar
TXN-002644,SKU-0151,2024-08-18,1,6463,0,Store - Indiranagar
TXN-002645,SKU-0151,2024-08-24,3,6463,0,Online - Website
TXN-002646,SKU-0151,2024-08-31,1,6463,0,Store - Indiranagar
TXN-002647,SKU-0151,2024-09-07,2,4847,25,Store - MG Road
TXN-002648,SKU-0151,2024-09-13,3,6463,0,Online - Website
TXN-002649,SKU-0151,2024-09-21,2,6463,0,Store - Indiranagar
TXN-002650,SKU-0151,2024-09-28,2,6463,0,Store - MG Road
TXN-002651,SKU-0151,2024-10-06,2,6463,0,Store - Indiranagar
TXN-002652,SKU-0152,2024-10-03,2,4881,0,Online - Website
TXN-002653,SKU-0153,2024-07-26,3,5563,0,Store - Indiranagar
TXN-002654,SKU-0153,2024-08-17,1,5563,0,Online - Instagram
TXN-002655,SKU-0153,2024-09-09,2,4450,20,Store - MG Road
TXN-002656,SKU-0154,2024-10-10,2,3336,0,Store - Koramangala
TXN-002657,SKU-0154,2024-10-12,2,2836,15,Store - Indiranagar
TXN-002658,SKU-0154,2024-10-15,3,3002,10,Online - Website
TXN-002659,SKU-0154,2024-10-18,2,3336,0,Online - Website
TXN-002660,SKU-0154,2024-10-19,2,3336,0,Online - Nykaa
TXN-002661,SKU-0154,2024-10-22,2,2836,15,Store - MG Road
TXN-002662,SKU-0154,2024-10-23,2,3002,10,Store - MG Road
TXN-002663,SKU-0154,2024-10-26,1,2836,15,Online - Nykaa
TXN-002664,SKU-0154,2024-10-29,1,3336,0,Store - Koramangala
TXN-002665,SKU-0154,2024-10-30,2,3336,0,Online - Instagram
TXN-002666,SKU-0154,2024-11-02,1,3336,0,Store - MG Road
TXN-002667,SKU-0154,2024-11-05,3,2836,15,Online - Instagram
TXN-002668,SKU-0154,2024-11-07,3,3336,0,Store - Koramangala
TXN-002669,SKU-0154,2024-11-10,3,2836,15,Store - Indiranagar
TXN-002670,SKU-0154,2024-11-11,1,2836,15,Online - Website
TXN-002671,SKU-0154,2024-11-13,2,3336,0,Store - Indiranagar
TXN-002672,SKU-0154,2024-11-15,2,2836,15,Online - Nykaa
TXN-002673,SKU-0154,2024-11-18,2,3336,0,Online - Website
TXN-002674,SKU-0154,2024-11-20,3,2836,15,Store - Koramangala
TXN-002675,SKU-0154,2024-11-21,1,2836,15,Store - MG Road
TXN-002676,SKU-0154,2024-11-22,3,3336,0,Store - MG Road
TXN-002677,SKU-0154,2024-11-24,3,3336,0,Online - Nykaa
TXN-002678,SKU-0154,2024-11-27,1,2669,20,Store - Indiranagar
TXN-002679,SKU-0154,2024-11-30,1,2836,15,Store - MG Road
TXN-002680,SKU-0154,2024-12-01,3,3336,0,Store - Koramangala
TXN-002681,SKU-0155,2024-10-13,2,3985,0,Store - MG Road
TXN-002682,SKU-0155,2024-10-16,2,3586,10,Online - Instagram
TXN-002683,SKU-0155,2024-10-18,3,3387,15,Store - MG Road
TXN-002684,SKU-0155,2024-10-21,1,3985,0,Store - Indiranagar
TXN-002685,SKU-0155,2024-10-24,2,3985,0,Store - Indiranagar
TXN-002686,SKU-0155,2024-10-25,2,3985,0,Store - Koramangala
TXN-002687,SKU-0155,2024-10-27,1,3985,0,Online - Nykaa
TXN-002688,SKU-0155,2024-10-28,2,3586,10,Store - Indiranagar
TXN-002689,SKU-0155,2024-10-29,1,2989,25,Online - Instagram
TXN-002690,SKU-0155,2024-11-01,3,3387,15,Store - Indiranagar
TXN-002691,SKU-0155,2024-11-04,3,3985,0,Online - Website
TXN-002692,SKU-0155,2024-11-05,2,3586,10,Store - Indiranagar
TXN-002693,SKU-0155,2024-11-08,2,3985,0,Store - Indiranagar
TXN-002694,SKU-0155,2024-11-09,1,3985,0,Store - MG Road
TXN-002695,SKU-0155,2024-11-11,3,3985,0,Online - Website
TXN-002696,SKU-0155,2024-11-14,1,3387,15,Store - Indiranagar
TXN-002697,SKU-0155,2024-11-15,2,3586,10,Store - Indiranagar
TXN-002698,SKU-0155,2024-11-17,3,3985,0,Store - MG Road
TXN-002699,SKU-0155,2024-11-20,3,3985,0,Store - MG Road
TXN-002700,SKU-0155,2024-11-21,1,3985,0,Store - MG Road
TXN-002701,SKU-0155,2024-11-22,2,3985,0,Online - Instagram
TXN-002702,SKU-0155,2024-11-25,3,3985,0,Store - Indiranagar
TXN-002703,SKU-0155,2024-11-26,1,3985,0,Store - Indiranagar
TXN-002704,SKU-0155,2024-11-29,1,3985,0,Online - Nykaa
TXN-002705,SKU-0155,2024-11-30,3,3985,0,Store - Indiranagar
TXN-002706,SKU-0155,2024-12-01,1,3985,0,Online - Website
TXN-002707,SKU-0156,2024-06-17,2,2279,15,Online - Nykaa
TXN-002708,SKU-0156,2024-06-23,3,2145,20,Store - Koramangala
TXN-002709,SKU-0156,2024-06-29,2,2681,0,Store - Koramangala
TXN-002710,SKU-0156,2024-07-03,3,2681,0,Online - Instagram
TXN-002711,SKU-0156,2024-07-08,1,2145,20,Store - Indiranagar
TXN-002712,SKU-0156,2024-07-14,1,2681,0,Online - Website
TXN-002713,SKU-0156,2024-07-20,1,2681,0,Store - Indiranagar
TXN-002714,SKU-0156,2024-07-26,1,2681,0,Store - MG Road
TXN-002715,SKU-0156,2024-08-01,2,2681,0,Online - Nykaa
TXN-002716,SKU-0156,2024-08-05,2,2413,10,Online - Website
TXN-002717,SKU-0156,2024-08-11,2,2681,0,Online - Nykaa
TXN-002718,SKU-0156,2024-08-17,1,2681,0,Store - Koramangala
TXN-002719,SKU-0156,2024-08-22,1,2681,0,Store - Indiranagar
TXN-002720,SKU-0156,2024-08-28,3,2681,0,Online - Nykaa
TXN-002721,SKU-0156,2024-09-02,1,2413,10,Online - Nykaa
TXN-002722,SKU-0156,2024-09-07,1,2413,10,Online - Nykaa
TXN-002723,SKU-0156,2024-09-12,3,2681,0,Store - Koramangala
TXN-002724,SKU-0156,2024-09-16,1,2681,0,Online - Website
TXN-002725,SKU-0156,2024-09-20,1,2681,0,Store - Indiranagar
TXN-002726,SKU-0156,2024-09-26,3,2681,0,Online - Website
TXN-002727,SKU-0156,2024-09-30,1,2681,0,Store - MG Road
TXN-002728,SKU-0156,2024-10-04,2,2681,0,Online - Instagram
TXN-002729,SKU-0156,2024-10-09,1,2681,0,Online - Instagram
TXN-002730,SKU-0156,2024-10-15,1,2279,15,Store - MG Road
TXN-002731,SKU-0157,2024-08-06,1,3138,0,Store - Indiranagar
TXN-002732,SKU-0157,2024-08-08,2,3138,0,Store - Indiranagar
TXN-002733,SKU-0157,2024-08-10,1,3138,0,Online - Nykaa
TXN-002734,SKU-0157,2024-08-12,2,3138,0,Online - Instagram
TXN-002735,SKU-0157,2024-08-13,1,2354,25,Online - Website
TXN-002736,SKU-0157,2024-08-14,1,2667,15,Store - MG Road
TXN-002737,SKU-0157,2024-08-16,1,2824,10,Store - MG Road
TXN-002738,SKU-0157,2024-08-18,3,3138,0,Store - Koramangala
TXN-002739,SKU-0157,2024-08-19,3,3138,0,Store - Indiranagar
TXN-002740,SKU-0157,2024-08-21,1,3138,0,Store - MG Road
TXN-002741,SKU-0157,2024-08-23,3,3138,0,Online - Nykaa
TXN-002742,SKU-0157,2024-08-25,3,3138,0,Store - Koramangala
TXN-002743,SKU-0157,2024-08-26,3,3138,0,Store - Koramangala
TXN-002744,SKU-0157,2024-08-29,3,2824,10,Online - Website
TXN-002745,SKU-0157,2024-09-01,2,3138,0,Store - MG Road
TXN-002746,SKU-0157,2024-09-02,3,2824,10,Online - Website
TXN-002747,SKU-0157,2024-09-03,2,3138,0,Online - Nykaa
TXN-002748,SKU-0157,2024-09-04,1,3138,0,Online - Instagram
TXN-002749,SKU-0157,2024-09-07,2,3138,0,Store - Indiranagar
TXN-002750,SKU-0157,2024-09-09,2,3138,0,Store - Indiranagar
TXN-002751,SKU-0157,2024-09-11,2,3138,0,Store - Indiranagar
TXN-002752,SKU-0157,2024-09-14,3,3138,0,Online - Instagram
TXN-002753,SKU-0157,2024-09-16,1,3138,0,Store - Indiranagar
TXN-002754,SKU-0157,2024-09-17,2,3138,0,Store - MG Road
TXN-002755,SKU-0157,2024-09-20,3,2667,15,Store - Koramangala
TXN-002756,SKU-0157,2024-09-22,2,2510,20,Online - Nykaa
TXN-002757,SKU-0157,2024-09-24,3,2824,10,Online - Instagram
TXN-002758,SKU-0157,2024-09-27,2,3138,0,Store - MG Road
TXN-002759,SKU-0157,2024-09-28,1,3138,0,Online - Instagram
TXN-002760,SKU-0157,2024-09-29,1,2824,10,Store - Koramangala
TXN-002761,SKU-0157,2024-10-02,1,3138,0,Online - Instagram
TXN-002762,SKU-0157,2024-10-04,3,3138,0,Store - Indiranagar
TXN-002763,SKU-0157,2024-10-05,3,2510,20,Store - MG Road
TXN-002764,SKU-0157,2024-10-06,3,3138,0,Store - Indiranagar
TXN-002765,SKU-0157,2024-10-07,2,3138,0,Online - Website
TXN-002766,SKU-0157,2024-10-08,3,3138,0,Store - MG Road
TXN-002767,SKU-0157,2024-10-11,1,3138,0,Online - Website
TXN-002768,SKU-0157,2024-10-12,2,3138,0,Store - Koramangala
TXN-002769,SKU-0157,2024-10-13,3,3138,0,Store - MG Road
TXN-002770,SKU-0157,2024-10-16,1,3138,0,Online - Website
TXN-002771,SKU-0157,2024-10-17,3,3138,0,Store - Koramangala
TXN-002772,SKU-0157,2024-10-20,2,3138,0,Store - Koramangala
TXN-002773,SKU-0157,2024-10-22,1,3138,0,Online - Website
TXN-002774,SKU-0157,2024-10-24,3,2510,20,Store - Koramangala
TXN-002775,SKU-0157,2024-10-26,3,3138,0,Online - Instagram
TXN-002776,SKU-0157,2024-10-28,1,3138,0,Online - Website
TXN-002777,SKU-0157,2024-10-29,2,2667,15,Online - Website
TXN-002778,SKU-0157,2024-11-01,3,3138,0,Online - Website
TXN-002779,SKU-0157,2024-11-04,2,3138,0,Online - Instagram
TXN-002780,SKU-0157,2024-11-07,1,3138,0,Online - Website
TXN-002781,SKU-0157,2024-11-09,1,3138,0,Store - MG Road
TXN-002782,SKU-0158,2024-08-08,2,6403,0,Store - MG Road
TXN-002783,SKU-0158,2024-08-12,1,6403,0,Online - Nykaa
TXN-002784,SKU-0158,2024-08-15,2,6403,0,Store - Indiranagar
TXN-002785,SKU-0158,2024-08-18,2,6403,0,Store - Koramangala
TXN-002786,SKU-0158,2024-08-20,1,5443,15,Online - Website
TXN-002787,SKU-0158,2024-08-24,1,6403,0,Online - Nykaa
TXN-002788,SKU-0158,2024-08-27,1,6403,0,Online - Nykaa
TXN-002789,SKU-0158,2024-08-31,2,6403,0,Store - Indiranagar
TXN-002790,SKU-0158,2024-09-04,2,6403,0,Online - Website
TXN-002791,SKU-0158,2024-09-06,3,5443,15,Store - Koramangala
TXN-002792,SKU-0158,2024-09-08,1,6403,0,Store - MG Road
TXN-002793,SKU-0158,2024-09-12,1,6403,0,Online - Website
TXN-002794,SKU-0158,2024-09-14,1,5763,10,Store - MG Road
TXN-002795,SKU-0158,2024-09-17,2,5443,15,Store - MG Road
TXN-002796,SKU-0158,2024-09-21,3,6403,0,Store - Indiranagar
TXN-002797,SKU-0158,2024-09-24,1,5443,15,Online - Nykaa
TXN-002798,SKU-0158,2024-09-26,1,6403,0,Online - Website
TXN-002799,SKU-0158,2024-09-30,2,6403,0,Online - Website
TXN-002800,SKU-0158,2024-10-04,2,6403,0,Store - MG Road
TXN-002801,SKU-0158,2024-10-08,3,6403,0,Online - Nykaa
TXN-002802,SKU-0158,2024-10-12,2,6403,0,Online - Instagram
TXN-002803,SKU-0158,2024-10-16,2,5122,20,Store - MG Road
TXN-002804,SKU-0158,2024-10-19,3,6403,0,Store - MG Road
TXN-002805,SKU-0158,2024-10-23,2,6403,0,Store - MG Road
TXN-002806,SKU-0158,2024-10-25,3,5443,15,Online - Website
TXN-002807,SKU-0158,2024-10-27,3,4802,25,Store - Koramangala
TXN-002808,SKU-0158,2024-10-29,2,5763,10,Store - Indiranagar
TXN-002809,SKU-0158,2024-11-01,1,6403,0,Store - MG Road
TXN-002810,SKU-0158,2024-11-05,3,5443,15,Store - Indiranagar
TXN-002811,SKU-0158,2024-11-08,1,6403,0,Store - Indiranagar
TXN-002812,SKU-0159,2024-09-24,2,5840,0,Online - Website
TXN-002813,SKU-0159,2024-10-02,3,5840,0,Store - Koramangala
TXN-002814,SKU-0159,2024-10-10,3,4672,20,Store - MG Road
TXN-002815,SKU-0159,2024-10-19,1,4964,15,Store - Koramangala
TXN-002816,SKU-0159,2024-10-28,2,5840,0,Store - Indiranagar
TXN-002817,SKU-0160,2024-07-23,3,5352,0,Online - Instagram
TXN-002818,SKU-0160,2024-07-28,1,4014,25,Store - MG Road
TXN-002819,SKU-0160,2024-08-01,1,5352,0,Store - Indiranagar
TXN-002820,SKU-0160,2024-08-06,3,4549,15,Online - Website
TXN-002821,SKU-0160,2024-08-09,2,5352,0,Store - Koramangala
TXN-002822,SKU-0160,2024-08-12,2,5352,0,Online - Instagram
TXN-002823,SKU-0160,2024-08-16,2,4817,10,Store - Indiranagar
TXN-002824,SKU-0160,2024-08-21,1,5352,0,Store - MG Road
TXN-002825,SKU-0160,2024-08-25,3,5352,0,Store - Indiranagar
TXN-002826,SKU-0160,2024-08-29,3,5352,0,Store - Indiranagar
TXN-002827,SKU-0160,2024-09-01,3,5352,0,Store - Koramangala
TXN-002828,SKU-0160,2024-09-04,3,4282,20,Online - Website
TXN-002829,SKU-0160,2024-09-08,2,5352,0,Online - Nykaa
TXN-002830,SKU-0160,2024-09-12,2,5352,0,Store - MG Road
TXN-002831,SKU-0160,2024-09-17,2,5352,0,Store - Indiranagar
TXN-002832,SKU-0160,2024-09-22,1,5352,0,Store - MG Road
TXN-002833,SKU-0160,2024-09-25,1,5352,0,Online - Instagram
TXN-002834,SKU-0160,2024-09-28,1,5352,0,Store - Koramangala
TXN-002835,SKU-0160,2024-10-01,2,4817,10,Store - Indiranagar
TXN-002836,SKU-0160,2024-10-04,3,5352,0,Store - Koramangala
TXN-002837,SKU-0160,2024-10-08,1,5352,0,Online - Nykaa
TXN-002838,SKU-0160,2024-10-12,2,4014,25,Store - Indiranagar
TXN-002839,SKU-0160,2024-10-17,3,4817,10,Online - Website
TXN-002840,SKU-0160,2024-10-21,1,5352,0,Store - Indiranagar
TXN-002841,SKU-0160,2024-10-24,2,5352,0,Online - Instagram
TXN-002842,SKU-0160,2024-10-29,2,4014,25,Online - Nykaa
TXN-002843,SKU-0160,2024-11-02,3,5352,0,Online - Instagram
TXN-002844,SKU-0160,2024-11-07,2,5352,0,Online - Nykaa
TXN-002845,SKU-0160,2024-11-11,1,4014,25,Store - Indiranagar
TXN-002846,SKU-0161,2024-11-08,1,5559,0,Online - Instagram
TXN-002847,SKU-0161,2024-11-10,2,5559,0,Store - Indiranagar
TXN-002848,SKU-0161,2024-11-12,1,5559,0,Store - Koramangala
TXN-002849,SKU-0161,2024-11-15,2,5559,0,Online - Nykaa
TXN-002850,SKU-0161,2024-11-16,2,4725,15,Online - Nykaa
TXN-002851,SKU-0161,2024-11-18,2,5559,0,Store - Indiranagar
TXN-002852,SKU-0161,2024-11-19,1,5559,0,Online - Nykaa
TXN-002853,SKU-0161,2024-11-20,2,4447,20,Store - MG Road
TXN-002854,SKU-0161,2024-11-21,2,5559,0,Online - Nykaa
TXN-002855,SKU-0161,2024-11-24,3,5559,0,Online - Instagram
TXN-002856,SKU-0161,2024-11-27,1,5559,0,Store - Indiranagar
TXN-002857,SKU-0161,2024-11-30,3,5559,0,Store - Indiranagar
TXN-002858,SKU-0162,2024-11-04,3,2590,0,Online - Instagram
TXN-002859,SKU-0162,2024-11-05,1,2590,0,Online - Instagram
TXN-002860,SKU-0162,2024-11-06,1,2590,0,Store - Indiranagar
TXN-002861,SKU-0162,2024-11-08,3,2202,15,Online - Instagram
TXN-002862,SKU-0162,2024-11-09,2,2590,0,Online - Website
TXN-002863,SKU-0162,2024-11-12,2,2590,0,Store - MG Road
TXN-002864,SKU-0162,2024-11-15,1,2202,15,Store - Koramangala
TXN-002865,SKU-0162,2024-11-16,2,2590,0,Store - Koramangala
TXN-002866,SKU-0162,2024-11-19,1,2590,0,Store - MG Road
TXN-002867,SKU-0162,2024-11-22,1,2590,0,Store - MG Road
TXN-002868,SKU-0162,2024-11-24,2,2072,20,Store - MG Road
TXN-002869,SKU-0162,2024-11-25,2,2202,15,Online - Nykaa
TXN-002870,SKU-0162,2024-11-28,1,2590,0,Store - Indiranagar
TXN-002871,SKU-0162,2024-12-01,1,2590,0,Online - Nykaa
TXN-002872,SKU-0163,2024-08-28,1,3700,0,Store - Koramangala
TXN-002873,SKU-0163,2024-08-29,3,3700,0,Store - Indiranagar
TXN-002874,SKU-0163,2024-09-01,3,2775,25,Store - MG Road
TXN-002875,SKU-0163,2024-09-03,1,3700,0,Store - Indiranagar
TXN-002876,SKU-0163,2024-09-06,2,3700,0,Store - MG Road
TXN-002877,SKU-0163,2024-09-08,2,3700,0,Online - Instagram
TXN-002878,SKU-0163,2024-09-10,1,3700,0,Store - Koramangala
TXN-002879,SKU-0163,2024-09-11,3,3700,0,Online - Website
TXN-002880,SKU-0163,2024-09-12,1,3145,15,Store - MG Road
TXN-002881,SKU-0163,2024-09-13,1,3700,0,Online - Nykaa
TXN-002882,SKU-0163,2024-09-15,1,3700,0,Online - Website
TXN-002883,SKU-0163,2024-09-17,2,3145,15,Store - MG Road
TXN-002884,SKU-0163,2024-09-19,2,2960,20,Online - Instagram
TXN-002885,SKU-0163,2024-09-20,1,3700,0,Online - Instagram
TXN-002886,SKU-0163,2024-09-21,3,3700,0,Store - Koramangala
TXN-002887,SKU-0163,2024-09-24,1,3700,0,Store - MG Road
TXN-002888,SKU-0163,2024-09-27,1,3700,0,Store - MG Road
TXN-002889,SKU-0163,2024-09-29,2,3700,0,Online - Website
TXN-002890,SKU-0163,2024-10-02,3,3330,10,Online - Website
TXN-002891,SKU-0163,2024-10-03,1,3700,0,Store - Koramangala
TXN-002892,SKU-0163,2024-10-06,1,3700,0,Store - MG Road
TXN-002893,SKU-0163,2024-10-08,2,3330,10,Store - MG Road
TXN-002894,SKU-0163,2024-10-10,2,3700,0,Store - MG Road
TXN-002895,SKU-0163,2024-10-11,3,3700,0,Store - Koramangala
TXN-002896,SKU-0163,2024-10-13,2,3700,0,Store - MG Road
TXN-002897,SKU-0163,2024-10-16,3,3700,0,Store - Indiranagar
TXN-002898,SKU-0163,2024-10-19,3,3700,0,Online - Instagram
TXN-002899,SKU-0163,2024-10-22,2,3330,10,Online - Instagram
TXN-002900,SKU-0163,2024-10-24,2,3700,0,Store - Koramangala
TXN-002901,SKU-0163,2024-10-26,2,3700,0,Store - Indiranagar
TXN-002902,SKU-0163,2024-10-28,3,2775,25,Store - MG Road
TXN-002903,SKU-0163,2024-10-31,2,3700,0,Online - Website
TXN-002904,SKU-0163,2024-11-01,3,3700,0,Store - Koramangala
TXN-002905,SKU-0163,2024-11-03,3,2775,25,Store - Koramangala
TXN-002906,SKU-0163,2024-11-04,1,3700,0,Online - Instagram
TXN-002907,SKU-0163,2024-11-06,3,3700,0,Online - Instagram
TXN-002908,SKU-0163,2024-11-08,1,3700,0,Online - Nykaa
TXN-002909,SKU-0163,2024-11-11,3,3700,0,Online - Nykaa
TXN-002910,SKU-0163,2024-11-14,3,3145,15,Online - Nykaa
TXN-002911,SKU-0163,2024-11-16,2,3700,0,Online - Website
TXN-002912,SKU-0163,2024-11-18,3,3700,0,Store - Indiranagar
TXN-002913,SKU-0163,2024-11-20,1,3700,0,Store - MG Road
TXN-002914,SKU-0163,2024-11-23,2,3700,0,Store - MG Road
TXN-002915,SKU-0163,2024-11-26,3,3700,0,Store - Indiranagar
TXN-002916,SKU-0163,2024-11-29,3,3700,0,Store - MG Road
TXN-002917,SKU-0163,2024-11-30,1,3700,0,Store - MG Road
TXN-002918,SKU-0164,2024-06-19,3,3044,10,Store - MG Road
TXN-002919,SKU-0164,2024-06-24,2,3382,0,Store - MG Road
TXN-002920,SKU-0164,2024-07-01,2,3382,0,Store - Indiranagar
TXN-002921,SKU-0164,2024-07-08,3,3382,0,Store - Koramangala
TXN-002922,SKU-0164,2024-07-14,2,3382,0,Store - Indiranagar
TXN-002923,SKU-0164,2024-07-20,3,3382,0,Online - Website
TXN-002924,SKU-0164,2024-07-27,1,3382,0,Store - Indiranagar
TXN-002925,SKU-0164,2024-08-01,1,3382,0,Store - Koramangala
TXN-002926,SKU-0164,2024-08-06,1,3382,0,Online - Nykaa
TXN-002927,SKU-0164,2024-08-11,1,3044,10,Online - Instagram
TXN-002928,SKU-0164,2024-08-18,2,3382,0,Store - Indiranagar
TXN-002929,SKU-0164,2024-08-24,1,3382,0,Online - Instagram
TXN-002930,SKU-0164,2024-08-30,1,3382,0,Store - MG Road
TXN-002931,SKU-0164,2024-09-04,2,2706,20,Store - MG Road
TXN-002932,SKU-0164,2024-09-09,2,2875,15,Online - Nykaa
TXN-002933,SKU-0164,2024-09-16,1,3382,0,Online - Instagram
TXN-002934,SKU-0164,2024-09-22,1,3382,0,Store - MG Road
TXN-002935,SKU-0164,2024-09-29,2,3382,0,Online - Website
TXN-002936,SKU-0164,2024-10-06,2,3382,0,Store - Koramangala
TXN-002937,SKU-0165,2024-08-02,3,6478,0,Online - Instagram
TXN-002938,SKU-0165,2024-08-05,2,6478,0,Store - Koramangala
TXN-002939,SKU-0165,2024-08-07,1,5830,10,Online - Nykaa
TXN-002940,SKU-0165,2024-08-08,1,6478,0,Online - Nykaa
TXN-002941,SKU-0165,2024-08-09,1,6478,0,Online - Instagram
TXN-002942,SKU-0165,2024-08-10,2,6478,0,Store - MG Road
TXN-002943,SKU-0165,2024-08-13,2,5506,15,Store - Indiranagar
TXN-002944,SKU-0165,2024-08-14,1,6478,0,Online - Website
TXN-002945,SKU-0165,2024-08-17,3,6478,0,Store - Indiranagar
TXN-002946,SKU-0165,2024-08-19,2,6478,0,Online - Website
TXN-002947,SKU-0165,2024-08-21,3,6478,0,Store - MG Road
TXN-002948,SKU-0165,2024-08-23,1,5830,10,Online - Nykaa
TXN-002949,SKU-0165,2024-08-26,2,6478,0,Online - Website
TXN-002950,SKU-0165,2024-08-29,2,6478,0,Online - Nykaa
TXN-002951,SKU-0165,2024-08-31,3,6478,0,Online - Instagram
TXN-002952,SKU-0165,2024-09-01,3,6478,0,Online - Instagram
TXN-002953,SKU-0165,2024-09-04,1,6478,0,Online - Nykaa
TXN-002954,SKU-0165,2024-09-07,3,5830,10,Online - Instagram
TXN-002955,SKU-0165,2024-09-10,2,6478,0,Store - MG Road
TXN-002956,SKU-0165,2024-09-13,3,6478,0,Online - Website
TXN-002957,SKU-0165,2024-09-16,1,6478,0,Online - Nykaa
TXN-002958,SKU-0165,2024-09-17,3,6478,0,Store - Koramangala
TXN-002959,SKU-0165,2024-09-19,1,6478,0,Online - Instagram
TXN-002960,SKU-0165,2024-09-22,3,5830,10,Online - Instagram
TXN-002961,SKU-0165,2024-09-24,2,6478,0,Store - Koramangala
TXN-002962,SKU-0165,2024-09-26,3,6478,0,Store - Indiranagar
TXN-002963,SKU-0165,2024-09-27,1,5830,10,Store - Koramangala
TXN-002964,SKU-0165,2024-09-29,2,6478,0,Online - Website
TXN-002965,SKU-0165,2024-10-01,1,6478,0,Online - Nykaa
TXN-002966,SKU-0165,2024-10-03,3,5830,10,Store - Koramangala
TXN-002967,SKU-0165,2024-10-05,3,6478,0,Online - Nykaa
TXN-002968,SKU-0165,2024-10-08,2,6478,0,Online - Instagram
TXN-002969,SKU-0165,2024-10-11,3,5182,20,Online - Nykaa
TXN-002970,SKU-0165,2024-10-13,3,6478,0,Store - Koramangala
TXN-002971,SKU-0165,2024-10-15,1,6478,0,Online - Nykaa
TXN-002972,SKU-0165,2024-10-18,3,4858,25,Online - Nykaa
TXN-002973,SKU-0165,2024-10-20,1,6478,0,Online - Website
TXN-002974,SKU-0165,2024-10-21,1,6478,0,Online - Instagram
TXN-002975,SKU-0166,2024-06-30,1,3120,0,Online - Instagram
TXN-002976,SKU-0166,2024-08-20,2,3120,0,Store - MG Road
TXN-002977,SKU-0167,2024-10-15,2,5441,0,Online - Nykaa
TXN-002978,SKU-0167,2024-10-18,1,5441,0,Online - Nykaa
TXN-002979,SKU-0167,2024-10-23,1,5441,0,Online - Nykaa
TXN-002980,SKU-0167,2024-10-27,2,5441,0,Online - Instagram
TXN-002981,SKU-0167,2024-10-31,2,5441,0,Online - Nykaa
TXN-002982,SKU-0167,2024-11-03,1,5441,0,Online - Website
TXN-002983,SKU-0167,2024-11-08,1,5441,0,Online - Nykaa
TXN-002984,SKU-0167,2024-11-13,2,5441,0,Store - Koramangala
TXN-002985,SKU-0167,2024-11-16,1,4897,10,Store - Koramangala
TXN-002986,SKU-0167,2024-11-20,3,4897,10,Online - Nykaa
TXN-002987,SKU-0167,2024-11-25,1,5441,0,Store - Koramangala
TXN-002988,SKU-0167,2024-11-29,2,5441,0,Online - Nykaa
TXN-002989,SKU-0168,2024-09-17,1,4232,0,Store - Koramangala
TXN-002990,SKU-0168,2024-09-23,1,4232,0,Online - Nykaa
TXN-002991,SKU-0168,2024-09-27,3,4232,0,Store - Indiranagar
TXN-002992,SKU-0168,2024-10-01,3,3809,10,Store - MG Road
TXN-002993,SKU-0168,2024-10-07,2,4232,0,Online - Nykaa
TXN-002994,SKU-0168,2024-10-12,3,3386,20,Store - Koramangala
TXN-002995,SKU-0168,2024-10-16,3,4232,0,Online - Nykaa
TXN-002996,SKU-0168,2024-10-22,2,4232,0,Store - Indiranagar
TXN-002997,SKU-0169,2024-08-07,1,3120,0,Store - Koramangala
TXN-002998,SKU-0169,2024-08-13,2,3120,0,Store - Koramangala
TXN-002999,SKU-0169,2024-08-18,1,2652,15,Online - Instagram
TXN-003000,SKU-0169,2024-08-24,3,3120,0,Online - Instagram
TXN-003001,SKU-0169,2024-08-30,1,3120,0,Store - MG Road
TXN-003002,SKU-0169,2024-09-04,2,2808,10,Online - Nykaa
TXN-003003,SKU-0169,2024-09-11,1,3120,0,Online - Instagram
TXN-003004,SKU-0169,2024-09-17,1,2496,20,Store - Koramangala
TXN-003005,SKU-0169,2024-09-23,2,3120,0,Online - Instagram
TXN-003006,SKU-0169,2024-09-28,1,3120,0,Online - Instagram
TXN-003007,SKU-0169,2024-10-05,2,3120,0,Online - Nykaa
TXN-003008,SKU-0169,2024-10-12,1,3120,0,Store - MG Road
TXN-003009,SKU-0169,2024-10-17,3,3120,0,Store - MG Road
TXN-003010,SKU-0169,2024-10-23,1,3120,0,Online - Nykaa
TXN-003011,SKU-0170,2024-09-11,2,4233,0,Store - Indiranagar
TXN-003012,SKU-0170,2024-09-12,3,4233,0,Store - MG Road
TXN-003013,SKU-0170,2024-09-15,2,4233,0,Store - Koramangala
TXN-003014,SKU-0170,2024-09-16,1,4233,0,Online - Website
TXN-003015,SKU-0170,2024-09-18,3,4233,0,Online - Nykaa
TXN-003016,SKU-0170,2024-09-21,1,3386,20,Online - Instagram
TXN-003017,SKU-0170,2024-09-22,3,3810,10,Store - Indiranagar
TXN-003018,SKU-0170,2024-09-23,3,4233,0,Online - Instagram
TXN-003019,SKU-0170,2024-09-24,1,3598,15,Store - Indiranagar
TXN-003020,SKU-0170,2024-09-27,2,4233,0,Online - Nykaa
TXN-003021,SKU-0170,2024-09-28,2,4233,0,Store - Koramangala
TXN-003022,SKU-0170,2024-10-01,3,3598,15,Online - Instagram
TXN-003023,SKU-0170,2024-10-04,1,3386,20,Store - Koramangala
TXN-003024,SKU-0170,2024-10-06,3,4233,0,Online - Website
TXN-003025,SKU-0170,2024-10-09,2,4233,0,Online - Instagram
TXN-003026,SKU-0170,2024-10-10,1,4233,0,Store - MG Road
TXN-003027,SKU-0170,2024-10-13,2,4233,0,Store - Indiranagar
TXN-003028,SKU-0170,2024-10-16,3,4233,0,Store - Koramangala
TXN-003029,SKU-0170,2024-10-18,1,4233,0,Store - Indiranagar
TXN-003030,SKU-0170,2024-10-21,2,4233,0,Store - Koramangala
TXN-003031,SKU-0170,2024-10-24,3,4233,0,Online - Instagram
TXN-003032,SKU-0170,2024-10-27,2,4233,0,Online - Nykaa
TXN-003033,SKU-0170,2024-10-29,2,4233,0,Store - Koramangala
TXN-003034,SKU-0170,2024-10-30,1,4233,0,Store - Indiranagar
TXN-003035,SKU-0170,2024-10-31,1,4233,0,Online - Website
TXN-003036,SKU-0170,2024-11-01,1,4233,0,Online - Nykaa
TXN-003037,SKU-0170,2024-11-04,2,3810,10,Online - Website
TXN-003038,SKU-0170,2024-11-06,2,4233,0,Store - Koramangala
TXN-003039,SKU-0170,2024-11-09,3,4233,0,Store - Koramangala
TXN-003040,SKU-0170,2024-11-11,3,4233,0,Online - Nykaa
TXN-003041,SKU-0170,2024-11-14,1,4233,0,Online - Instagram
TXN-003042,SKU-0170,2024-11-16,1,3810,10,Store - MG Road
TXN-003043,SKU-0170,2024-11-17,2,4233,0,Online - Instagram
TXN-003044,SKU-0171,2024-07-01,3,2847,10,Store - MG Road
TXN-003045,SKU-0171,2024-07-07,3,3163,0,Online - Website
TXN-003046,SKU-0171,2024-07-11,1,3163,0,Store - Indiranagar
TXN-003047,SKU-0171,2024-07-15,2,3163,0,Online - Nykaa
TXN-003048,SKU-0171,2024-07-21,1,3163,0,Online - Nykaa
TXN-003049,SKU-0171,2024-07-27,1,3163,0,Store - Indiranagar
TXN-003050,SKU-0171,2024-08-02,3,3163,0,Store - Koramangala
TXN-003051,SKU-0171,2024-08-06,2,3163,0,Store - Koramangala
TXN-003052,SKU-0171,2024-08-10,2,3163,0,Store - Indiranagar
TXN-003053,SKU-0171,2024-08-14,2,2847,10,Online - Nykaa
TXN-003054,SKU-0171,2024-08-19,2,2689,15,Online - Website
TXN-003055,SKU-0171,2024-08-25,1,3163,0,Store - MG Road
TXN-003056,SKU-0171,2024-08-31,3,2372,25,Store - Koramangala
TXN-003057,SKU-0171,2024-09-05,2,3163,0,Store - MG Road
TXN-003058,SKU-0171,2024-09-10,1,3163,0,Store - MG Road
TXN-003059,SKU-0171,2024-09-14,3,3163,0,Online - Nykaa
TXN-003060,SKU-0171,2024-09-20,3,3163,0,Store - Koramangala
TXN-003061,SKU-0171,2024-09-25,1,3163,0,Store - MG Road
TXN-003062,SKU-0171,2024-09-29,1,3163,0,Online - Instagram
TXN-003063,SKU-0172,2024-11-07,3,5615,0,Online - Instagram
TXN-003064,SKU-0172,2024-11-10,1,5615,0,Online - Website
TXN-003065,SKU-0172,2024-11-13,1,5615,0,Online - Website
TXN-003066,SKU-0172,2024-11-18,1,4211,25,Online - Website
TXN-003067,SKU-0172,2024-11-21,2,5615,0,Online - Instagram
TXN-003068,SKU-0172,2024-11-26,1,5615,0,Online - Website
TXN-003069,SKU-0172,2024-11-29,3,5615,0,Store - Indiranagar
TXN-003070,SKU-0173,2024-07-31,3,3084,0,Online - Website
TXN-003071,SKU-0173,2024-08-02,3,3084,0,Online - Website
TXN-003072,SKU-0173,2024-08-06,3,3084,0,Store - Koramangala
TXN-003073,SKU-0173,2024-08-10,1,3084,0,Store - Indiranagar
TXN-003074,SKU-0173,2024-08-12,3,2621,15,Online - Website
TXN-003075,SKU-0173,2024-08-16,3,3084,0,Store - MG Road
TXN-003076,SKU-0173,2024-08-18,1,3084,0,Store - Indiranagar
TXN-003077,SKU-0173,2024-08-21,1,2776,10,Online - Website
TXN-003078,SKU-0173,2024-08-23,3,3084,0,Online - Instagram
TXN-003079,SKU-0173,2024-08-27,2,2776,10,Store - Koramangala
TXN-003080,SKU-0173,2024-08-30,3,3084,0,Store - Indiranagar
TXN-003081,SKU-0173,2024-09-02,1,2467,20,Online - Nykaa
TXN-003082,SKU-0173,2024-09-05,3,3084,0,Online - Website
TXN-003083,SKU-0173,2024-09-07,1,3084,0,Store - Koramangala
TXN-003084,SKU-0173,2024-09-11,3,3084,0,Store - Koramangala
TXN-003085,SKU-0173,2024-09-13,1,3084,0,Store - Indiranagar
TXN-003086,SKU-0173,2024-09-17,3,3084,0,Online - Website
TXN-003087,SKU-0173,2024-09-19,3,3084,0,Online - Website
TXN-003088,SKU-0173,2024-09-22,2,3084,0,Online - Website
TXN-003089,SKU-0174,2024-11-15,2,4753,0,Store - Indiranagar
TXN-003090,SKU-0174,2024-11-17,3,4753,0,Store - MG Road
TXN-003091,SKU-0174,2024-11-19,2,4753,0,Online - Instagram
TXN-003092,SKU-0174,2024-11-22,2,4753,0,Store - MG Road
TXN-003093,SKU-0174,2024-11-25,3,4753,0,Online - Nykaa
TXN-003094,SKU-0174,2024-11-26,3,4753,0,Store - Indiranagar
TXN-003095,SKU-0174,2024-11-27,3,4753,0,Store - Indiranagar
TXN-003096,SKU-0174,2024-11-28,2,4278,10,Online - Instagram
TXN-003097,SKU-0174,2024-11-29,1,3565,25,Store - Indiranagar
TXN-003098,SKU-0174,2024-11-30,2,4753,0,Store - Koramangala
TXN-003099,SKU-0175,2024-11-09,3,4936,0,Online - Nykaa
TXN-003100,SKU-0175,2024-11-13,1,4936,0,Store - Indiranagar
TXN-003101,SKU-0175,2024-11-17,3,4936,0,Online - Instagram
TXN-003102,SKU-0175,2024-11-22,3,4936,0,Store - MG Road
TXN-003103,SKU-0175,2024-11-25,2,4442,10,Online - Website
TXN-003104,SKU-0175,2024-11-29,2,4936,0,Online - Instagram
TXN-003105,SKU-0176,2024-09-17,1,2592,15,Store - MG Road
TXN-003106,SKU-0176,2024-09-22,1,3049,0,Online - Website
TXN-003107,SKU-0176,2024-09-27,1,2744,10,Store - Indiranagar
TXN-003108,SKU-0176,2024-09-30,1,3049,0,Online - Nykaa
TXN-003109,SKU-0176,2024-10-04,2,3049,0,Online - Website
TXN-003110,SKU-0176,2024-10-07,3,3049,0,Store - MG Road
TXN-003111,SKU-0176,2024-10-11,3,3049,0,Store - MG Road
TXN-003112,SKU-0176,2024-10-16,1,3049,0,Online - Nykaa
TXN-003113,SKU-0176,2024-10-20,2,3049,0,Online - Instagram
TXN-003114,SKU-0176,2024-10-25,3,2287,25,Store - MG Road
TXN-003115,SKU-0176,2024-10-28,1,2439,20,Online - Instagram
TXN-003116,SKU-0176,2024-10-31,1,3049,0,Online - Instagram
TXN-003117,SKU-0176,2024-11-03,1,3049,0,Store - Koramangala
TXN-003118,SKU-0176,2024-11-06,2,2439,20,Store - Koramangala
TXN-003119,SKU-0176,2024-11-11,2,3049,0,Online - Instagram
TXN-003120,SKU-0176,2024-11-14,3,2592,15,Online - Website
TXN-003121,SKU-0176,2024-11-18,1,3049,0,Online - Website
TXN-003122,SKU-0176,2024-11-23,2,3049,0,Online - Instagram
TXN-003123,SKU-0176,2024-11-27,2,3049,0,Online - Website
TXN-003124,SKU-0176,2024-11-30,2,3049,0,Store - Indiranagar
TXN-003125,SKU-0177,2024-09-11,2,4118,10,Online - Website
TXN-003126,SKU-0177,2024-09-15,2,4576,0,Online - Instagram
TXN-003127,SKU-0177,2024-09-20,3,4576,0,Store - MG Road
TXN-003128,SKU-0177,2024-09-25,1,4118,10,Online - Instagram
TXN-003129,SKU-0177,2024-09-28,1,4576,0,Online - Instagram
TXN-003130,SKU-0177,2024-10-03,3,4576,0,Online - Website
TXN-003131,SKU-0177,2024-10-06,2,4118,10,Store - Indiranagar
TXN-003132,SKU-0177,2024-10-11,3,4576,0,Store - Indiranagar
TXN-003133,SKU-0177,2024-10-16,2,4576,0,Store - Indiranagar
TXN-003134,SKU-0177,2024-10-20,2,4576,0,Store - Indiranagar
TXN-003135,SKU-0177,2024-10-23,1,4576,0,Store - MG Road
TXN-003136,SKU-0178,2024-11-09,1,3555,0,Store - MG Road
TXN-003137,SKU-0178,2024-11-12,3,3555,0,Online - Instagram
TXN-003138,SKU-0178,2024-11-13,3,3555,0,Store - MG Road
TXN-003139,SKU-0178,2024-11-15,2,2666,25,Online - Instagram
TXN-003140,SKU-0178,2024-11-16,2,2844,20,Store - Koramangala
TXN-003141,SKU-0178,2024-11-19,2,3555,0,Store - Koramangala
TXN-003142,SKU-0178,2024-11-22,3,3555,0,Online - Nykaa
TXN-003143,SKU-0178,2024-11-23,2,3200,10,Online - Nykaa
TXN-003144,SKU-0178,2024-11-24,2,3555,0,Online - Instagram
TXN-003145,SKU-0178,2024-11-27,3,3022,15,Online - Nykaa
TXN-003146,SKU-0178,2024-11-28,1,3555,0,Store - MG Road
TXN-003147,SKU-0178,2024-11-30,2,2844,20,Store - Indiranagar
TXN-003148,SKU-0179,2024-10-11,3,3174,0,Store - Koramangala
TXN-003149,SKU-0179,2024-10-15,2,3174,0,Online - Nykaa
TXN-003150,SKU-0179,2024-10-20,2,3174,0,Online - Nykaa
TXN-003151,SKU-0179,2024-10-24,2,3174,0,Online - Website
TXN-003152,SKU-0179,2024-10-28,2,2380,25,Store - Koramangala
TXN-003153,SKU-0179,2024-11-02,1,3174,0,Store - Indiranagar
TXN-003154,SKU-0179,2024-11-05,1,3174,0,Online - Nykaa
TXN-003155,SKU-0179,2024-11-10,1,3174,0,Store - Indiranagar
TXN-003156,SKU-0179,2024-11-14,1,2857,10,Online - Nykaa
TXN-003157,SKU-0179,2024-11-18,1,3174,0,Store - Koramangala
TXN-003158,SKU-0179,2024-11-23,3,2539,20,Store - MG Road
TXN-003159,SKU-0179,2024-11-26,2,3174,0,Store - Koramangala
TXN-003160,SKU-0179,2024-11-30,1,3174,0,Online - Nykaa
TXN-003161,SKU-0180,2024-10-21,3,5587,0,Store - Indiranagar
TXN-003162,SKU-0180,2024-10-24,2,4749,15,Store - MG Road
TXN-003163,SKU-0180,2024-10-26,3,5587,0,Store - Indiranagar
TXN-003164,SKU-0180,2024-10-29,3,5028,10,Store - Indiranagar
TXN-003165,SKU-0180,2024-10-31,2,5587,0,Store - MG Road
TXN-003166,SKU-0180,2024-11-02,2,5587,0,Store - Koramangala
TXN-003167,SKU-0180,2024-11-05,1,5587,0,Online - Nykaa
TXN-003168,SKU-0180,2024-11-06,2,5587,0,Online - Instagram
TXN-003169,SKU-0180,2024-11-09,3,5587,0,Store - Indiranagar
TXN-003170,SKU-0180,2024-11-11,1,5587,0,Store - MG Road
TXN-003171,SKU-0180,2024-11-14,3,5587,0,Online - Nykaa
TXN-003172,SKU-0180,2024-11-15,3,5587,0,Online - Instagram
TXN-003173,SKU-0180,2024-11-17,3,5587,0,Online - Instagram
TXN-003174,SKU-0180,2024-11-20,1,5587,0,Store - Koramangala
TXN-003175,SKU-0180,2024-11-22,1,5587,0,Online - Nykaa
TXN-003176,SKU-0180,2024-11-25,2,4749,15,Store - Indiranagar
TXN-003177,SKU-0180,2024-11-27,1,5587,0,Store - Koramangala
TXN-003178,SKU-0180,2024-11-28,3,5587,0,Store - MG Road
TXN-003179,SKU-0180,2024-11-30,1,5587,0,Online - Nykaa
TXN-003180,SKU-0181,2024-08-17,2,2517,0,Online - Instagram
TXN-003181,SKU-0181,2024-08-18,1,2139,15,Online - Nykaa
TXN-003182,SKU-0181,2024-08-19,1,2265,10,Online - Instagram
TXN-003183,SKU-0181,2024-08-20,3,2517,0,Online - Instagram
TXN-003184,SKU-0181,2024-08-23,2,2265,10,Store - MG Road
TXN-003185,SKU-0181,2024-08-25,3,2517,0,Online - Instagram
TXN-003186,SKU-0181,2024-08-26,1,2517,0,Store - Indiranagar
TXN-003187,SKU-0181,2024-08-27,3,2517,0,Store - MG Road
TXN-003188,SKU-0181,2024-08-30,1,2517,0,Online - Instagram
TXN-003189,SKU-0181,2024-09-02,1,2517,0,Store - Koramangala
TXN-003190,SKU-0181,2024-09-04,2,2517,0,Online - Instagram
TXN-003191,SKU-0181,2024-09-05,2,2517,0,Store - MG Road
TXN-003192,SKU-0181,2024-09-06,2,2517,0,Store - Indiranagar
TXN-003193,SKU-0181,2024-09-09,1,2517,0,Store - Indiranagar
TXN-003194,SKU-0181,2024-09-12,1,2517,0,Online - Nykaa
TXN-003195,SKU-0181,2024-09-14,2,2139,15,Store - MG Road
TXN-003196,SKU-0181,2024-09-17,1,2517,0,Store - Koramangala
TXN-003197,SKU-0181,2024-09-19,2,2517,0,Online - Instagram
TXN-003198,SKU-0181,2024-09-20,2,2517,0,Online - Instagram
TXN-003199,SKU-0181,2024-09-21,3,2517,0,Store - MG Road
TXN-003200,SKU-0181,2024-09-22,1,2517,0,Online - Website
TXN-003201,SKU-0181,2024-09-25,1,2517,0,Store - Koramangala
TXN-003202,SKU-0181,2024-09-27,2,2517,0,Store - Indiranagar
TXN-003203,SKU-0181,2024-09-28,3,2517,0,Online - Nykaa
TXN-003204,SKU-0181,2024-09-29,2,2517,0,Online - Website
TXN-003205,SKU-0181,2024-10-02,3,2517,0,Online - Instagram
TXN-003206,SKU-0181,2024-10-04,3,2517,0,Online - Instagram
TXN-003207,SKU-0181,2024-10-06,3,2517,0,Online - Instagram
TXN-003208,SKU-0181,2024-10-09,3,2517,0,Store - MG Road
TXN-003209,SKU-0181,2024-10-12,2,2014,20,Store - Koramangala
TXN-003210,SKU-0181,2024-10-15,1,2517,0,Online - Instagram
TXN-003211,SKU-0181,2024-10-17,2,2517,0,Store - MG Road
TXN-003212,SKU-0181,2024-10-20,3,2517,0,Store - Koramangala
TXN-003213,SKU-0181,2024-10-22,2,2517,0,Online - Nykaa
TXN-003214,SKU-0181,2024-10-24,1,2517,0,Online - Nykaa
TXN-003215,SKU-0181,2024-10-25,1,2517,0,Online - Nykaa
TXN-003216,SKU-0181,2024-10-27,1,2014,20,Online - Nykaa
TXN-003217,SKU-0181,2024-10-30,3,2517,0,Store - Indiranagar
TXN-003218,SKU-0181,2024-11-01,3,2517,0,Store - Indiranagar
TXN-003219,SKU-0181,2024-11-03,2,2517,0,Store - MG Road
TXN-003220,SKU-0182,2024-06-24,2,3485,0,Online - Instagram
TXN-003221,SKU-0182,2024-07-05,1,3136,10,Online - Instagram
TXN-003222,SKU-0182,2024-07-16,2,2788,20,Store - Koramangala
TXN-003223,SKU-0182,2024-07-27,1,3485,0,Online - Nykaa
TXN-003224,SKU-0182,2024-08-06,1,3485,0,Store - Koramangala
TXN-003225,SKU-0182,2024-08-17,1,3485,0,Online - Nykaa
TXN-003226,SKU-0182,2024-08-28,1,3485,0,Store - Koramangala
TXN-003227,SKU-0182,2024-09-07,2,3485,0,Online - Website
TXN-003228,SKU-0182,2024-09-18,3,3485,0,Store - Koramangala
TXN-003229,SKU-0182,2024-09-28,1,3485,0,Online - Instagram
TXN-003230,SKU-0183,2024-08-21,2,4083,15,Online - Nykaa
TXN-003231,SKU-0183,2024-08-24,2,3843,20,Online - Nykaa
TXN-003232,SKU-0183,2024-08-27,2,4804,0,Store - Indiranagar
TXN-003233,SKU-0183,2024-09-01,1,4804,0,Store - MG Road
TXN-003234,SKU-0183,2024-09-04,2,4324,10,Online - Nykaa
TXN-003235,SKU-0183,2024-09-09,2,4804,0,Online - Website
TXN-003236,SKU-0183,2024-09-13,2,4083,15,Online - Nykaa
TXN-003237,SKU-0183,2024-09-18,3,4083,15,Store - MG Road
TXN-003238,SKU-0183,2024-09-23,3,4804,0,Online - Website
TXN-003239,SKU-0183,2024-09-26,3,4324,10,Store - Koramangala
TXN-003240,SKU-0183,2024-09-30,3,4804,0,Online - Nykaa
TXN-003241,SKU-0183,2024-10-04,2,4804,0,Online - Nykaa
TXN-003242,SKU-0183,2024-10-07,2,4804,0,Online - Nykaa
TXN-003243,SKU-0183,2024-10-12,1,4804,0,Store - Indiranagar
TXN-003244,SKU-0183,2024-10-17,1,4804,0,Store - Indiranagar
TXN-003245,SKU-0184,2024-09-21,2,2756,0,Online - Nykaa
TXN-003246,SKU-0184,2024-10-02,2,2756,0,Store - Indiranagar
TXN-003247,SKU-0184,2024-10-14,2,2756,0,Store - MG Road
TXN-003248,SKU-0185,2024-06-13,3,5708,0,Store - Indiranagar
TXN-003249,SKU-0185,2024-06-25,3,5708,0,Online - Instagram
TXN-003250,SKU-0185,2024-07-06,1,5708,0,Store - MG Road
TXN-003251,SKU-0185,2024-07-18,1,5708,0,Store - MG Road
TXN-003252,SKU-0185,2024-07-30,3,5708,0,Online - Website
TXN-003253,SKU-0185,2024-08-12,1,5708,0,Store - MG Road
TXN-003254,SKU-0185,2024-08-24,3,5137,10,Online - Instagram
TXN-003255,SKU-0186,2024-11-06,2,3791,10,Store - MG Road
TXN-003256,SKU-0186,2024-11-13,1,3580,15,Store - Indiranagar
TXN-003257,SKU-0186,2024-11-20,1,4212,0,Online - Nykaa
TXN-003258,SKU-0186,2024-11-28,1,3791,10,Online - Nykaa
TXN-003259,SKU-0187,2024-09-09,2,2886,10,Online - Nykaa
TXN-003260,SKU-0187,2024-10-07,1,3207,0,Store - MG Road
TXN-003261,SKU-0188,2024-06-15,1,6102,0,Online - Nykaa
TXN-003262,SKU-0188,2024-06-17,2,4882,20,Store - Koramangala
TXN-003263,SKU-0188,2024-06-19,2,5187,15,Store - MG Road
TXN-003264,SKU-0188,2024-06-20,3,6102,0,Online - Nykaa
TXN-003265,SKU-0188,2024-06-23,1,5492,10,Online - Nykaa
TXN-003266,SKU-0188,2024-06-25,2,6102,0,Store - Indiranagar
TXN-003267,SKU-0188,2024-06-26,3,6102,0,Store - Koramangala
TXN-003268,SKU-0188,2024-06-27,3,6102,0,Online - Instagram
TXN-003269,SKU-0188,2024-06-30,3,6102,0,Online - Website
TXN-003270,SKU-0188,2024-07-01,3,6102,0,Online - Instagram
TXN-003271,SKU-0188,2024-07-04,3,5492,10,Store - MG Road
TXN-003272,SKU-0188,2024-07-06,2,6102,0,Online - Website
TXN-003273,SKU-0188,2024-07-07,2,6102,0,Online - Instagram
TXN-003274,SKU-0188,2024-07-10,1,4576,25,Store - MG Road
TXN-003275,SKU-0188,2024-07-13,2,6102,0,Online - Nykaa
TXN-003276,SKU-0188,2024-07-14,1,5187,15,Store - Indiranagar
TXN-003277,SKU-0188,2024-07-16,2,5187,15,Store - Koramangala
TXN-003278,SKU-0188,2024-07-18,2,6102,0,Store - MG Road
TXN-003279,SKU-0188,2024-07-20,3,6102,0,Store - Koramangala
TXN-003280,SKU-0188,2024-07-22,3,4882,20,Online - Instagram
TXN-003281,SKU-0188,2024-07-23,2,6102,0,Online - Nykaa
TXN-003282,SKU-0188,2024-07-26,1,6102,0,Store - MG Road
TXN-003283,SKU-0188,2024-07-28,2,5492,10,Store - Koramangala
TXN-003284,SKU-0188,2024-07-30,3,6102,0,Store - Koramangala
TXN-003285,SKU-0188,2024-08-01,2,4882,20,Store - Indiranagar
TXN-003286,SKU-0188,2024-08-03,3,6102,0,Online - Website
TXN-003287,SKU-0188,2024-08-05,2,5187,15,Store - Koramangala
TXN-003288,SKU-0188,2024-08-06,1,6102,0,Store - MG Road
TXN-003289,SKU-0188,2024-08-09,3,6102,0,Store - Koramangala
TXN-003290,SKU-0188,2024-08-10,2,4576,25,Online - Website
TXN-003291,SKU-0188,2024-08-13,3,4576,25,Store - Indiranagar
TXN-003292,SKU-0188,2024-08-14,1,6102,0,Store - Koramangala
TXN-003293,SKU-0188,2024-08-16,3,6102,0,Store - Koramangala
TXN-003294,SKU-0188,2024-08-18,1,6102,0,Store - MG Road
TXN-003295,SKU-0188,2024-08-21,2,4576,25,Online - Instagram
TXN-003296,SKU-0188,2024-08-22,1,6102,0,Online - Nykaa
TXN-003297,SKU-0188,2024-08-24,3,6102,0,Store - MG Road
TXN-003298,SKU-0188,2024-08-26,2,6102,0,Store - Koramangala
TXN-003299,SKU-0188,2024-08-27,1,6102,0,Store - Koramangala
TXN-003300,SKU-0188,2024-08-28,3,4882,20,Online - Instagram
TXN-003301,SKU-0188,2024-08-31,2,6102,0,Store - MG Road
TXN-003302,SKU-0188,2024-09-02,1,6102,0,Store - MG Road
TXN-003303,SKU-0188,2024-09-05,3,6102,0,Online - Website
TXN-003304,SKU-0188,2024-09-06,1,6102,0,Store - Indiranagar
TXN-003305,SKU-0189,2024-09-11,2,3465,0,Store - MG Road
TXN-003306,SKU-0189,2024-09-13,3,3465,0,Online - Website
TXN-003307,SKU-0189,2024-09-15,3,3465,0,Store - Koramangala
TXN-003308,SKU-0189,2024-09-18,3,3465,0,Online - Website
TXN-003309,SKU-0189,2024-09-21,3,3465,0,Store - Indiranagar
TXN-003310,SKU-0189,2024-09-23,1,3465,0,Store - Indiranagar
TXN-003311,SKU-0189,2024-09-25,2,3465,0,Store - MG Road
TXN-003312,SKU-0189,2024-09-27,1,3465,0,Store - Koramangala
TXN-003313,SKU-0189,2024-09-30,3,2945,15,Store - Koramangala
TXN-003314,SKU-0189,2024-10-02,2,3465,0,Store - MG Road
TXN-003315,SKU-0189,2024-10-03,2,3465,0,Store - Koramangala
TXN-003316,SKU-0189,2024-10-04,3,3465,0,Online - Nykaa
TXN-003317,SKU-0189,2024-10-06,1,3465,0,Store - MG Road
TXN-003318,SKU-0189,2024-10-08,1,3465,0,Store - MG Road
TXN-003319,SKU-0189,2024-10-11,1,3465,0,Store - Koramangala
TXN-003320,SKU-0189,2024-10-13,2,3465,0,Store - Koramangala
TXN-003321,SKU-0189,2024-10-14,3,3465,0,Online - Nykaa
TXN-003322,SKU-0189,2024-10-15,1,3465,0,Store - MG Road
TXN-003323,SKU-0189,2024-10-16,2,3465,0,Store - MG Road
TXN-003324,SKU-0189,2024-10-19,2,3118,10,Online - Instagram
TXN-003325,SKU-0189,2024-10-21,3,3118,10,Online - Instagram
TXN-003326,SKU-0189,2024-10-23,3,3465,0,Store - MG Road
TXN-003327,SKU-0189,2024-10-26,2,3465,0,Online - Website
TXN-003328,SKU-0189,2024-10-27,3,3465,0,Store - Koramangala
TXN-003329,SKU-0189,2024-10-29,1,3465,0,Online - Nykaa
TXN-003330,SKU-0189,2024-10-30,3,3465,0,Store - Koramangala
TXN-003331,SKU-0189,2024-11-01,2,3465,0,Store - Koramangala
TXN-003332,SKU-0189,2024-11-03,1,3465,0,Online - Website
TXN-003333,SKU-0189,2024-11-04,2,3465,0,Store - MG Road
TXN-003334,SKU-0189,2024-11-05,1,3465,0,Store - Koramangala
TXN-003335,SKU-0189,2024-11-08,3,3465,0,Online - Instagram
TXN-003336,SKU-0189,2024-11-09,2,3465,0,Store - Indiranagar
TXN-003337,SKU-0189,2024-11-12,2,3465,0,Store - MG Road
TXN-003338,SKU-0189,2024-11-13,1,2945,15,Online - Instagram
TXN-003339,SKU-0189,2024-11-16,3,2945,15,Online - Instagram
TXN-003340,SKU-0189,2024-11-17,2,2599,25,Online - Instagram
TXN-003341,SKU-0189,2024-11-19,2,3465,0,Online - Instagram
TXN-003342,SKU-0189,2024-11-20,3,3465,0,Store - Koramangala
TXN-003343,SKU-0189,2024-11-21,2,3118,10,Store - Indiranagar
TXN-003344,SKU-0189,2024-11-22,1,3465,0,Store - Indiranagar
TXN-003345,SKU-0189,2024-11-23,3,3465,0,Store - MG Road
TXN-003346,SKU-0189,2024-11-24,1,3118,10,Online - Instagram
TXN-003347,SKU-0189,2024-11-26,2,3465,0,Online - Instagram
TXN-003348,SKU-0189,2024-11-28,1,3465,0,Online - Nykaa
TXN-003349,SKU-0189,2024-12-01,3,2772,20,Online - Nykaa
TXN-003350,SKU-0190,2024-07-21,3,2221,0,Online - Instagram
TXN-003351,SKU-0190,2024-07-23,3,1999,10,Store - Koramangala
TXN-003352,SKU-0190,2024-07-26,3,1999,10,Online - Nykaa
TXN-003353,SKU-0190,2024-07-28,1,2221,0,Store - Koramangala
TXN-003354,SKU-0190,2024-08-01,2,1888,15,Store - Indiranagar
TXN-003355,SKU-0190,2024-08-03,1,2221,0,Online - Instagram
TXN-003356,SKU-0190,2024-08-05,2,2221,0,Online - Nykaa
TXN-003357,SKU-0190,2024-08-08,2,2221,0,Store - MG Road
TXN-003358,SKU-0190,2024-08-10,1,2221,0,Online - Instagram
TXN-003359,SKU-0190,2024-08-14,1,2221,0,Online - Nykaa
TXN-003360,SKU-0190,2024-08-17,3,1999,10,Online - Instagram
TXN-003361,SKU-0190,2024-08-20,3,2221,0,Online - Nykaa
TXN-003362,SKU-0190,2024-08-24,1,2221,0,Store - Indiranagar
TXN-003363,SKU-0190,2024-08-27,1,2221,0,Store - Koramangala
TXN-003364,SKU-0190,2024-08-30,2,2221,0,Store - Koramangala
TXN-003365,SKU-0190,2024-09-02,1,2221,0,Store - Indiranagar
TXN-003366,SKU-0190,2024-09-06,2,2221,0,Store - MG Road
TXN-003367,SKU-0190,2024-09-10,2,2221,0,Online - Nykaa
TXN-003368,SKU-0190,2024-09-12,3,1777,20,Store - Indiranagar
TXN-003369,SKU-0190,2024-09-14,1,1999,10,Online - Instagram
TXN-003370,SKU-0190,2024-09-18,1,2221,0,Online - Instagram
TXN-003371,SKU-0190,2024-09-20,3,2221,0,Store - MG Road
TXN-003372,SKU-0190,2024-09-23,2,2221,0,Store - MG Road
TXN-003373,SKU-0190,2024-09-27,3,1777,20,Store - MG Road
TXN-003374,SKU-0190,2024-10-01,1,2221,0,Store - Koramangala
TXN-003375,SKU-0190,2024-10-04,1,2221,0,Store - Indiranagar
TXN-003376,SKU-0191,2024-11-11,1,4707,0,Online - Nykaa
TXN-003377,SKU-0191,2024-11-20,1,4236,10,Store - MG Road
TXN-003378,SKU-0191,2024-11-28,3,4707,0,Online - Website
TXN-003379,SKU-0192,2024-11-14,1,4723,15,Store - Indiranagar
TXN-003380,SKU-0193,2024-10-27,2,5355,0,Online - Instagram
TXN-003381,SKU-0193,2024-11-03,1,5355,0,Online - Instagram
TXN-003382,SKU-0193,2024-11-11,3,5355,0,Store - Koramangala
TXN-003383,SKU-0193,2024-11-19,1,5355,0,Online - Instagram
TXN-003384,SKU-0193,2024-11-27,1,5355,0,Store - Indiranagar
TXN-003385,SKU-0194,2024-08-26,1,4981,20,Online - Nykaa
TXN-003386,SKU-0194,2024-09-29,2,6226,0,Online - Instagram
TXN-003387,SKU-0195,2024-06-05,3,6163,0,Online - Website
TXN-003388,SKU-0195,2024-06-10,1,6163,0,Store - MG Road
TXN-003389,SKU-0195,2024-06-16,3,4930,20,Store - MG Road
TXN-003390,SKU-0195,2024-06-23,1,6163,0,Online - Website
TXN-003391,SKU-0195,2024-06-30,3,6163,0,Store - Koramangala
TXN-003392,SKU-0195,2024-07-07,1,6163,0,Online - Nykaa
TXN-003393,SKU-0195,2024-07-14,1,4930,20,Online - Nykaa
TXN-003394,SKU-0195,2024-07-21,3,4622,25,Online - Nykaa
TXN-003395,SKU-0195,2024-07-28,3,6163,0,Online - Website
TXN-003396,SKU-0195,2024-08-02,3,6163,0,Online - Website
TXN-003397,SKU-0195,2024-08-09,3,6163,0,Online - Nykaa
TXN-003398,SKU-0195,2024-08-15,3,6163,0,Online - Nykaa
TXN-003399,SKU-0195,2024-08-20,1,6163,0,Store - Koramangala
TXN-003400,SKU-0195,2024-08-27,1,5547,10,Online - Nykaa
TXN-003401,SKU-0195,2024-09-01,2,5239,15,Store - Koramangala
TXN-003402,SKU-0196,2024-10-22,2,4455,0,Online - Instagram
TXN-003403,SKU-0196,2024-10-25,3,4455,0,Online - Website
TXN-003404,SKU-0196,2024-10-28,3,4010,10,Store - Indiranagar
TXN-003405,SKU-0196,2024-10-30,1,4455,0,Store - Indiranagar
TXN-003406,SKU-0196,2024-11-01,2,4010,10,Store - MG Road
TXN-003407,SKU-0196,2024-11-03,3,4455,0,Online - Website
TXN-003408,SKU-0196,2024-11-05,1,4455,0,Store - Koramangala
TXN-003409,SKU-0196,2024-11-07,2,4455,0,Online - Website
TXN-003410,SKU-0196,2024-11-08,3,4455,0,Online - Nykaa
TXN-003411,SKU-0197,2024-09-29,2,3250,0,Store - Koramangala
TXN-003412,SKU-0197,2024-10-04,3,3250,0,Store - Koramangala
TXN-003413,SKU-0197,2024-10-09,1,3250,0,Online - Website
TXN-003414,SKU-0197,2024-10-13,3,3250,0,Online - Instagram
TXN-003415,SKU-0197,2024-10-17,2,3250,0,Online - Nykaa
TXN-003416,SKU-0197,2024-10-23,2,3250,0,Store - MG Road
TXN-003417,SKU-0197,2024-10-29,1,3250,0,Online - Instagram
TXN-003418,SKU-0198,2024-06-23,3,5146,0,Store - Indiranagar
TXN-003419,SKU-0198,2024-06-26,1,5146,0,Online - Instagram
TXN-003420,SKU-0198,2024-06-27,3,4374,15,Store - Koramangala
TXN-003421,SKU-0198,2024-06-28,1,4374,15,Store - Koramangala
TXN-003422,SKU-0198,2024-06-29,3,4117,20,Store - MG Road
TXN-003423,SKU-0198,2024-06-30,2,5146,0,Online - Instagram
TXN-003424,SKU-0198,2024-07-01,3,5146,0,Online - Website
TXN-003425,SKU-0198,2024-07-02,3,5146,0,Store - Koramangala
TXN-003426,SKU-0198,2024-07-03,1,5146,0,Store - MG Road
TXN-003427,SKU-0198,2024-07-05,1,5146,0,Store - MG Road
TXN-003428,SKU-0198,2024-07-06,1,5146,0,Store - Koramangala
TXN-003429,SKU-0198,2024-07-07,1,3860,25,Online - Website
TXN-003430,SKU-0198,2024-07-08,2,4117,20,Store - Koramangala
TXN-003431,SKU-0198,2024-07-10,3,5146,0,Store - Indiranagar
TXN-003432,SKU-0198,2024-07-13,3,5146,0,Online - Website
TXN-003433,SKU-0198,2024-07-15,1,5146,0,Store - Indiranagar
TXN-003434,SKU-0198,2024-07-17,3,5146,0,Store - Koramangala
TXN-003435,SKU-0198,2024-07-19,3,5146,0,Store - Koramangala
TXN-003436,SKU-0198,2024-07-20,3,4117,20,Store - MG Road
TXN-003437,SKU-0198,2024-07-23,3,4631,10,Online - Instagram
TXN-003438,SKU-0198,2024-07-24,1,5146,0,Online - Nykaa
TXN-003439,SKU-0198,2024-07-26,3,5146,0,Online - Nykaa
TXN-003440,SKU-0198,2024-07-29,3,5146,0,Online - Nykaa
TXN-003441,SKU-0198,2024-07-31,2,5146,0,Online - Website
TXN-003442,SKU-0198,2024-08-02,2,5146,0,Store - Koramangala
TXN-003443,SKU-0198,2024-08-04,3,5146,0,Store - MG Road
TXN-003444,SKU-0198,2024-08-06,3,5146,0,Online - Nykaa
TXN-003445,SKU-0198,2024-08-07,3,3860,25,Online - Nykaa
TXN-003446,SKU-0198,2024-08-10,2,5146,0,Online - Instagram
TXN-003447,SKU-0198,2024-08-11,2,5146,0,Online - Instagram
TXN-003448,SKU-0198,2024-08-14,3,4117,20,Store - Indiranagar
TXN-003449,SKU-0198,2024-08-16,2,4631,10,Online - Nykaa
TXN-003450,SKU-0198,2024-08-17,1,5146,0,Online - Instagram
TXN-003451,SKU-0198,2024-08-19,1,5146,0,Online - Instagram
TXN-003452,SKU-0198,2024-08-20,2,5146,0,Store - MG Road
TXN-003453,SKU-0198,2024-08-22,3,5146,0,Store - Koramangala
TXN-003454,SKU-0198,2024-08-24,2,5146,0,Store - MG Road
TXN-003455,SKU-0198,2024-08-26,1,5146,0,Store - Koramangala
TXN-003456,SKU-0198,2024-08-28,2,5146,0,Store - MG Road
TXN-003457,SKU-0198,2024-08-29,2,5146,0,Store - MG Road
TXN-003458,SKU-0198,2024-08-31,3,4631,10,Store - Koramangala
TXN-003459,SKU-0198,2024-09-03,1,5146,0,Store - MG Road
TXN-003460,SKU-0198,2024-09-06,1,5146,0,Store - MG Road
TXN-003461,SKU-0198,2024-09-07,1,5146,0,Online - Instagram
TXN-003462,SKU-0198,2024-09-08,2,5146,0,Online - Instagram
TXN-003463,SKU-0198,2024-09-09,1,5146,0,Online - Instagram
TXN-003464,SKU-0198,2024-09-11,2,4374,15,Store - Koramangala
TXN-003465,SKU-0198,2024-09-14,1,4374,15,Store - Koramangala
TXN-003466,SKU-0198,2024-09-15,3,4631,10,Online - Instagram
TXN-003467,SKU-0198,2024-09-16,3,5146,0,Online - Nykaa
TXN-003468,SKU-0198,2024-09-18,1,5146,0,Online - Website
TXN-003469,SKU-0199,2024-09-16,2,3216,0,Store - Koramangala
TXN-003470,SKU-0199,2024-09-18,2,3216,0,Online - Website
TXN-003471,SKU-0199,2024-09-20,1,3216,0,Online - Nykaa
TXN-003472,SKU-0199,2024-09-21,2,3216,0,Online - Website
TXN-003473,SKU-0199,2024-09-22,2,3216,0,Online - Website
TXN-003474,SKU-0199,2024-09-24,3,3216,0,Online - Nykaa
TXN-003475,SKU-0199,2024-09-25,1,2734,15,Online - Instagram
TXN-003476,SKU-0199,2024-09-26,2,3216,0,Store - Indiranagar
TXN-003477,SKU-0199,2024-09-29,2,3216,0,Store - Indiranagar
TXN-003478,SKU-0199,2024-10-02,2,2894,10,Online - Instagram
TXN-003479,SKU-0199,2024-10-03,3,3216,0,Online - Website
TXN-003480,SKU-0199,2024-10-05,2,3216,0,Store - Koramangala
TXN-003481,SKU-0199,2024-10-06,2,3216,0,Store - Koramangala
TXN-003482,SKU-0199,2024-10-07,2,3216,0,Store - Koramangala
TXN-003483,SKU-0199,2024-10-10,3,3216,0,Online - Website
TXN-003484,SKU-0199,2024-10-13,3,3216,0,Store - MG Road
TXN-003485,SKU-0199,2024-10-16,1,3216,0,Online - Instagram
TXN-003486,SKU-0199,2024-10-17,2,3216,0,Online - Instagram
TXN-003487,SKU-0199,2024-10-18,2,3216,0,Online - Instagram
TXN-003488,SKU-0199,2024-10-20,2,3216,0,Online - Instagram
TXN-003489,SKU-0199,2024-10-23,2,3216,0,Online - Instagram
TXN-003490,SKU-0199,2024-10-25,1,3216,0,Store - Koramangala
TXN-003491,SKU-0199,2024-10-27,2,3216,0,Store - Koramangala
TXN-003492,SKU-0199,2024-10-28,3,3216,0,Store - MG Road
TXN-003493,SKU-0199,2024-10-31,3,2734,15,Store - Indiranagar
TXN-003494,SKU-0199,2024-11-01,3,2894,10,Store - MG Road
TXN-003495,SKU-0199,2024-11-04,3,3216,0,Store - Indiranagar
TXN-003496,SKU-0199,2024-11-07,3,3216,0,Online - Website
TXN-003497,SKU-0199,2024-11-08,2,3216,0,Store - Indiranagar
TXN-003498,SKU-0199,2024-11-09,2,3216,0,Store - Koramangala
TXN-003499,SKU-0199,2024-11-10,2,3216,0,Online - Nykaa
TXN-003500,SKU-0199,2024-11-13,3,3216,0,Store - Koramangala
TXN-003501,SKU-0199,2024-11-14,2,2734,15,Online - Nykaa
TXN-003502,SKU-0199,2024-11-15,2,2894,10,Store - MG Road
TXN-003503,SKU-0199,2024-11-18,3,2412,25,Store - MG Road
TXN-003504,SKU-0199,2024-11-20,2,3216,0,Online - Website
TXN-003505,SKU-0199,2024-11-23,3,2573,20,Online - Website
TXN-003506,SKU-0200,2024-09-15,2,2594,0,Store - Koramangala
TXN-003507,SKU-0200,2024-09-17,3,2594,0,Online - Website
TXN-003508,SKU-0200,2024-09-18,2,2594,0,Online - Nykaa
TXN-003509,SKU-0200,2024-09-19,3,2594,0,Online - Website
TXN-003510,SKU-0200,2024-09-21,2,2335,10,Store - Indiranagar
TXN-003511,SKU-0200,2024-09-23,2,2594,0,Online - Instagram
TXN-003512,SKU-0200,2024-09-26,1,2594,0,Online - Instagram
TXN-003513,SKU-0200,2024-09-29,2,2075,20,Online - Instagram
TXN-003514,SKU-0200,2024-09-30,3,2594,0,Store - Koramangala
TXN-003515,SKU-0200,2024-10-02,2,2594,0,Online - Website
TXN-003516,SKU-0200,2024-10-03,3,2594,0,Store - MG Road
TXN-003517,SKU-0200,2024-10-04,3,2594,0,Store - Koramangala
TXN-003518,SKU-0200,2024-10-06,3,2205,15,Store - Koramangala
TXN-003519,SKU-0200,2024-10-09,2,2594,0,Store - MG Road
TXN-003520,SKU-0200,2024-10-11,2,2594,0,Online - Nykaa
TXN-003521,SKU-0200,2024-10-12,3,2594,0,Store - Indiranagar
TXN-003522,SKU-0200,2024-10-14,3,2335,10,Store - Indiranagar
TXN-003523,SKU-0200,2024-10-16,3,2594,0,Online - Nykaa
TXN-003524,SKU-0200,2024-10-19,3,2594,0,Online - Website
TXN-003525,SKU-0200,2024-10-21,1,2335,10,Online - Website
TXN-003526,SKU-0200,2024-10-23,1,2335,10,Store - Indiranagar
TXN-003527,SKU-0200,2024-10-24,2,2205,15,Store - Indiranagar
TXN-003528,SKU-0200,2024-10-25,1,2335,10,Store - Koramangala
TXN-003529,SKU-0200,2024-10-28,2,2075,20,Store - Indiranagar
TXN-003530,SKU-0200,2024-10-29,1,2594,0,Store - Koramangala
TXN-003531,SKU-0200,2024-10-31,1,2594,0,Store - Koramangala
TXN-003532,SKU-0200,2024-11-03,3,2594,0,Store - Koramangala
TXN-003533,SKU-0200,2024-11-04,2,2594,0,Online - Instagram
TXN-003534,SKU-0200,2024-11-05,1,2335,10,Store - MG Road
TXN-003535,SKU-0200,2024-11-06,3,2594,0,Store - Koramangala
TXN-003536,SKU-0200,2024-11-08,1,2594,0,Online - Website
TXN-003537,SKU-0200,2024-11-11,3,2594,0,Online - Nykaa
TXN-003538,SKU-0200,2024-11-13,2,2594,0,Online - Instagram
TXN-003539,SKU-0200,2024-11-16,1,1946,25,Store - MG Road
TXN-003540,SKU-0200,2024-11-19,3,2594,0,Store - Indiranagar
TXN-003541,SKU-0200,2024-11-20,2,2594,0,Store - Indiranagar
TXN-003542,SKU-0200,2024-11-21,1,2594,0,Store - Indiranagar
TXN-003543,SKU-0200,2024-11-23,1,2594,0,Online - Instagram
TXN-003544,SKU-0200,2024-11-24,2,2594,0,Store - Indiranagar
TXN-003545,SKU-0200,2024-11-27,1,2594,0,Store - Koramangala
TXN-003546,SKU-0200,2024-11-29,2,2205,15,Online - Website
TXN-003547,SKU-0200,2024-11-30,1,2594,0,Store - Indiranagar
TXN-003548,SKU-0201,2024-10-17,2,1565,0,Online - Website
TXN-003549,SKU-0201,2024-10-21,2,1565,0,Online - Nykaa
TXN-003550,SKU-0201,2024-10-25,1,1565,0,Online - Website
TXN-003551,SKU-0201,2024-10-30,3,1330,15,Store - MG Road
TXN-003552,SKU-0201,2024-11-02,2,1565,0,Store - Indiranagar
TXN-003553,SKU-0201,2024-11-07,2,1565,0,Store - MG Road
TXN-003554,SKU-0202,2024-10-08,3,2511,0,Online - Website
TXN-003555,SKU-0202,2024-10-10,2,2134,15,Online - Website
TXN-003556,SKU-0202,2024-10-13,3,2009,20,Store - MG Road
TXN-003557,SKU-0202,2024-10-15,2,2511,0,Online - Nykaa
TXN-003558,SKU-0202,2024-10-18,2,2511,0,Online - Instagram
TXN-003559,SKU-0202,2024-10-21,3,2511,0,Store - MG Road
TXN-003560,SKU-0202,2024-10-24,1,2511,0,Online - Website
TXN-003561,SKU-0202,2024-10-25,3,2260,10,Store - MG Road
TXN-003562,SKU-0202,2024-10-28,1,2511,0,Online - Website
TXN-003563,SKU-0202,2024-10-30,2,2511,0,Store - Koramangala
TXN-003564,SKU-0202,2024-11-02,3,2260,10,Online - Nykaa
TXN-003565,SKU-0202,2024-11-05,2,2009,20,Store - Koramangala
TXN-003566,SKU-0202,2024-11-06,3,2260,10,Store - Indiranagar
TXN-003567,SKU-0202,2024-11-07,2,2260,10,Store - Koramangala
TXN-003568,SKU-0202,2024-11-08,1,2511,0,Store - Koramangala
TXN-003569,SKU-0202,2024-11-11,3,2511,0,Store - Indiranagar
TXN-003570,SKU-0202,2024-11-12,3,2260,10,Store - MG Road
TXN-003571,SKU-0202,2024-11-14,1,2511,0,Store - Koramangala
TXN-003572,SKU-0202,2024-11-17,3,2260,10,Online - Nykaa
TXN-003573,SKU-0202,2024-11-20,1,1883,25,Online - Website
TXN-003574,SKU-0202,2024-11-21,1,2511,0,Store - MG Road
TXN-003575,SKU-0202,2024-11-23,2,2511,0,Store - Koramangala
TXN-003576,SKU-0202,2024-11-24,3,2511,0,Store - MG Road
TXN-003577,SKU-0202,2024-11-27,2,2511,0,Online - Website
TXN-003578,SKU-0202,2024-11-28,1,2511,0,Online - Nykaa
TXN-003579,SKU-0202,2024-12-01,1,2511,0,Online - Nykaa
TXN-003580,SKU-0203,2024-06-11,1,2072,0,Online - Nykaa
TXN-003581,SKU-0203,2024-06-23,2,2072,0,Online - Nykaa
TXN-003582,SKU-0203,2024-07-04,3,2072,0,Online - Nykaa
TXN-003583,SKU-0203,2024-07-16,2,2072,0,Store - Koramangala
TXN-003584,SKU-0203,2024-07-28,2,2072,0,Store - Koramangala
TXN-003585,SKU-0203,2024-08-10,3,2072,0,Store - Koramangala
TXN-003586,SKU-0203,2024-08-21,2,1761,15,Online - Website
TXN-003587,SKU-0204,2024-07-25,1,1491,25,Store - Indiranagar
TXN-003588,SKU-0204,2024-08-10,3,1590,20,Store - MG Road
TXN-003589,SKU-0204,2024-08-24,1,1988,0,Online - Website
TXN-003590,SKU-0204,2024-09-07,2,1988,0,Online - Website
TXN-003591,SKU-0204,2024-09-22,2,1789,10,Online - Instagram
TXN-003592,SKU-0205,2024-06-28,2,1141,25,Online - Nykaa
TXN-003593,SKU-0205,2024-06-29,3,1521,0,Online - Nykaa
TXN-003594,SKU-0205,2024-07-02,2,1521,0,Store - MG Road
TXN-003595,SKU-0205,2024-07-05,3,1521,0,Online - Website
TXN-003596,SKU-0205,2024-07-07,2,1521,0,Online - Nykaa
TXN-003597,SKU-0205,2024-07-09,2,1141,25,Online - Website
TXN-003598,SKU-0205,2024-07-10,1,1521,0,Store - Indiranagar
TXN-003599,SKU-0205,2024-07-13,3,1521,0,Store - Koramangala
TXN-003600,SKU-0205,2024-07-14,1,1521,0,Store - MG Road
TXN-003601,SKU-0205,2024-07-16,1,1521,0,Online - Instagram
TXN-003602,SKU-0205,2024-07-18,2,1521,0,Store - MG Road
TXN-003603,SKU-0205,2024-07-19,1,1521,0,Store - Koramangala
TXN-003604,SKU-0205,2024-07-21,3,1521,0,Online - Nykaa
TXN-003605,SKU-0205,2024-07-24,1,1521,0,Store - MG Road
TXN-003606,SKU-0205,2024-07-25,1,1293,15,Store - Koramangala
TXN-003607,SKU-0205,2024-07-26,3,1521,0,Store - MG Road
TXN-003608,SKU-0205,2024-07-29,2,1521,0,Store - Indiranagar
TXN-003609,SKU-0205,2024-07-31,2,1521,0,Store - Koramangala
TXN-003610,SKU-0205,2024-08-03,1,1217,20,Online - Nykaa
TXN-003611,SKU-0205,2024-08-05,2,1217,20,Store - Koramangala
TXN-003612,SKU-0205,2024-08-07,1,1521,0,Online - Instagram
TXN-003613,SKU-0205,2024-08-08,3,1521,0,Online - Instagram
TXN-003614,SKU-0205,2024-08-11,3,1521,0,Online - Nykaa
TXN-003615,SKU-0205,2024-08-14,1,1521,0,Store - MG Road
TXN-003616,SKU-0205,2024-08-17,1,1521,0,Store - MG Road
TXN-003617,SKU-0205,2024-08-18,1,1521,0,Online - Nykaa
TXN-003618,SKU-0205,2024-08-19,3,1521,0,Online - Instagram
TXN-003619,SKU-0205,2024-08-21,3,1521,0,Store - Koramangala
TXN-003620,SKU-0205,2024-08-22,2,1369,10,Store - Koramangala
TXN-003621,SKU-0205,2024-08-23,2,1369,10,Online - Website
TXN-003622,SKU-0205,2024-08-25,2,1521,0,Online - Instagram
TXN-003623,SKU-0205,2024-08-27,3,1521,0,Store - MG Road
TXN-003624,SKU-0205,2024-08-28,2,1369,10,Store - Indiranagar
TXN-003625,SKU-0205,2024-08-29,2,1521,0,Store - Indiranagar
TXN-003626,SKU-0205,2024-09-01,3,1521,0,Store - MG Road
TXN-003627,SKU-0205,2024-09-03,1,1521,0,Online - Website
TXN-003628,SKU-0205,2024-09-04,2,1521,0,Online - Instagram
TXN-003629,SKU-0205,2024-09-07,3,1521,0,Online - Nykaa
TXN-003630,SKU-0205,2024-09-10,2,1521,0,Online - Instagram
TXN-003631,SKU-0205,2024-09-12,2,1521,0,Store - Indiranagar
TXN-003632,SKU-0205,2024-09-13,2,1293,15,Store - Koramangala
TXN-003633,SKU-0205,2024-09-15,2,1293,15,Online - Instagram
TXN-003634,SKU-0205,2024-09-17,1,1521,0,Online - Nykaa
TXN-003635,SKU-0205,2024-09-19,3,1521,0,Store - Koramangala
TXN-003636,SKU-0205,2024-09-22,2,1521,0,Store - MG Road
TXN-003637,SKU-0205,2024-09-23,2,1521,0,Store - MG Road
TXN-003638,SKU-0205,2024-09-24,1,1521,0,Store - Koramangala
TXN-003639,SKU-0205,2024-09-27,3,1521,0,Store - Indiranagar
TXN-003640,SKU-0205,2024-09-29,3,1521,0,Online - Website
TXN-003641,SKU-0205,2024-09-30,3,1521,0,Online - Website
TXN-003642,SKU-0206,2024-07-07,1,2034,0,Online - Website
TXN-003643,SKU-0206,2024-09-20,1,2034,0,Online - Instagram
TXN-003644,SKU-0207,2024-08-26,1,2741,0,Online - Instagram
TXN-003645,SKU-0207,2024-08-29,3,2741,0,Online - Nykaa
TXN-003646,SKU-0207,2024-08-31,1,2741,0,Store - Indiranagar
TXN-003647,SKU-0207,2024-09-02,3,2741,0,Store - MG Road
TXN-003648,SKU-0207,2024-09-03,2,2741,0,Store - Koramangala
TXN-003649,SKU-0207,2024-09-05,2,2193,20,Online - Nykaa
TXN-003650,SKU-0207,2024-09-06,3,2741,0,Online - Instagram
TXN-003651,SKU-0207,2024-09-09,1,2741,0,Store - MG Road
TXN-003652,SKU-0207,2024-09-11,3,2330,15,Online - Nykaa
TXN-003653,SKU-0207,2024-09-12,2,2741,0,Online - Website
TXN-003654,SKU-0207,2024-09-15,3,2056,25,Store - Indiranagar
TXN-003655,SKU-0207,2024-09-16,1,2056,25,Online - Website
TXN-003656,SKU-0207,2024-09-17,3,2741,0,Store - Indiranagar
TXN-003657,SKU-0207,2024-09-20,1,2741,0,Online - Instagram
TXN-003658,SKU-0207,2024-09-23,3,2741,0,Store - Indiranagar
TXN-003659,SKU-0207,2024-09-24,1,2741,0,Store - Indiranagar
TXN-003660,SKU-0207,2024-09-25,2,2741,0,Online - Website
TXN-003661,SKU-0207,2024-09-26,3,2741,0,Store - Koramangala
TXN-003662,SKU-0207,2024-09-28,2,2741,0,Store - Indiranagar
TXN-003663,SKU-0207,2024-09-30,2,2741,0,Store - Koramangala
TXN-003664,SKU-0207,2024-10-02,3,2467,10,Store - Koramangala
TXN-003665,SKU-0207,2024-10-04,3,2741,0,Online - Website
TXN-003666,SKU-0207,2024-10-07,3,2741,0,Online - Instagram
TXN-003667,SKU-0207,2024-10-08,3,2741,0,Online - Instagram
TXN-003668,SKU-0208,2024-07-14,1,1809,0,Online - Nykaa
TXN-003669,SKU-0208,2024-07-21,1,1809,0,Online - Website
TXN-003670,SKU-0208,2024-07-28,3,1809,0,Store - Koramangala
TXN-003671,SKU-0208,2024-08-05,2,1809,0,Online - Nykaa
TXN-003672,SKU-0208,2024-08-14,1,1809,0,Online - Instagram
TXN-003673,SKU-0208,2024-08-21,1,1538,15,Store - Indiranagar
TXN-003674,SKU-0208,2024-08-30,1,1809,0,Store - Indiranagar
TXN-003675,SKU-0208,2024-09-07,1,1538,15,Online - Nykaa
TXN-003676,SKU-0208,2024-09-15,1,1809,0,Store - Indiranagar
TXN-003677,SKU-0208,2024-09-24,2,1809,0,Store - Indiranagar
TXN-003678,SKU-0208,2024-10-01,1,1809,0,Store - MG Road
TXN-003679,SKU-0208,2024-10-10,3,1809,0,Online - Instagram
TXN-003680,SKU-0208,2024-10-18,2,1809,0,Store - MG Road
TXN-003681,SKU-0209,2024-11-06,2,1486,0,Store - Koramangala
TXN-003682,SKU-0209,2024-11-11,1,1263,15,Store - Koramangala
TXN-003683,SKU-0209,2024-11-16,3,1486,0,Store - MG Road
TXN-003684,SKU-0209,2024-11-21,3,1486,0,Online - Instagram
TXN-003685,SKU-0209,2024-11-24,2,1486,0,Online - Nykaa
TXN-003686,SKU-0209,2024-11-29,1,1263,15,Online - Instagram
TXN-003687,SKU-0210,2024-07-05,3,2779,0,Online - Nykaa
TXN-003688,SKU-0210,2024-07-08,2,2779,0,Online - Nykaa
TXN-003689,SKU-0210,2024-07-11,1,2779,0,Online - Website
TXN-003690,SKU-0210,2024-07-14,1,2779,0,Online - Website
TXN-003691,SKU-0210,2024-07-17,3,2779,0,Online - Website
TXN-003692,SKU-0210,2024-07-19,2,2223,20,Online - Nykaa
TXN-003693,SKU-0210,2024-07-21,1,2779,0,Store - Koramangala
TXN-003694,SKU-0210,2024-07-24,1,2223,20,Online - Nykaa
TXN-003695,SKU-0210,2024-07-27,1,2779,0,Online - Nykaa
TXN-003696,SKU-0210,2024-07-29,3,2779,0,Online - Website
TXN-003697,SKU-0210,2024-08-02,3,2779,0,Online - Website
TXN-003698,SKU-0210,2024-08-04,3,2084,25,Store - Indiranagar
TXN-003699,SKU-0210,2024-08-08,3,2223,20,Online - Instagram
TXN-003700,SKU-0210,2024-08-12,1,2501,10,Online - Website
TXN-003701,SKU-0210,2024-08-15,1,2779,0,Online - Nykaa
TXN-003702,SKU-0210,2024-08-17,2,2084,25,Online - Website
TXN-003703,SKU-0210,2024-08-20,2,2779,0,Store - Indiranagar
TXN-003704,SKU-0210,2024-08-22,3,2362,15,Store - Indiranagar
TXN-003705,SKU-0210,2024-08-26,1,2779,0,Online - Nykaa
TXN-003706,SKU-0210,2024-08-29,1,2779,0,Online - Website
TXN-003707,SKU-0210,2024-09-01,2,2362,15,Store - MG Road
TXN-003708,SKU-0210,2024-09-03,1,2779,0,Store - Indiranagar
TXN-003709,SKU-0210,2024-09-05,3,2779,0,Online - Website
TXN-003710,SKU-0210,2024-09-07,2,2779,0,Store - Indiranagar
TXN-003711,SKU-0210,2024-09-11,3,2779,0,Store - Koramangala
TXN-003712,SKU-0210,2024-09-15,1,2779,0,Online - Nykaa
TXN-003713,SKU-0210,2024-09-18,1,2501,10,Online - Nykaa
TXN-003714,SKU-0210,2024-09-20,3,2779,0,Store - Koramangala
TXN-003715,SKU-0210,2024-09-22,3,2779,0,Online - Nykaa
TXN-003716,SKU-0210,2024-09-24,2,2779,0,Online - Nykaa
TXN-003717,SKU-0210,2024-09-26,1,2779,0,Store - MG Road
TXN-003718,SKU-0210,2024-09-30,1,2779,0,Online - Instagram
TXN-003719,SKU-0210,2024-10-02,1,2779,0,Store - Indiranagar
TXN-003720,SKU-0210,2024-10-06,2,2779,0,Online - Instagram
TXN-003721,SKU-0210,2024-10-10,3,2779,0,Store - MG Road
TXN-003722,SKU-0210,2024-10-12,2,2779,0,Store - Koramangala
TXN-003723,SKU-0210,2024-10-16,1,2779,0,Online - Nykaa
TXN-003724,SKU-0210,2024-10-20,2,2779,0,Store - MG Road
TXN-003725,SKU-0211,2024-10-12,1,1649,20,Store - Indiranagar
TXN-003726,SKU-0211,2024-10-15,2,2061,0,Online - Website
TXN-003727,SKU-0211,2024-10-18,3,2061,0,Online - Instagram
TXN-003728,SKU-0211,2024-10-19,1,1752,15,Online - Instagram
TXN-003729,SKU-0211,2024-10-21,2,2061,0,Online - Nykaa
TXN-003730,SKU-0211,2024-10-23,1,2061,0,Store - MG Road
TXN-003731,SKU-0211,2024-10-26,3,2061,0,Store - Indiranagar
TXN-003732,SKU-0211,2024-10-28,1,2061,0,Online - Instagram
TXN-003733,SKU-0211,2024-10-29,2,2061,0,Store - Indiranagar
TXN-003734,SKU-0211,2024-10-30,3,2061,0,Store - MG Road
TXN-003735,SKU-0211,2024-10-31,1,2061,0,Online - Nykaa
TXN-003736,SKU-0211,2024-11-01,1,2061,0,Online - Instagram
TXN-003737,SKU-0211,2024-11-04,1,2061,0,Online - Instagram
TXN-003738,SKU-0211,2024-11-05,1,1649,20,Online - Instagram
TXN-003739,SKU-0211,2024-11-07,2,2061,0,Store - Koramangala
TXN-003740,SKU-0211,2024-11-09,1,2061,0,Online - Instagram
TXN-003741,SKU-0211,2024-11-11,2,1649,20,Store - Koramangala
TXN-003742,SKU-0211,2024-11-13,2,1855,10,Online - Nykaa
TXN-003743,SKU-0211,2024-11-14,3,2061,0,Online - Website
TXN-003744,SKU-0211,2024-11-17,3,2061,0,Store - MG Road
TXN-003745,SKU-0211,2024-11-20,2,1752,15,Store - MG Road
TXN-003746,SKU-0211,2024-11-21,1,2061,0,Store - Indiranagar
TXN-003747,SKU-0211,2024-11-24,1,2061,0,Online - Instagram
TXN-003748,SKU-0211,2024-11-25,3,2061,0,Online - Nykaa
TXN-003749,SKU-0211,2024-11-27,3,1752,15,Store - Koramangala
TXN-003750,SKU-0211,2024-11-29,2,2061,0,Store - Indiranagar
TXN-003751,SKU-0212,2024-08-17,1,1660,10,Store - Koramangala
TXN-003752,SKU-0212,2024-09-01,1,1844,0,Online - Nykaa
TXN-003753,SKU-0212,2024-09-16,3,1844,0,Online - Nykaa
TXN-003754,SKU-0212,2024-10-02,2,1567,15,Store - Indiranagar
TXN-003755,SKU-0213,2024-10-25,3,1558,0,Online - Instagram
TXN-003756,SKU-0213,2024-11-01,2,1168,25,Store - Koramangala
TXN-003757,SKU-0213,2024-11-08,3,1558,0,Store - Koramangala
TXN-003758,SKU-0213,2024-11-15,3,1558,0,Store - MG Road
TXN-003759,SKU-0213,2024-11-22,1,1558,0,Store - Koramangala
TXN-003760,SKU-0214,2024-08-14,3,2346,0,Store - Indiranagar
TXN-003761,SKU-0214,2024-08-16,2,2346,0,Online - Website
TXN-003762,SKU-0214,2024-08-18,1,2346,0,Online - Website
TXN-003763,SKU-0214,2024-08-20,3,2346,0,Store - Koramangala
TXN-003764,SKU-0214,2024-08-23,3,2346,0,Store - MG Road
TXN-003765,SKU-0214,2024-08-24,1,2346,0,Store - Koramangala
TXN-003766,SKU-0214,2024-08-27,2,2346,0,Online - Website
TXN-003767,SKU-0214,2024-08-28,3,2111,10,Store - MG Road
TXN-003768,SKU-0214,2024-08-31,1,2346,0,Online - Nykaa
TXN-003769,SKU-0214,2024-09-03,1,1877,20,Store - Indiranagar
TXN-003770,SKU-0214,2024-09-05,1,2346,0,Online - Instagram
TXN-003771,SKU-0214,2024-09-07,3,1994,15,Online - Nykaa
TXN-003772,SKU-0214,2024-09-08,3,2346,0,Online - Website
TXN-003773,SKU-0214,2024-09-10,3,1994,15,Online - Instagram
TXN-003774,SKU-0214,2024-09-11,3,1994,15,Store - Koramangala
TXN-003775,SKU-0214,2024-09-14,2,2346,0,Store - Koramangala
TXN-003776,SKU-0214,2024-09-15,2,2346,0,Online - Instagram
TXN-003777,SKU-0214,2024-09-18,1,2346,0,Store - Indiranagar
TXN-003778,SKU-0214,2024-09-19,3,2346,0,Online - Instagram
TXN-003779,SKU-0214,2024-09-22,3,2346,0,Store - Koramangala
TXN-003780,SKU-0214,2024-09-24,3,2346,0,Store - Indiranagar
TXN-003781,SKU-0214,2024-09-27,3,1994,15,Store - Indiranagar
TXN-003782,SKU-0214,2024-09-28,2,2346,0,Store - Koramangala
TXN-003783,SKU-0214,2024-10-01,1,2346,0,Store - Indiranagar
TXN-003784,SKU-0214,2024-10-03,1,2346,0,Store - MG Road
TXN-003785,SKU-0214,2024-10-04,1,1877,20,Online - Website
TXN-003786,SKU-0214,2024-10-07,1,2346,0,Online - Instagram
TXN-003787,SKU-0214,2024-10-10,2,2346,0,Online - Website
TXN-003788,SKU-0214,2024-10-12,2,2346,0,Online - Nykaa
TXN-003789,SKU-0214,2024-10-13,3,2346,0,Online - Website
TXN-003790,SKU-0214,2024-10-15,2,2346,0,Online - Website
TXN-003791,SKU-0214,2024-10-17,3,2346,0,Store - Indiranagar
TXN-003792,SKU-0214,2024-10-20,3,2346,0,Store - Indiranagar
TXN-003793,SKU-0214,2024-10-22,1,2346,0,Store - Koramangala
TXN-003794,SKU-0214,2024-10-23,3,2346,0,Store - Koramangala
TXN-003795,SKU-0214,2024-10-26,3,2346,0,Store - Koramangala
TXN-003796,SKU-0214,2024-10-28,3,1994,15,Store - Koramangala
TXN-003797,SKU-0214,2024-10-29,2,2346,0,Online - Website
TXN-003798,SKU-0214,2024-10-30,2,2346,0,Online - Instagram
TXN-003799,SKU-0214,2024-11-01,1,1994,15,Online - Instagram
TXN-003800,SKU-0214,2024-11-03,2,1877,20,Online - Instagram
TXN-003801,SKU-0214,2024-11-04,1,1994,15,Online - Nykaa
TXN-003802,SKU-0214,2024-11-05,2,2346,0,Store - Indiranagar
TXN-003803,SKU-0214,2024-11-07,3,2346,0,Online - Instagram
TXN-003804,SKU-0214,2024-11-09,3,2346,0,Store - Indiranagar
TXN-003805,SKU-0214,2024-11-11,3,2346,0,Store - MG Road
TXN-003806,SKU-0214,2024-11-14,1,1760,25,Online - Instagram
TXN-003807,SKU-0214,2024-11-16,3,2111,10,Online - Nykaa
TXN-003808,SKU-0214,2024-11-18,1,2346,0,Store - Koramangala
TXN-003809,SKU-0214,2024-11-20,2,2111,10,Store - Indiranagar
TXN-003810,SKU-0215,2024-06-09,1,1734,0,Store - MG Road
TXN-003811,SKU-0215,2024-06-19,2,1734,0,Store - Indiranagar
TXN-003812,SKU-0215,2024-07-01,1,1734,0,Store - Indiranagar
TXN-003813,SKU-0215,2024-07-11,1,1734,0,Online - Website
TXN-003814,SKU-0215,2024-07-21,3,1734,0,Store - MG Road
TXN-003815,SKU-0215,2024-07-31,3,1734,0,Online - Instagram
TXN-003816,SKU-0215,2024-08-10,3,1734,0,Online - Instagram
TXN-003817,SKU-0215,2024-08-20,2,1734,0,Store - Koramangala
TXN-003818,SKU-0216,2024-07-16,3,2669,0,Online - Instagram
TXN-003819,SKU-0216,2024-07-25,1,2002,25,Online - Website
TXN-003820,SKU-0216,2024-08-03,3,2402,10,Store - Indiranagar
TXN-003821,SKU-0216,2024-08-12,2,2669,0,Online - Nykaa
TXN-003822,SKU-0216,2024-08-21,3,2669,0,Store - MG Road
TXN-003823,SKU-0216,2024-08-28,3,2669,0,Store - Indiranagar
TXN-003824,SKU-0216,2024-09-04,1,2669,0,Online - Nykaa
TXN-003825,SKU-0216,2024-09-12,2,2669,0,Store - Koramangala
TXN-003826,SKU-0217,2024-08-23,3,1499,0,Store - MG Road
TXN-003827,SKU-0217,2024-08-27,2,1499,0,Online - Nykaa
TXN-003828,SKU-0217,2024-08-31,2,1499,0,Online - Instagram
TXN-003829,SKU-0217,2024-09-03,3,1499,0,Online - Nykaa
TXN-003830,SKU-0217,2024-09-07,1,1499,0,Online - Nykaa
TXN-003831,SKU-0217,2024-09-11,3,1499,0,Online - Website
TXN-003832,SKU-0217,2024-09-13,3,1499,0,Store - Koramangala
TXN-003833,SKU-0217,2024-09-15,1,1499,0,Online - Instagram
TXN-003834,SKU-0217,2024-09-18,3,1499,0,Store - Indiranagar
TXN-003835,SKU-0217,2024-09-21,1,1499,0,Store - MG Road
TXN-003836,SKU-0217,2024-09-25,1,1199,20,Online - Website
TXN-003837,SKU-0217,2024-09-28,2,1499,0,Store - Koramangala
TXN-003838,SKU-0217,2024-10-02,3,1499,0,Online - Nykaa
TXN-003839,SKU-0217,2024-10-06,2,1199,20,Online - Nykaa
TXN-003840,SKU-0217,2024-10-08,2,1499,0,Online - Nykaa
TXN-003841,SKU-0217,2024-10-10,1,1499,0,Online - Instagram
TXN-003842,SKU-0217,2024-10-14,1,1199,20,Online - Instagram
TXN-003843,SKU-0217,2024-10-18,3,1499,0,Store - MG Road
TXN-003844,SKU-0217,2024-10-21,1,1499,0,Online - Website
TXN-003845,SKU-0217,2024-10-25,2,1499,0,Online - Nykaa
TXN-003846,SKU-0217,2024-10-27,1,1499,0,Store - Indiranagar
TXN-003847,SKU-0217,2024-10-30,3,1499,0,Store - Indiranagar
TXN-003848,SKU-0217,2024-11-01,2,1499,0,Online - Nykaa
TXN-003849,SKU-0218,2024-09-19,3,1717,0,Store - MG Road
TXN-003850,SKU-0218,2024-09-23,2,1717,0,Online - Website
TXN-003851,SKU-0218,2024-09-27,3,1717,0,Online - Website
TXN-003852,SKU-0218,2024-10-02,2,1717,0,Online - Instagram
TXN-003853,SKU-0218,2024-10-06,1,1545,10,Store - MG Road
TXN-003854,SKU-0218,2024-10-10,3,1717,0,Store - MG Road
TXN-003855,SKU-0218,2024-10-14,1,1374,20,Online - Nykaa
TXN-003856,SKU-0218,2024-10-19,3,1717,0,Store - Indiranagar
TXN-003857,SKU-0218,2024-10-23,1,1717,0,Online - Nykaa
TXN-003858,SKU-0218,2024-10-27,3,1288,25,Store - MG Road
TXN-003859,SKU-0218,2024-10-30,1,1717,0,Store - MG Road
TXN-003860,SKU-0219,2024-07-18,1,2568,0,Online - Nykaa
TXN-003861,SKU-0219,2024-09-01,2,2568,0,Store - MG Road
TXN-003862,SKU-0220,2024-06-20,1,1700,0,Store - Indiranagar
TXN-003863,SKU-0220,2024-08-01,2,1700,0,Online - Nykaa
TXN-003864,SKU-0220,2024-09-11,1,1700,0,Store - Koramangala
TXN-003865,SKU-0221,2024-08-16,3,2243,0,Online - Instagram
TXN-003866,SKU-0221,2024-08-19,1,2243,0,Store - MG Road
TXN-003867,SKU-0221,2024-08-21,1,2243,0,Store - Koramangala
TXN-003868,SKU-0221,2024-08-23,1,2243,0,Online - Instagram
TXN-003869,SKU-0221,2024-08-24,1,2243,0,Store - Indiranagar
TXN-003870,SKU-0221,2024-08-25,1,2243,0,Store - MG Road
TXN-003871,SKU-0221,2024-08-27,2,2243,0,Store - MG Road
TXN-003872,SKU-0221,2024-08-30,1,2243,0,Online - Nykaa
TXN-003873,SKU-0221,2024-09-02,2,2243,0,Online - Website
TXN-003874,SKU-0221,2024-09-05,2,2243,0,Store - Indiranagar
TXN-003875,SKU-0221,2024-09-08,3,2243,0,Store - MG Road
TXN-003876,SKU-0221,2024-09-10,2,2243,0,Store - Indiranagar
TXN-003877,SKU-0221,2024-09-12,2,2243,0,Online - Website
TXN-003878,SKU-0221,2024-09-15,3,2243,0,Online - Instagram
TXN-003879,SKU-0221,2024-09-18,3,2243,0,Store - MG Road
TXN-003880,SKU-0221,2024-09-21,2,1682,25,Store - Koramangala
TXN-003881,SKU-0221,2024-09-23,1,1907,15,Online - Instagram
TXN-003882,SKU-0221,2024-09-24,2,2019,10,Online - Nykaa
TXN-003883,SKU-0221,2024-09-27,2,2019,10,Online - Instagram
TXN-003884,SKU-0221,2024-09-30,1,2243,0,Store - MG Road
TXN-003885,SKU-0221,2024-10-01,2,2243,0,Store - Indiranagar
TXN-003886,SKU-0221,2024-10-04,3,1907,15,Online - Website
TXN-003887,SKU-0221,2024-10-05,3,2019,10,Store - Koramangala
TXN-003888,SKU-0221,2024-10-07,3,2019,10,Online - Nykaa
TXN-003889,SKU-0221,2024-10-09,1,2243,0,Store - MG Road
TXN-003890,SKU-0221,2024-10-10,1,2243,0,Store - Indiranagar
TXN-003891,SKU-0221,2024-10-13,1,2243,0,Store - Indiranagar
TXN-003892,SKU-0221,2024-10-14,1,2243,0,Store - Koramangala
TXN-003893,SKU-0221,2024-10-17,3,2243,0,Store - Koramangala
TXN-003894,SKU-0221,2024-10-19,1,2243,0,Online - Website
TXN-003895,SKU-0222,2024-09-15,3,1712,0,Store - Koramangala
TXN-003896,SKU-0222,2024-09-17,3,1712,0,Store - Indiranagar
TXN-003897,SKU-0222,2024-09-18,3,1712,0,Store - Koramangala
TXN-003898,SKU-0222,2024-09-21,3,1712,0,Online - Instagram
TXN-003899,SKU-0222,2024-09-22,2,1712,0,Store - Indiranagar
TXN-003900,SKU-0222,2024-09-24,3,1712,0,Online - Instagram
TXN-003901,SKU-0222,2024-09-25,3,1370,20,Store - Indiranagar
TXN-003902,SKU-0222,2024-09-28,2,1712,0,Store - MG Road
TXN-003903,SKU-0222,2024-09-29,3,1455,15,Online - Nykaa
TXN-003904,SKU-0222,2024-09-30,1,1712,0,Store - MG Road
TXN-003905,SKU-0222,2024-10-03,3,1712,0,Store - MG Road
TXN-003906,SKU-0222,2024-10-05,2,1712,0,Online - Website
TXN-003907,SKU-0222,2024-10-07,1,1712,0,Store - MG Road
TXN-003908,SKU-0222,2024-10-09,2,1370,20,Store - Koramangala
TXN-003909,SKU-0222,2024-10-11,2,1712,0,Store - Indiranagar
TXN-003910,SKU-0222,2024-10-12,2,1712,0,Online - Instagram
TXN-003911,SKU-0222,2024-10-15,3,1712,0,Store - MG Road
TXN-003912,SKU-0222,2024-10-18,2,1455,15,Online - Website
TXN-003913,SKU-0222,2024-10-19,3,1455,15,Store - MG Road
TXN-003914,SKU-0222,2024-10-22,1,1712,0,Store - Indiranagar
TXN-003915,SKU-0222,2024-10-23,1,1455,15,Online - Nykaa
TXN-003916,SKU-0222,2024-10-24,2,1712,0,Online - Website
TXN-003917,SKU-0222,2024-10-27,2,1712,0,Store - Indiranagar
TXN-003918,SKU-0222,2024-10-30,2,1712,0,Store - Koramangala
TXN-003919,SKU-0222,2024-10-31,1,1712,0,Store - MG Road
TXN-003920,SKU-0223,2024-09-30,2,1564,0,Online - Website
TXN-003921,SKU-0223,2024-10-04,3,1329,15,Store - Koramangala
TXN-003922,SKU-0223,2024-10-07,1,1564,0,Store - MG Road
TXN-003923,SKU-0223,2024-10-11,3,1564,0,Online - Nykaa
TXN-003924,SKU-0223,2024-10-16,1,1564,0,Store - MG Road
TXN-003925,SKU-0223,2024-10-21,1,1564,0,Store - Koramangala
TXN-003926,SKU-0223,2024-10-25,2,1564,0,Online - Nykaa
TXN-003927,SKU-0223,2024-10-29,1,1564,0,Store - Koramangala
TXN-003928,SKU-0223,2024-11-01,2,1564,0,Store - MG Road
TXN-003929,SKU-0223,2024-11-06,1,1564,0,Online - Website
TXN-003930,SKU-0223,2024-11-11,1,1564,0,Store - Indiranagar
TXN-003931,SKU-0223,2024-11-14,3,1564,0,Store - Indiranagar
TXN-003932,SKU-0224,2024-06-23,1,2120,10,Store - Koramangala
TXN-003933,SKU-0224,2024-06-27,1,2120,10,Store - Koramangala
TXN-003934,SKU-0224,2024-07-02,2,2356,0,Online - Website
TXN-003935,SKU-0224,2024-07-06,1,2356,0,Online - Instagram
TXN-003936,SKU-0224,2024-07-10,3,2356,0,Online - Instagram
TXN-003937,SKU-0224,2024-07-15,2,2356,0,Online - Instagram
TXN-003938,SKU-0224,2024-07-20,3,2356,0,Online - Nykaa
TXN-003939,SKU-0224,2024-07-24,1,2356,0,Store - Indiranagar
TXN-003940,SKU-0224,2024-07-29,2,2356,0,Store - MG Road
TXN-003941,SKU-0224,2024-08-04,3,2356,0,Store - MG Road
TXN-003942,SKU-0224,2024-08-10,1,2356,0,Online - Nykaa
TXN-003943,SKU-0224,2024-08-16,3,2003,15,Online - Nykaa
TXN-003944,SKU-0224,2024-08-21,2,2120,10,Online - Instagram
TXN-003945,SKU-0224,2024-08-25,2,2356,0,Store - Indiranagar
TXN-003946,SKU-0224,2024-08-31,1,1885,20,Online - Instagram
TXN-003947,SKU-0224,2024-09-04,2,2003,15,Online - Nykaa
TXN-003948,SKU-0224,2024-09-10,3,2356,0,Store - MG Road
TXN-003949,SKU-0225,2024-11-17,3,2196,0,Store - MG Road
TXN-003950,SKU-0225,2024-11-21,1,2196,0,Store - MG Road
TXN-003951,SKU-0225,2024-11-24,2,1647,25,Store - MG Road
TXN-003952,SKU-0225,2024-11-27,2,2196,0,Store - MG Road
TXN-003953,SKU-0225,2024-12-01,3,2196,0,Store - Indiranagar
TXN-003954,SKU-0226,2024-11-06,1,2584,0,Store - Koramangala
TXN-003955,SKU-0226,2024-11-07,1,2584,0,Store - Koramangala
TXN-003956,SKU-0226,2024-11-09,2,2584,0,Store - Indiranagar
TXN-003957,SKU-0226,2024-11-12,2,2584,0,Store - Indiranagar
TXN-003958,SKU-0226,2024-11-14,3,2584,0,Store - Koramangala
TXN-003959,SKU-0226,2024-11-17,1,2584,0,Store - MG Road
TXN-003960,SKU-0226,2024-11-19,2,2584,0,Online - Instagram
TXN-003961,SKU-0226,2024-11-21,1,2584,0,Store - Koramangala
TXN-003962,SKU-0226,2024-11-22,3,1938,25,Store - Koramangala
TXN-003963,SKU-0226,2024-11-23,2,2584,0,Store - Indiranagar
TXN-003964,SKU-0226,2024-11-25,3,2584,0,Online - Nykaa
TXN-003965,SKU-0226,2024-11-26,3,2584,0,Store - Koramangala
TXN-003966,SKU-0226,2024-11-28,1,2584,0,Store - MG Road
TXN-003967,SKU-0226,2024-11-30,1,2584,0,Online - Nykaa
TXN-003968,SKU-0227,2024-09-29,2,1616,0,Store - MG Road
TXN-003969,SKU-0227,2024-10-22,1,1616,0,Online - Website
TXN-003970,SKU-0228,2024-07-13,3,1550,0,Store - MG Road
TXN-003971,SKU-0228,2024-07-18,2,1550,0,Online - Website
TXN-003972,SKU-0228,2024-07-22,3,1550,0,Store - MG Road
TXN-003973,SKU-0228,2024-07-28,3,1550,0,Online - Instagram
TXN-003974,SKU-0228,2024-08-03,1,1550,0,Online - Website
TXN-003975,SKU-0228,2024-08-07,1,1550,0,Online - Nykaa
TXN-003976,SKU-0228,2024-08-11,3,1550,0,Store - Indiranagar
TXN-003977,SKU-0228,2024-08-15,3,1550,0,Store - Indiranagar
TXN-003978,SKU-0228,2024-08-19,2,1550,0,Store - Indiranagar
TXN-003979,SKU-0228,2024-08-25,3,1550,0,Online - Instagram
TXN-003980,SKU-0228,2024-08-29,1,1318,15,Store - Koramangala
TXN-003981,SKU-0228,2024-09-02,2,1318,15,Online - Nykaa
TXN-003982,SKU-0228,2024-09-08,3,1550,0,Online - Instagram
TXN-003983,SKU-0228,2024-09-13,2,1395,10,Store - Koramangala
TXN-003984,SKU-0229,2024-11-10,3,1528,0,Store - MG Road
TXN-003985,SKU-0229,2024-11-13,2,1528,0,Online - Instagram
TXN-003986,SKU-0229,2024-11-15,3,1528,0,Store - Indiranagar
TXN-003987,SKU-0229,2024-11-18,2,1528,0,Store - MG Road
TXN-003988,SKU-0229,2024-11-19,3,1528,0,Store - MG Road
TXN-003989,SKU-0229,2024-11-21,3,1528,0,Store - Indiranagar
TXN-003990,SKU-0229,2024-11-24,1,1222,20,Online - Instagram
TXN-003991,SKU-0229,2024-11-27,3,1528,0,Online - Nykaa
TXN-003992,SKU-0229,2024-11-28,3,1528,0,Online - Instagram
TXN-003993,SKU-0229,2024-11-29,1,1375,10,Store - Indiranagar
TXN-003994,SKU-0229,2024-12-01,3,1528,0,Online - Instagram
TXN-003995,SKU-0230,2024-06-13,3,2245,15,Online - Website
TXN-003996,SKU-0230,2024-07-04,3,2641,0,Online - Website
TXN-003997,SKU-0230,2024-07-26,2,2377,10,Store - Koramangala
TXN-003998,SKU-0231,2024-09-07,2,1987,0,Store - Indiranagar
TXN-003999,SKU-0231,2024-09-11,3,1987,0,Store - Indiranagar
TXN-004000,SKU-0231,2024-09-16,3,1987,0,Online - Instagram
TXN-004001,SKU-0231,2024-09-22,1,1987,0,Store - MG Road
TXN-004002,SKU-0231,2024-09-28,2,1987,0,Store - MG Road
TXN-004003,SKU-0231,2024-10-02,3,1987,0,Store - Koramangala
TXN-004004,SKU-0231,2024-10-08,2,1987,0,Online - Website
TXN-004005,SKU-0231,2024-10-12,3,1987,0,Online - Instagram
TXN-004006,SKU-0231,2024-10-16,2,1689,15,Store - MG Road
TXN-004007,SKU-0232,2024-10-01,2,2476,0,Online - Website
TXN-004008,SKU-0232,2024-10-09,3,2228,10,Store - Indiranagar
TXN-004009,SKU-0232,2024-10-16,1,2105,15,Store - MG Road
TXN-004010,SKU-0232,2024-10-25,2,2476,0,Online - Instagram
TXN-004011,SKU-0232,2024-11-02,1,2476,0,Store - Indiranagar
TXN-004012,SKU-0232,2024-11-10,3,2476,0,Online - Website
TXN-004013,SKU-0232,2024-11-17,1,2228,10,Store - Indiranagar
TXN-004014,SKU-0233,2024-09-06,3,1974,0,Store - Indiranagar
TXN-004015,SKU-0233,2024-09-20,1,1974,0,Store - Koramangala
TXN-004016,SKU-0233,2024-10-04,2,1678,15,Store - Koramangala
TXN-004017,SKU-0233,2024-10-16,1,1974,0,Store - MG Road
TXN-004018,SKU-0234,2024-09-11,3,2582,0,Online - Website
TXN-004019,SKU-0234,2024-09-29,1,2582,0,Online - Website
TXN-004020,SKU-0234,2024-10-15,1,2582,0,Online - Website
TXN-004021,SKU-0235,2024-10-26,1,1796,0,Store - Koramangala
TXN-004022,SKU-0235,2024-10-30,1,1527,15,Online - Instagram
TXN-004023,SKU-0235,2024-11-03,3,1796,0,Store - Koramangala
TXN-004024,SKU-0235,2024-11-07,1,1796,0,Online - Nykaa
TXN-004025,SKU-0235,2024-11-10,2,1796,0,Online - Nykaa
TXN-004026,SKU-0235,2024-11-15,1,1527,15,Store - Koramangala
TXN-004027,SKU-0235,2024-11-18,1,1796,0,Store - Koramangala
TXN-004028,SKU-0235,2024-11-23,2,1437,20,Online - Website
TXN-004029,SKU-0235,2024-11-26,3,1796,0,Store - Koramangala
TXN-004030,SKU-0235,2024-11-30,3,1616,10,Store - MG Road
TXN-004031,SKU-0236,2024-06-28,2,2124,0,Online - Website
TXN-004032,SKU-0236,2024-07-11,3,2124,0,Store - MG Road
TXN-004033,SKU-0236,2024-07-23,2,2124,0,Store - Indiranagar
TXN-004034,SKU-0236,2024-08-06,2,2124,0,Store - MG Road
TXN-004035,SKU-0236,2024-08-19,2,1699,20,Store - Indiranagar
TXN-004036,SKU-0236,2024-09-01,2,2124,0,Online - Instagram
TXN-004037,SKU-0237,2024-10-14,2,1704,0,Store - Indiranagar
TXN-004038,SKU-0237,2024-10-18,1,1704,0,Online - Website
TXN-004039,SKU-0237,2024-10-21,3,1704,0,Online - Website
TXN-004040,SKU-0237,2024-10-24,3,1704,0,Online - Instagram
TXN-004041,SKU-0237,2024-10-27,1,1704,0,Store - Koramangala
TXN-004042,SKU-0237,2024-11-01,2,1704,0,Online - Nykaa
TXN-004043,SKU-0237,2024-11-06,3,1704,0,Online - Instagram
TXN-004044,SKU-0237,2024-11-11,1,1704,0,Online - Nykaa
TXN-004045,SKU-0237,2024-11-15,2,1704,0,Online - Website
TXN-004046,SKU-0237,2024-11-18,3,1704,0,Store - Indiranagar
TXN-004047,SKU-0237,2024-11-22,2,1704,0,Online - Nykaa
TXN-004048,SKU-0237,2024-11-25,1,1704,0,Store - MG Road
TXN-004049,SKU-0237,2024-11-28,2,1363,20,Online - Website
TXN-004050,SKU-0237,2024-12-01,1,1704,0,Online - Website
TXN-004051,SKU-0238,2024-08-25,1,2426,0,Online - Instagram
TXN-004052,SKU-0238,2024-08-26,1,2426,0,Online - Instagram
TXN-004053,SKU-0238,2024-08-27,3,2426,0,Online - Nykaa
TXN-004054,SKU-0238,2024-08-28,2,2426,0,Store - MG Road
TXN-004055,SKU-0238,2024-08-31,1,2426,0,Online - Website
TXN-004056,SKU-0238,2024-09-02,2,2426,0,Store - MG Road
TXN-004057,SKU-0238,2024-09-03,1,1820,25,Online - Nykaa
TXN-004058,SKU-0238,2024-09-04,1,2426,0,Online - Website
TXN-004059,SKU-0238,2024-09-07,1,2426,0,Store - Indiranagar
TXN-004060,SKU-0238,2024-09-09,2,2426,0,Store - Indiranagar
TXN-004061,SKU-0238,2024-09-11,2,1941,20,Online - Nykaa
TXN-004062,SKU-0238,2024-09-13,1,1941,20,Online - Website
TXN-004063,SKU-0238,2024-09-14,3,2426,0,Store - MG Road
TXN-004064,SKU-0238,2024-09-17,2,2426,0,Store - Indiranagar
TXN-004065,SKU-0238,2024-09-19,1,2426,0,Store - Indiranagar
TXN-004066,SKU-0238,2024-09-21,2,2426,0,Online - Nykaa
TXN-004067,SKU-0238,2024-09-22,3,2426,0,Store - Indiranagar
TXN-004068,SKU-0238,2024-09-25,3,2426,0,Online - Website
TXN-004069,SKU-0238,2024-09-27,2,2426,0,Store - Indiranagar
TXN-004070,SKU-0238,2024-09-28,2,2426,0,Online - Instagram
TXN-004071,SKU-0238,2024-09-30,2,2426,0,Online - Instagram
TXN-004072,SKU-0238,2024-10-01,1,2426,0,Online - Nykaa
TXN-004073,SKU-0238,2024-10-02,1,2426,0,Online - Instagram
TXN-004074,SKU-0238,2024-10-05,3,2426,0,Online - Instagram
TXN-004075,SKU-0238,2024-10-06,2,2426,0,Store - MG Road
TXN-004076,SKU-0238,2024-10-09,1,1941,20,Online - Instagram
TXN-004077,SKU-0238,2024-10-11,2,2426,0,Store - Koramangala
TXN-004078,SKU-0238,2024-10-12,3,2062,15,Store - Koramangala
TXN-004079,SKU-0238,2024-10-13,3,2426,0,Store - Indiranagar
TXN-004080,SKU-0238,2024-10-15,1,1820,25,Online - Nykaa
TXN-004081,SKU-0238,2024-10-18,2,2426,0,Store - Koramangala
TXN-004082,SKU-0238,2024-10-20,2,2426,0,Store - MG Road
TXN-004083,SKU-0238,2024-10-23,2,2426,0,Online - Nykaa
TXN-004084,SKU-0238,2024-10-25,2,2426,0,Store - MG Road
TXN-004085,SKU-0238,2024-10-26,1,2183,10,Online - Nykaa
TXN-004086,SKU-0238,2024-10-27,3,2183,10,Store - Indiranagar
TXN-004087,SKU-0238,2024-10-29,2,2183,10,Store - Indiranagar
TXN-004088,SKU-0238,2024-10-31,2,2426,0,Store - Koramangala
TXN-004089,SKU-0238,2024-11-03,1,2426,0,Store - Indiranagar
TXN-004090,SKU-0238,2024-11-06,3,2426,0,Online - Website
TXN-004091,SKU-0238,2024-11-07,2,2426,0,Store - Indiranagar
TXN-004092,SKU-0238,2024-11-09,2,2426,0,Store - Indiranagar
TXN-004093,SKU-0238,2024-11-12,1,2426,0,Online - Website
TXN-004094,SKU-0238,2024-11-14,1,2426,0,Store - Koramangala
TXN-004095,SKU-0238,2024-11-17,3,2426,0,Online - Website
TXN-004096,SKU-0238,2024-11-19,2,2183,10,Store - MG Road
TXN-004097,SKU-0238,2024-11-21,1,2426,0,Store - MG Road
TXN-004098,SKU-0238,2024-11-24,1,2426,0,Store - MG Road
TXN-004099,SKU-0238,2024-11-27,1,2426,0,Online - Website
TXN-004100,SKU-0239,2024-11-06,2,2064,0,Online - Nykaa
TXN-004101,SKU-0239,2024-11-07,1,2064,0,Store - Indiranagar
TXN-004102,SKU-0239,2024-11-09,3,2064,0,Online - Instagram
TXN-004103,SKU-0239,2024-11-12,3,2064,0,Store - Indiranagar
TXN-004104,SKU-0239,2024-11-14,3,1754,15,Store - Koramangala
TXN-004105,SKU-0239,2024-11-17,2,2064,0,Online - Nykaa
TXN-004106,SKU-0239,2024-11-19,1,2064,0,Store - Koramangala
TXN-004107,SKU-0239,2024-11-21,1,1548,25,Online - Nykaa
TXN-004108,SKU-0239,2024-11-22,1,2064,0,Online - Instagram
TXN-004109,SKU-0239,2024-11-23,2,1651,20,Store - Indiranagar
TXN-004110,SKU-0239,2024-11-26,3,1754,15,Online - Instagram
TXN-004111,SKU-0239,2024-11-29,2,1754,15,Store - Koramangala
TXN-004112,SKU-0239,2024-11-30,1,2064,0,Online - Instagram
TXN-004113,SKU-0240,2024-08-23,1,2343,0,Online - Nykaa
TXN-004114,SKU-0240,2024-09-08,2,2343,0,Store - Indiranagar
TXN-004115,SKU-0240,2024-09-24,3,2343,0,Online - Website
TXN-004116,SKU-0240,2024-10-09,1,2343,0,Online - Website
TXN-004117,SKU-0241,2024-08-30,1,2414,0,Store - MG Road
TXN-004118,SKU-0241,2024-09-03,1,2414,0,Store - Koramangala
TXN-004119,SKU-0241,2024-09-09,1,2414,0,Online - Nykaa
TXN-004120,SKU-0241,2024-09-14,2,2414,0,Store - Koramangala
TXN-004121,SKU-0241,2024-09-18,1,2414,0,Online - Instagram
TXN-004122,SKU-0241,2024-09-24,3,2414,0,Store - Indiranagar
TXN-004123,SKU-0241,2024-09-28,2,1931,20,Store - Indiranagar
TXN-004124,SKU-0241,2024-10-02,1,2052,15,Store - Indiranagar
TXN-004125,SKU-0241,2024-10-08,2,2173,10,Online - Instagram
TXN-004126,SKU-0241,2024-10-12,1,2414,0,Online - Instagram
TXN-004127,SKU-0241,2024-10-17,1,2414,0,Online - Instagram
TXN-004128,SKU-0241,2024-10-22,1,2414,0,Online - Website
TXN-004129,SKU-0241,2024-10-28,2,2414,0,Online - Nykaa
TXN-004130,SKU-0242,2024-06-30,1,2188,0,Online - Website
TXN-004131,SKU-0242,2024-07-03,3,2188,0,Store - Koramangala
TXN-004132,SKU-0242,2024-07-04,3,2188,0,Store - Koramangala
TXN-004133,SKU-0242,2024-07-06,2,1969,10,Online - Nykaa
TXN-004134,SKU-0242,2024-07-07,1,2188,0,Online - Instagram
TXN-004135,SKU-0242,2024-07-09,1,1641,25,Online - Instagram
TXN-004136,SKU-0242,2024-07-12,3,1860,15,Online - Website
TXN-004137,SKU-0242,2024-07-14,1,2188,0,Online - Instagram
TXN-004138,SKU-0242,2024-07-17,2,2188,0,Online - Instagram
TXN-004139,SKU-0242,2024-07-18,1,2188,0,Store - Indiranagar
TXN-004140,SKU-0242,2024-07-20,3,1969,10,Store - Indiranagar
TXN-004141,SKU-0242,2024-07-23,1,2188,0,Online - Nykaa
TXN-004142,SKU-0242,2024-07-26,1,2188,0,Store - Indiranagar
TXN-004143,SKU-0242,2024-07-29,1,2188,0,Online - Website
TXN-004144,SKU-0242,2024-08-01,1,2188,0,Store - Koramangala
TXN-004145,SKU-0242,2024-08-02,3,2188,0,Online - Instagram
TXN-004146,SKU-0242,2024-08-03,3,2188,0,Online - Nykaa
TXN-004147,SKU-0242,2024-08-05,3,2188,0,Online - Instagram
TXN-004148,SKU-0242,2024-08-06,1,1750,20,Store - MG Road
TXN-004149,SKU-0242,2024-08-08,3,2188,0,Online - Website
TXN-004150,SKU-0242,2024-08-10,3,2188,0,Online - Website
TXN-004151,SKU-0242,2024-08-12,2,1750,20,Online - Nykaa
TXN-004152,SKU-0242,2024-08-13,2,2188,0,Store - MG Road
TXN-004153,SKU-0242,2024-08-15,1,1750,20,Store - Indiranagar
TXN-004154,SKU-0242,2024-08-17,3,2188,0,Store - Koramangala
TXN-004155,SKU-0242,2024-08-19,2,1750,20,Online - Website
TXN-004156,SKU-0242,2024-08-20,2,2188,0,Online - Instagram
TXN-004157,SKU-0242,2024-08-21,3,2188,0,Online - Website
TXN-004158,SKU-0242,2024-08-23,1,1750,20,Store - Indiranagar
TXN-004159,SKU-0242,2024-08-26,1,2188,0,Online - Nykaa
TXN-004160,SKU-0242,2024-08-27,2,2188,0,Online - Website
TXN-004161,SKU-0242,2024-08-30,1,1860,15,Online - Nykaa
TXN-004162,SKU-0242,2024-09-02,2,2188,0,Online - Instagram
TXN-004163,SKU-0242,2024-09-03,2,2188,0,Store - Indiranagar
TXN-004164,SKU-0242,2024-09-04,2,2188,0,Online - Nykaa
TXN-004165,SKU-0242,2024-09-07,1,2188,0,Store - MG Road
TXN-004166,SKU-0242,2024-09-10,3,2188,0,Store - MG Road
TXN-004167,SKU-0242,2024-09-13,2,1969,10,Online - Instagram
TXN-004168,SKU-0242,2024-09-14,3,2188,0,Store - Indiranagar
TXN-004169,SKU-0242,2024-09-16,2,2188,0,Store - MG Road
TXN-004170,SKU-0242,2024-09-19,1,2188,0,Online - Instagram
TXN-004171,SKU-0242,2024-09-21,2,2188,0,Store - Koramangala
TXN-004172,SKU-0242,2024-09-24,2,2188,0,Online - Website
TXN-004173,SKU-0242,2024-09-27,1,2188,0,Online - Instagram
TXN-004174,SKU-0242,2024-09-29,1,1969,10,Store - Indiranagar
TXN-004175,SKU-0242,2024-10-01,3,2188,0,Store - MG Road
TXN-004176,SKU-0242,2024-10-03,2,2188,0,Online - Nykaa
TXN-004177,SKU-0242,2024-10-04,1,2188,0,Store - MG Road
TXN-004178,SKU-0242,2024-10-07,3,2188,0,Store - Koramangala
TXN-004179,SKU-0242,2024-10-09,2,2188,0,Store - MG Road
TXN-004180,SKU-0242,2024-10-10,3,2188,0,Store - Indiranagar
TXN-004181,SKU-0242,2024-10-13,3,2188,0,Store - MG Road
TXN-004182,SKU-0242,2024-10-16,3,1860,15,Online - Instagram
TXN-004183,SKU-0242,2024-10-19,1,2188,0,Online - Instagram
TXN-004184,SKU-0242,2024-10-20,1,2188,0,Store - MG Road
TXN-004185,SKU-0242,2024-10-22,3,2188,0,Online - Website
TXN-004186,SKU-0242,2024-10-24,1,2188,0,Online - Website
TXN-004187,SKU-0242,2024-10-25,2,2188,0,Online - Instagram
TXN-004188,SKU-0242,2024-10-28,3,2188,0,Online - Instagram
TXN-004189,SKU-0242,2024-10-29,2,2188,0,Store - Koramangala
TXN-004190,SKU-0243,2024-10-22,1,1893,0,Online - Instagram
TXN-004191,SKU-0243,2024-10-28,1,1893,0,Online - Instagram
TXN-004192,SKU-0243,2024-11-04,1,1893,0,Online - Website
TXN-004193,SKU-0243,2024-11-11,2,1420,25,Store - Indiranagar
TXN-004194,SKU-0243,2024-11-16,1,1893,0,Store - MG Road
TXN-004195,SKU-0243,2024-11-22,1,1704,10,Online - Nykaa
TXN-004196,SKU-0244,2024-08-20,2,2043,0,Store - Indiranagar
TXN-004197,SKU-0244,2024-09-04,3,1839,10,Online - Website
TXN-004198,SKU-0244,2024-09-18,2,1737,15,Store - Indiranagar
TXN-004199,SKU-0245,2024-09-08,3,1558,0,Online - Instagram
TXN-004200,SKU-0245,2024-10-01,1,1558,0,Store - Koramangala
TXN-004201,SKU-0246,2024-07-23,1,2507,0,Store - MG Road
TXN-004202,SKU-0246,2024-08-04,1,2131,15,Store - Indiranagar
TXN-004203,SKU-0246,2024-08-14,3,2507,0,Store - MG Road
TXN-004204,SKU-0246,2024-08-25,1,2507,0,Store - Indiranagar
TXN-004205,SKU-0246,2024-09-05,3,2507,0,Store - MG Road
TXN-004206,SKU-0246,2024-09-16,3,2507,0,Store - Indiranagar
TXN-004207,SKU-0247,2024-07-18,1,1958,0,Online - Instagram
TXN-004208,SKU-0247,2024-08-15,1,1664,15,Store - Indiranagar
TXN-004209,SKU-0247,2024-09-12,2,1762,10,Online - Nykaa
TXN-004210,SKU-0247,2024-10-11,1,1664,15,Online - Nykaa
TXN-004211,SKU-0248,2024-11-09,1,2449,0,Online - Nykaa
TXN-004212,SKU-0248,2024-11-11,2,2449,0,Online - Nykaa
TXN-004213,SKU-0248,2024-11-12,2,2449,0,Store - MG Road
TXN-004214,SKU-0248,2024-11-15,3,2204,10,Store - MG Road
TXN-004215,SKU-0248,2024-11-18,3,1959,20,Store - MG Road
TXN-004216,SKU-0248,2024-11-19,2,2449,0,Online - Website
TXN-004217,SKU-0248,2024-11-20,2,2449,0,Store - Koramangala
TXN-004218,SKU-0248,2024-11-21,3,2204,10,Store - MG Road
TXN-004219,SKU-0248,2024-11-22,1,2449,0,Store - MG Road
TXN-004220,SKU-0248,2024-11-23,1,2449,0,Store - Koramangala
TXN-004221,SKU-0248,2024-11-25,2,2449,0,Online - Website
TXN-004222,SKU-0248,2024-11-27,3,2449,0,Online - Website
TXN-004223,SKU-0248,2024-11-30,2,2449,0,Store - MG Road
TXN-004224,SKU-0248,2024-12-01,1,2449,0,Online - Website
TXN-004225,SKU-0249,2024-09-30,1,2119,0,Online - Website
TXN-004226,SKU-0249,2024-10-01,3,2119,0,Store - MG Road
TXN-004227,SKU-0249,2024-10-03,2,2119,0,Store - Koramangala
TXN-004228,SKU-0249,2024-10-06,1,1907,10,Online - Nykaa
TXN-004229,SKU-0249,2024-10-08,2,1801,15,Online - Nykaa
TXN-004230,SKU-0249,2024-10-11,3,1907,10,Online - Instagram
TXN-004231,SKU-0249,2024-10-14,3,2119,0,Online - Instagram
TXN-004232,SKU-0249,2024-10-16,3,2119,0,Store - Koramangala
TXN-004233,SKU-0249,2024-10-17,2,1801,15,Store - Indiranagar
TXN-004234,SKU-0249,2024-10-19,2,2119,0,Online - Instagram
TXN-004235,SKU-0249,2024-10-22,1,2119,0,Store - Indiranagar
TXN-004236,SKU-0249,2024-10-25,2,2119,0,Store - Koramangala
TXN-004237,SKU-0249,2024-10-28,3,2119,0,Store - Indiranagar
TXN-004238,SKU-0249,2024-10-29,3,2119,0,Store - Indiranagar
TXN-004239,SKU-0249,2024-10-30,3,2119,0,Online - Instagram
TXN-004240,SKU-0249,2024-11-01,3,2119,0,Store - Koramangala
TXN-004241,SKU-0249,2024-11-03,1,2119,0,Online - Nykaa
TXN-004242,SKU-0249,2024-11-06,1,2119,0,Online - Website
TXN-004243,SKU-0250,2024-08-21,2,2483,0,Store - Koramangala
TXN-004244,SKU-0250,2024-08-25,2,2483,0,Online - Instagram
TXN-004245,SKU-0250,2024-08-28,1,2483,0,Online - Nykaa
TXN-004246,SKU-0250,2024-08-30,3,2483,0,Online - Website
TXN-004247,SKU-0250,2024-09-03,1,2483,0,Online - Instagram
TXN-004248,SKU-0250,2024-09-06,3,1986,20,Store - Indiranagar
TXN-004249,SKU-0250,2024-09-10,1,2483,0,Store - Koramangala
TXN-004250,SKU-0250,2024-09-13,2,2483,0,Store - Indiranagar
TXN-004251,SKU-0250,2024-09-16,3,2483,0,Store - Koramangala
TXN-004252,SKU-0250,2024-09-20,3,2483,0,Online - Nykaa
TXN-004253,SKU-0250,2024-09-24,2,2235,10,Online - Instagram
TXN-004254,SKU-0250,2024-09-27,2,2483,0,Store - Indiranagar
TXN-004255,SKU-0250,2024-09-29,3,2483,0,Store - MG Road
TXN-004256,SKU-0250,2024-10-02,3,2483,0,Store - MG Road
TXN-004257,SKU-0250,2024-10-05,1,2111,15,Store - Koramangala
TXN-004258,SKU-0250,2024-10-08,1,2483,0,Online - Website
TXN-004259,SKU-0250,2024-10-11,2,2483,0,Store - Koramangala
TXN-004260,SKU-0250,2024-10-14,3,2483,0,Store - MG Road
TXN-004261,SKU-0250,2024-10-17,2,2483,0,Online - Instagram
TXN-004262,SKU-0250,2024-10-21,2,2483,0,Online - Instagram
TXN-004263,SKU-0250,2024-10-23,2,2483,0,Store - MG Road
TXN-004264,SKU-0250,2024-10-27,1,1862,25,Online - Instagram
TXN-004265,SKU-0250,2024-10-29,1,2483,0,Online - Instagram
TXN-004266,SKU-0251,2024-09-30,3,1980,0,Online - Instagram
TXN-004267,SKU-0251,2024-10-01,1,1980,0,Online - Instagram
TXN-004268,SKU-0251,2024-10-04,1,1683,15,Store - MG Road
TXN-004269,SKU-0251,2024-10-05,3,1584,20,Online - Website
TXN-004270,SKU-0251,2024-10-06,3,1980,0,Store - Koramangala
TXN-004271,SKU-0251,2024-10-09,1,1980,0,Store - MG Road
TXN-004272,SKU-0251,2024-10-10,2,1980,0,Online - Instagram
TXN-004273,SKU-0251,2024-10-12,3,1980,0,Store - Indiranagar
TXN-004274,SKU-0251,2024-10-15,1,1980,0,Online - Nykaa
TXN-004275,SKU-0251,2024-10-18,2,1980,0,Online - Instagram
TXN-004276,SKU-0251,2024-10-19,1,1980,0,Online - Website
TXN-004277,SKU-0251,2024-10-22,2,1980,0,Online - Nykaa
TXN-004278,SKU-0251,2024-10-23,2,1980,0,Store - MG Road
TXN-004279,SKU-0251,2024-10-26,1,1782,10,Store - Koramangala
TXN-004280,SKU-0251,2024-10-29,3,1980,0,Online - Instagram
TXN-004281,SKU-0251,2024-10-30,1,1980,0,Online - Instagram
TXN-004282,SKU-0251,2024-11-02,1,1980,0,Online - Instagram
TXN-004283,SKU-0251,2024-11-05,2,1980,0,Online - Website
TXN-004284,SKU-0251,2024-11-07,1,1980,0,Online - Website
TXN-004285,SKU-0251,2024-11-10,2,1782,10,Store - MG Road
TXN-004286,SKU-0251,2024-11-13,1,1980,0,Store - MG Road
TXN-004287,SKU-0251,2024-11-14,3,1485,25,Online - Website
TXN-004288,SKU-0251,2024-11-15,1,1980,0,Online - Nykaa
TXN-004289,SKU-0251,2024-11-18,1,1980,0,Store - Koramangala
TXN-004290,SKU-0252,2024-06-28,2,2204,0,Store - Koramangala
TXN-004291,SKU-0252,2024-07-15,3,2204,0,Store - Koramangala
TXN-004292,SKU-0252,2024-08-02,2,1873,15,Online - Instagram
TXN-004293,SKU-0252,2024-08-21,2,2204,0,Store - Indiranagar
TXN-004294,SKU-0253,2024-06-18,1,2500,0,Store - MG Road
TXN-004295,SKU-0253,2024-06-26,3,2250,10,Online - Instagram
TXN-004296,SKU-0253,2024-07-03,2,2250,10,Online - Instagram
TXN-004297,SKU-0253,2024-07-11,1,2500,0,Online - Website
TXN-004298,SKU-0253,2024-07-19,2,2500,0,Online - Nykaa
TXN-004299,SKU-0253,2024-07-27,1,2500,0,Online - Website
TXN-004300,SKU-0253,2024-08-04,3,2500,0,Store - MG Road
TXN-004301,SKU-0253,2024-08-11,2,2500,0,Store - Indiranagar
TXN-004302,SKU-0253,2024-08-19,3,2500,0,Store - MG Road
TXN-004303,SKU-0253,2024-08-26,3,2500,0,Store - MG Road
TXN-004304,SKU-0253,2024-09-01,2,2500,0,Online - Website
TXN-004305,SKU-0253,2024-09-07,2,2500,0,Online - Instagram
TXN-004306,SKU-0254,2024-07-16,2,2797,0,Online - Instagram
TXN-004307,SKU-0254,2024-07-19,3,2797,0,Online - Website
TXN-004308,SKU-0254,2024-07-23,2,2238,20,Store - Indiranagar
TXN-004309,SKU-0254,2024-07-28,3,2797,0,Store - Koramangala
TXN-004310,SKU-0254,2024-07-31,3,2797,0,Store - Indiranagar
TXN-004311,SKU-0254,2024-08-05,3,2797,0,Online - Website
TXN-004312,SKU-0254,2024-08-10,1,2517,10,Online - Instagram
TXN-004313,SKU-0254,2024-08-14,1,2517,10,Online - Website
TXN-004314,SKU-0254,2024-08-18,1,2797,0,Online - Nykaa
TXN-004315,SKU-0254,2024-08-21,1,2797,0,Store - MG Road
TXN-004316,SKU-0254,2024-08-24,1,2517,10,Store - Indiranagar
TXN-004317,SKU-0254,2024-08-29,3,2797,0,Store - Indiranagar
TXN-004318,SKU-0254,2024-09-03,3,2797,0,Online - Website
TXN-004319,SKU-0254,2024-09-08,2,2797,0,Store - Koramangala
TXN-004320,SKU-0254,2024-09-12,2,2797,0,Store - MG Road
TXN-004321,SKU-0254,2024-09-17,1,2517,10,Online - Instagram
TXN-004322,SKU-0254,2024-09-22,3,2797,0,Store - Indiranagar
TXN-004323,SKU-0254,2024-09-27,3,2797,0,Online - Nykaa
TXN-004324,SKU-0254,2024-10-01,2,2797,0,Store - MG Road
TXN-004325,SKU-0255,2024-10-30,2,1701,0,Online - Instagram
TXN-004326,SKU-0255,2024-11-02,1,1701,0,Online - Website
TXN-004327,SKU-0255,2024-11-03,2,1701,0,Online - Nykaa
TXN-004328,SKU-0255,2024-11-05,3,1446,15,Online - Website
TXN-004329,SKU-0255,2024-11-08,3,1701,0,Online - Website
TXN-004330,SKU-0255,2024-11-10,3,1701,0,Online - Instagram
TXN-004331,SKU-0255,2024-11-13,2,1701,0,Online - Instagram
TXN-004332,SKU-0255,2024-11-14,3,1701,0,Store - MG Road
TXN-004333,SKU-0255,2024-11-17,2,1701,0,Online - Website
TXN-004334,SKU-0255,2024-11-19,2,1701,0,Online - Nykaa
TXN-004335,SKU-0255,2024-11-20,2,1446,15,Online - Website
TXN-004336,SKU-0255,2024-11-23,1,1701,0,Store - Indiranagar
TXN-004337,SKU-0255,2024-11-25,1,1701,0,Online - Website
TXN-004338,SKU-0255,2024-11-27,1,1701,0,Store - MG Road
TXN-004339,SKU-0255,2024-11-30,1,1531,10,Online - Website
TXN-004340,SKU-0256,2024-08-13,1,2143,0,Store - Indiranagar
TXN-004341,SKU-0256,2024-08-24,3,2143,0,Store - Indiranagar
TXN-004342,SKU-0256,2024-09-04,1,2143,0,Store - MG Road
TXN-004343,SKU-0256,2024-09-14,1,2143,0,Online - Instagram
TXN-004344,SKU-0256,2024-09-26,2,2143,0,Online - Nykaa
TXN-004345,SKU-0256,2024-10-07,2,2143,0,Online - Nykaa
TXN-004346,SKU-0256,2024-10-18,1,2143,0,Online - Website
TXN-004347,SKU-0257,2024-09-19,1,1960,0,Online - Website
TXN-004348,SKU-0257,2024-10-03,3,1960,0,Store - Indiranagar
TXN-004349,SKU-0257,2024-10-19,1,1960,0,Online - Nykaa
TXN-004350,SKU-0258,2024-10-05,3,1319,10,Online - Instagram
TXN-004351,SKU-0258,2024-10-09,1,1466,0,Store - Koramangala
TXN-004352,SKU-0258,2024-10-12,1,1466,0,Store - MG Road
TXN-004353,SKU-0258,2024-10-15,2,1466,0,Store - MG Road
TXN-004354,SKU-0258,2024-10-20,1,1466,0,Store - Indiranagar
TXN-004355,SKU-0258,2024-10-24,3,1466,0,Online - Nykaa
TXN-004356,SKU-0258,2024-10-28,2,1466,0,Store - MG Road
TXN-004357,SKU-0258,2024-11-02,2,1466,0,Online - Nykaa
TXN-004358,SKU-0258,2024-11-07,3,1466,0,Online - Website
TXN-004359,SKU-0258,2024-11-12,3,1246,15,Store - Koramangala
TXN-004360,SKU-0258,2024-11-17,1,1466,0,Store - MG Road
TXN-004361,SKU-0258,2024-11-22,3,1466,0,Store - Koramangala
TXN-004362,SKU-0258,2024-11-25,3,1319,10,Online - Nykaa
TXN-004363,SKU-0258,2024-11-29,2,1466,0,Store - Indiranagar
TXN-004364,SKU-0259,2024-08-08,2,2169,0,Store - MG Road
TXN-004365,SKU-0259,2024-08-14,3,2169,0,Online - Instagram
TXN-004366,SKU-0259,2024-08-18,1,2169,0,Store - Koramangala
TXN-004367,SKU-0259,2024-08-24,1,2169,0,Store - MG Road
TXN-004368,SKU-0259,2024-08-28,2,2169,0,Store - Koramangala
TXN-004369,SKU-0259,2024-09-03,1,1844,15,Online - Nykaa
TXN-004370,SKU-0259,2024-09-09,3,2169,0,Store - Indiranagar
TXN-004371,SKU-0259,2024-09-15,2,2169,0,Online - Nykaa
TXN-004372,SKU-0259,2024-09-21,2,2169,0,Store - Koramangala
TXN-004373,SKU-0259,2024-09-26,3,2169,0,Store - MG Road
TXN-004374,SKU-0259,2024-10-01,2,1735,20,Store - Koramangala
TXN-004375,SKU-0259,2024-10-06,2,2169,0,Store - Koramangala
TXN-004376,SKU-0260,2024-09-02,2,1852,0,Store - Indiranagar
TXN-004377,SKU-0260,2024-09-05,2,1852,0,Store - Indiranagar
TXN-004378,SKU-0260,2024-09-08,2,1852,0,Online - Instagram
TXN-004379,SKU-0260,2024-09-12,2,1482,20,Store - Indiranagar
TXN-004380,SKU-0260,2024-09-15,1,1852,0,Online - Instagram
TXN-004381,SKU-0260,2024-09-18,1,1852,0,Store - Indiranagar
TXN-004382,SKU-0260,2024-09-23,1,1852,0,Online - Website
TXN-004383,SKU-0260,2024-09-28,3,1852,0,Online - Website
TXN-004384,SKU-0260,2024-10-03,3,1852,0,Store - Koramangala
TXN-004385,SKU-0260,2024-10-06,2,1852,0,Store - Koramangala
TXN-004386,SKU-0260,2024-10-09,2,1667,10,Online - Website
TXN-004387,SKU-0260,2024-10-13,3,1852,0,Online - Nykaa
TXN-004388,SKU-0260,2024-10-18,2,1852,0,Online - Nykaa
TXN-004389,SKU-0260,2024-10-23,2,1667,10,Online - Instagram
TXN-004390,SKU-0261,2024-06-26,2,2435,0,Online - Instagram
TXN-004391,SKU-0261,2024-06-27,2,2435,0,Online - Nykaa
TXN-004392,SKU-0261,2024-06-29,3,1948,20,Store - MG Road
TXN-004393,SKU-0261,2024-07-02,2,2435,0,Store - MG Road
TXN-004394,SKU-0261,2024-07-04,3,2435,0,Store - Indiranagar
TXN-004395,SKU-0261,2024-07-07,3,2435,0,Online - Instagram
TXN-004396,SKU-0261,2024-07-08,2,2435,0,Online - Website
TXN-004397,SKU-0261,2024-07-11,2,2435,0,Store - MG Road
TXN-004398,SKU-0261,2024-07-13,3,1948,20,Store - Koramangala
TXN-004399,SKU-0261,2024-07-14,1,1826,25,Online - Instagram
TXN-004400,SKU-0261,2024-07-16,3,2435,0,Online - Website
TXN-004401,SKU-0261,2024-07-19,3,2435,0,Store - MG Road
TXN-004402,SKU-0261,2024-07-20,2,2435,0,Online - Instagram
TXN-004403,SKU-0261,2024-07-22,1,2435,0,Online - Nykaa
TXN-004404,SKU-0261,2024-07-23,1,2435,0,Store - Indiranagar
TXN-004405,SKU-0261,2024-07-25,3,2435,0,Store - MG Road
TXN-004406,SKU-0261,2024-07-28,1,2435,0,Online - Instagram
TXN-004407,SKU-0261,2024-07-30,2,2435,0,Online - Instagram
TXN-004408,SKU-0261,2024-08-02,1,2435,0,Store - Indiranagar
TXN-004409,SKU-0261,2024-08-03,3,2435,0,Online - Nykaa
TXN-004410,SKU-0261,2024-08-05,3,2435,0,Store - MG Road
TXN-004411,SKU-0261,2024-08-07,2,2435,0,Online - Website
TXN-004412,SKU-0261,2024-08-09,1,2435,0,Online - Instagram
TXN-004413,SKU-0261,2024-08-11,1,2435,0,Store - MG Road
TXN-004414,SKU-0261,2024-08-13,1,2435,0,Store - MG Road
TXN-004415,SKU-0261,2024-08-15,3,2435,0,Online - Website
TXN-004416,SKU-0261,2024-08-16,2,2070,15,Store - Indiranagar
TXN-004417,SKU-0261,2024-08-19,1,2435,0,Store - Koramangala
TXN-004418,SKU-0261,2024-08-20,1,2435,0,Online - Instagram
TXN-004419,SKU-0261,2024-08-21,2,2435,0,Store - MG Road
TXN-004420,SKU-0261,2024-08-23,1,2192,10,Online - Nykaa
TXN-004421,SKU-0261,2024-08-24,1,2435,0,Online - Nykaa
TXN-004422,SKU-0261,2024-08-25,2,2435,0,Online - Nykaa
TXN-004423,SKU-0261,2024-08-27,1,2435,0,Online - Website
TXN-004424,SKU-0261,2024-08-28,1,2435,0,Store - MG Road
TXN-004425,SKU-0261,2024-08-29,1,2435,0,Online - Nykaa
TXN-004426,SKU-0261,2024-09-01,3,2435,0,Store - Indiranagar
TXN-004427,SKU-0261,2024-09-02,3,2435,0,Store - MG Road
TXN-004428,SKU-0261,2024-09-03,3,2435,0,Store - Indiranagar
TXN-004429,SKU-0261,2024-09-04,1,2192,10,Online - Website
TXN-004430,SKU-0261,2024-09-07,3,2192,10,Store - Koramangala
TXN-004431,SKU-0261,2024-09-10,1,2192,10,Online - Website
TXN-004432,SKU-0262,2024-07-23,3,2527,0,Online - Website
TXN-004433,SKU-0262,2024-07-30,2,2527,0,Store - Indiranagar
TXN-004434,SKU-0262,2024-08-08,3,2527,0,Online - Nykaa
TXN-004435,SKU-0262,2024-08-15,2,1895,25,Online - Website
TXN-004436,SKU-0262,2024-08-23,2,2527,0,Store - Koramangala
TXN-004437,SKU-0262,2024-09-01,3,2148,15,Online - Nykaa
TXN-004438,SKU-0262,2024-09-09,2,2527,0,Online - Nykaa
TXN-004439,SKU-0262,2024-09-16,1,2527,0,Store - Indiranagar
TXN-004440,SKU-0263,2024-06-21,3,2507,0,Online - Website
TXN-004441,SKU-0263,2024-06-23,3,2507,0,Store - MG Road
TXN-004442,SKU-0263,2024-06-24,2,2507,0,Online - Instagram
TXN-004443,SKU-0263,2024-06-26,3,2507,0,Store - Koramangala
TXN-004444,SKU-0263,2024-06-28,3,2507,0,Online - Nykaa
TXN-004445,SKU-0263,2024-06-30,3,2507,0,Online - Instagram
TXN-004446,SKU-0263,2024-07-03,1,2507,0,Online - Website
TXN-004447,SKU-0263,2024-07-05,3,2006,20,Online - Instagram
TXN-004448,SKU-0263,2024-07-06,2,2507,0,Online - Instagram
TXN-004449,SKU-0263,2024-07-09,3,2256,10,Store - Koramangala
TXN-004450,SKU-0263,2024-07-11,1,2006,20,Online - Instagram
TXN-004451,SKU-0263,2024-07-13,1,2507,0,Store - Indiranagar
TXN-004452,SKU-0263,2024-07-16,3,2507,0,Store - Indiranagar
TXN-004453,SKU-0263,2024-07-17,2,1880,25,Store - Indiranagar
TXN-004454,SKU-0263,2024-07-19,3,2507,0,Online - Instagram
TXN-004455,SKU-0263,2024-07-22,3,2507,0,Online - Instagram
TXN-004456,SKU-0263,2024-07-24,1,2507,0,Online - Nykaa
TXN-004457,SKU-0263,2024-07-25,3,2507,0,Online - Nykaa
TXN-004458,SKU-0263,2024-07-27,3,2507,0,Online - Instagram
TXN-004459,SKU-0263,2024-07-29,2,2507,0,Store - MG Road
TXN-004460,SKU-0263,2024-08-01,2,2507,0,Online - Website
TXN-004461,SKU-0263,2024-08-03,1,2507,0,Online - Website
TXN-004462,SKU-0263,2024-08-06,2,2507,0,Online - Instagram
TXN-004463,SKU-0263,2024-08-07,1,2131,15,Store - Indiranagar
TXN-004464,SKU-0263,2024-08-08,1,2507,0,Store - MG Road
TXN-004465,SKU-0263,2024-08-11,3,2256,10,Store - Koramangala
TXN-004466,SKU-0263,2024-08-13,2,2131,15,Online - Instagram
TXN-004467,SKU-0263,2024-08-15,3,2507,0,Online - Website
TXN-004468,SKU-0263,2024-08-16,2,2006,20,Store - Indiranagar
TXN-004469,SKU-0263,2024-08-18,1,2507,0,Online - Instagram
TXN-004470,SKU-0263,2024-08-21,3,2507,0,Online - Nykaa
TXN-004471,SKU-0263,2024-08-24,1,2507,0,Store - MG Road
TXN-004472,SKU-0263,2024-08-27,3,2507,0,Online - Instagram
TXN-004473,SKU-0263,2024-08-30,3,2507,0,Store - Indiranagar
TXN-004474,SKU-0263,2024-08-31,2,2507,0,Store - MG Road
TXN-004475,SKU-0263,2024-09-02,2,2507,0,Store - Koramangala
TXN-004476,SKU-0263,2024-09-04,2,2507,0,Online - Nykaa
TXN-004477,SKU-0263,2024-09-07,1,2006,20,Store - Indiranagar
TXN-004478,SKU-0263,2024-09-09,2,2507,0,Online - Instagram
TXN-004479,SKU-0263,2024-09-11,3,2507,0,Store - MG Road
TXN-004480,SKU-0263,2024-09-13,3,2256,10,Store - MG Road
TXN-004481,SKU-0263,2024-09-16,2,2507,0,Online - Nykaa
TXN-004482,SKU-0263,2024-09-19,3,2507,0,Store - MG Road
TXN-004483,SKU-0263,2024-09-21,3,2507,0,Store - Koramangala
TXN-004484,SKU-0263,2024-09-24,1,2507,0,Online - Instagram
TXN-004485,SKU-0263,2024-09-27,3,2006,20,Store - MG Road
TXN-004486,SKU-0263,2024-09-29,1,2507,0,Store - MG Road
TXN-004487,SKU-0263,2024-10-01,1,2507,0,Online - Website
TXN-004488,SKU-0264,2024-06-29,3,1908,0,Online - Instagram
TXN-004489,SKU-0264,2024-07-03,2,1717,10,Store - Indiranagar
TXN-004490,SKU-0264,2024-07-07,1,1908,0,Online - Nykaa
TXN-004491,SKU-0264,2024-07-12,2,1908,0,Online - Nykaa
TXN-004492,SKU-0264,2024-07-15,2,1908,0,Online - Website
TXN-004493,SKU-0264,2024-07-20,2,1908,0,Store - Indiranagar
TXN-004494,SKU-0264,2024-07-23,2,1908,0,Online - Instagram
TXN-004495,SKU-0264,2024-07-27,3,1622,15,Online - Instagram
TXN-004496,SKU-0264,2024-07-30,3,1526,20,Online - Website
TXN-004497,SKU-0264,2024-08-04,2,1908,0,Online - Instagram
TXN-004498,SKU-0264,2024-08-09,1,1908,0,Store - Koramangala
TXN-004499,SKU-0264,2024-08-13,3,1908,0,Online - Nykaa
TXN-004500,SKU-0264,2024-08-18,3,1908,0,Store - Indiranagar
TXN-004501,SKU-0264,2024-08-22,3,1908,0,Store - MG Road
TXN-004502,SKU-0264,2024-08-27,2,1908,0,Online - Website
TXN-004503,SKU-0264,2024-09-01,1,1622,15,Online - Website
TXN-004504,SKU-0264,2024-09-06,2,1908,0,Online - Nykaa
TXN-004505,SKU-0264,2024-09-09,2,1908,0,Online - Instagram
TXN-004506,SKU-0265,2024-09-04,3,2169,0,Online - Website
TXN-004507,SKU-0265,2024-09-07,2,2169,0,Online - Website
TXN-004508,SKU-0265,2024-09-10,3,2169,0,Store - Indiranagar
TXN-004509,SKU-0265,2024-09-14,3,2169,0,Online - Nykaa
TXN-004510,SKU-0265,2024-09-19,1,2169,0,Online - Instagram
TXN-004511,SKU-0265,2024-09-23,1,2169,0,Store - Koramangala
TXN-004512,SKU-0265,2024-09-26,1,2169,0,Online - Nykaa
TXN-004513,SKU-0265,2024-09-29,2,2169,0,Store - MG Road
TXN-004514,SKU-0265,2024-10-04,3,1735,20,Store - Indiranagar
TXN-004515,SKU-0265,2024-10-07,1,2169,0,Online - Nykaa
TXN-004516,SKU-0265,2024-10-11,1,2169,0,Store - MG Road
TXN-004517,SKU-0265,2024-10-16,2,2169,0,Online - Instagram
TXN-004518,SKU-0265,2024-10-20,2,1952,10,Online - Nykaa
TXN-004519,SKU-0265,2024-10-24,1,1735,20,Online - Website
TXN-004520,SKU-0265,2024-10-29,2,2169,0,Store - MG Road
TXN-004521,SKU-0265,2024-11-02,2,2169,0,Store - MG Road
TXN-004522,SKU-0265,2024-11-07,2,2169,0,Store - MG Road
TXN-004523,SKU-0265,2024-11-12,1,2169,0,Store - Indiranagar
TXN-004524,SKU-0265,2024-11-15,3,2169,0,Online - Instagram
TXN-004525,SKU-0265,2024-11-18,2,2169,0,Online - Website
TXN-004526,SKU-0265,2024-11-22,1,1627,25,Store - Indiranagar
TXN-004527,SKU-0265,2024-11-27,2,1952,10,Store - Indiranagar
TXN-004528,SKU-0266,2024-06-08,2,1661,0,Online - Nykaa
TXN-004529,SKU-0266,2024-06-12,2,1661,0,Store - MG Road
TXN-004530,SKU-0266,2024-06-15,3,1661,0,Online - Nykaa
TXN-004531,SKU-0266,2024-06-18,2,1661,0,Store - Indiranagar
TXN-004532,SKU-0266,2024-06-22,1,1661,0,Online - Instagram
TXN-004533,SKU-0266,2024-06-25,2,1661,0,Online - Website
TXN-004534,SKU-0266,2024-06-27,2,1495,10,Store - Indiranagar
TXN-004535,SKU-0266,2024-06-29,3,1412,15,Store - Koramangala
TXN-004536,SKU-0266,2024-07-03,2,1661,0,Store - Koramangala
TXN-004537,SKU-0266,2024-07-06,3,1329,20,Store - MG Road
TXN-004538,SKU-0266,2024-07-09,1,1661,0,Store - Indiranagar
TXN-004539,SKU-0266,2024-07-13,2,1661,0,Online - Nykaa
TXN-004540,SKU-0266,2024-07-17,1,1661,0,Store - Indiranagar
TXN-004541,SKU-0266,2024-07-21,2,1329,20,Store - MG Road
TXN-004542,SKU-0266,2024-07-23,1,1661,0,Store - Indiranagar
TXN-004543,SKU-0266,2024-07-27,1,1661,0,Store - MG Road
TXN-004544,SKU-0266,2024-07-31,3,1661,0,Online - Instagram
TXN-004545,SKU-0266,2024-08-04,3,1246,25,Online - Instagram
TXN-004546,SKU-0266,2024-08-06,2,1661,0,Online - Nykaa
TXN-004547,SKU-0266,2024-08-10,1,1661,0,Online - Website
TXN-004548,SKU-0266,2024-08-14,2,1412,15,Online - Website
TXN-004549,SKU-0266,2024-08-16,1,1661,0,Store - Koramangala
TXN-004550,SKU-0266,2024-08-18,3,1661,0,Store - Indiranagar
TXN-004551,SKU-0266,2024-08-21,1,1246,25,Store - Indiranagar
TXN-004552,SKU-0266,2024-08-24,1,1412,15,Online - Instagram
TXN-004553,SKU-0266,2024-08-27,3,1661,0,Online - Website
TXN-004554,SKU-0266,2024-08-31,3,1661,0,Store - MG Road
TXN-004555,SKU-0266,2024-09-03,3,1661,0,Online - Instagram
TXN-004556,SKU-0266,2024-09-05,1,1661,0,Store - Indiranagar
TXN-004557,SKU-0266,2024-09-08,1,1661,0,Online - Instagram
TXN-004558,SKU-0266,2024-09-11,3,1661,0,Store - MG Road
TXN-004559,SKU-0266,2024-09-14,2,1412,15,Online - Nykaa
TXN-004560,SKU-0266,2024-09-16,1,1661,0,Online - Nykaa
TXN-004561,SKU-0266,2024-09-19,2,1661,0,Online - Nykaa
TXN-004562,SKU-0266,2024-09-23,1,1661,0,Online - Instagram
TXN-004563,SKU-0266,2024-09-26,2,1661,0,Online - Website
TXN-004564,SKU-0266,2024-09-29,3,1661,0,Store - Indiranagar
TXN-004565,SKU-0266,2024-10-03,1,1661,0,Store - Koramangala
TXN-004566,SKU-0266,2024-10-05,3,1661,0,Online - Website
TXN-004567,SKU-0266,2024-10-07,3,1661,0,Store - MG Road
TXN-004568,SKU-0266,2024-10-09,2,1329,20,Store - MG Road
TXN-004569,SKU-0267,2024-09-30,3,2662,0,Online - Website
TXN-004570,SKU-0267,2024-10-03,2,1996,25,Online - Nykaa
TXN-004571,SKU-0267,2024-10-07,2,2662,0,Online - Nykaa
TXN-004572,SKU-0267,2024-10-10,1,2263,15,Online - Nykaa
TXN-004573,SKU-0267,2024-10-13,3,2662,0,Online - Instagram
TXN-004574,SKU-0267,2024-10-17,3,2662,0,Online - Nykaa
TXN-004575,SKU-0267,2024-10-22,2,2662,0,Online - Instagram
TXN-004576,SKU-0267,2024-10-27,1,2662,0,Store - Indiranagar
TXN-004577,SKU-0267,2024-10-30,2,2662,0,Online - Website
TXN-004578,SKU-0267,2024-11-04,1,2396,10,Store - MG Road
TXN-004579,SKU-0267,2024-11-08,3,2263,15,Store - MG Road
TXN-004580,SKU-0267,2024-11-11,1,2662,0,Store - Koramangala
TXN-004581,SKU-0267,2024-11-15,2,2662,0,Store - Indiranagar
TXN-004582,SKU-0268,2024-09-12,2,1533,0,Store - MG Road
TXN-004583,SKU-0268,2024-09-13,3,1533,0,Online - Nykaa
TXN-004584,SKU-0268,2024-09-15,3,1533,0,Store - Koramangala
TXN-004585,SKU-0268,2024-09-16,2,1303,15,Store - MG Road
TXN-004586,SKU-0268,2024-09-17,1,1533,0,Online - Nykaa
TXN-004587,SKU-0268,2024-09-20,1,1533,0,Store - Indiranagar
TXN-004588,SKU-0268,2024-09-21,2,1380,10,Store - Indiranagar
TXN-004589,SKU-0268,2024-09-24,3,1533,0,Store - MG Road
TXN-004590,SKU-0268,2024-09-25,2,1380,10,Store - MG Road
TXN-004591,SKU-0268,2024-09-26,1,1533,0,Online - Website
TXN-004592,SKU-0268,2024-09-29,1,1533,0,Store - MG Road
TXN-004593,SKU-0268,2024-10-02,1,1533,0,Store - Indiranagar
TXN-004594,SKU-0268,2024-10-03,3,1533,0,Online - Instagram
TXN-004595,SKU-0268,2024-10-05,2,1533,0,Online - Website
TXN-004596,SKU-0268,2024-10-07,1,1533,0,Store - Indiranagar
TXN-004597,SKU-0268,2024-10-08,1,1533,0,Store - Koramangala
TXN-004598,SKU-0268,2024-10-09,2,1533,0,Store - Indiranagar
TXN-004599,SKU-0268,2024-10-10,3,1533,0,Online - Nykaa
TXN-004600,SKU-0268,2024-10-11,1,1533,0,Store - Indiranagar
TXN-004601,SKU-0268,2024-10-14,2,1533,0,Online - Website
TXN-004602,SKU-0268,2024-10-16,2,1533,0,Online - Nykaa
TXN-004603,SKU-0268,2024-10-19,3,1533,0,Online - Nykaa
TXN-004604,SKU-0268,2024-10-20,2,1533,0,Store - MG Road
TXN-004605,SKU-0268,2024-10-23,3,1533,0,Store - Koramangala
TXN-004606,SKU-0268,2024-10-24,3,1533,0,Online - Instagram
TXN-004607,SKU-0268,2024-10-26,1,1533,0,Store - Indiranagar
TXN-004608,SKU-0268,2024-10-27,2,1533,0,Online - Website
TXN-004609,SKU-0268,2024-10-29,2,1533,0,Store - Koramangala
TXN-004610,SKU-0268,2024-10-31,3,1303,15,Store - Indiranagar
TXN-004611,SKU-0268,2024-11-03,1,1533,0,Online - Website
TXN-004612,SKU-0268,2024-11-04,1,1533,0,Store - MG Road
TXN-004613,SKU-0268,2024-11-05,2,1533,0,Online - Nykaa
TXN-004614,SKU-0268,2024-11-06,1,1533,0,Store - Koramangala
TXN-004615,SKU-0268,2024-11-08,2,1533,0,Store - Koramangala
TXN-004616,SKU-0268,2024-11-10,1,1380,10,Online - Nykaa
TXN-004617,SKU-0268,2024-11-12,3,1533,0,Online - Website
TXN-004618,SKU-0268,2024-11-15,1,1533,0,Online - Website
TXN-004619,SKU-0268,2024-11-16,2,1533,0,Store - Indiranagar
TXN-004620,SKU-0268,2024-11-17,2,1533,0,Online - Website
TXN-004621,SKU-0268,2024-11-19,2,1150,25,Online - Instagram
TXN-004622,SKU-0268,2024-11-22,1,1533,0,Online - Website
TXN-004623,SKU-0268,2024-11-24,1,1533,0,Online - Instagram
TXN-004624,SKU-0268,2024-11-27,1,1533,0,Store - Koramangala
TXN-004625,SKU-0268,2024-11-30,2,1533,0,Online - Nykaa
TXN-004626,SKU-0269,2024-06-08,3,1300,15,Online - Instagram
TXN-004627,SKU-0269,2024-06-13,2,1529,0,Online - Website
TXN-004628,SKU-0269,2024-06-19,1,1529,0,Store - Koramangala
TXN-004629,SKU-0269,2024-06-24,2,1300,15,Store - MG Road
TXN-004630,SKU-0269,2024-06-29,2,1376,10,Online - Nykaa
TXN-004631,SKU-0269,2024-07-05,1,1529,0,Store - MG Road
TXN-004632,SKU-0269,2024-07-09,3,1529,0,Store - MG Road
TXN-004633,SKU-0269,2024-07-13,3,1529,0,Store - Indiranagar
TXN-004634,SKU-0269,2024-07-19,1,1529,0,Online - Website
TXN-004635,SKU-0269,2024-07-24,2,1529,0,Online - Website
TXN-004636,SKU-0269,2024-07-29,1,1529,0,Online - Instagram
TXN-004637,SKU-0269,2024-08-03,2,1529,0,Store - MG Road
TXN-004638,SKU-0269,2024-08-08,3,1529,0,Store - MG Road
TXN-004639,SKU-0269,2024-08-12,1,1529,0,Online - Nykaa
TXN-004640,SKU-0269,2024-08-16,3,1529,0,Online - Instagram
TXN-004641,SKU-0269,2024-08-20,1,1529,0,Online - Website
TXN-004642,SKU-0269,2024-08-25,1,1376,10,Online - Website
TXN-004643,SKU-0269,2024-08-30,3,1529,0,Online - Website
TXN-004644,SKU-0270,2024-09-25,1,1652,0,Store - MG Road
TXN-004645,SKU-0270,2024-09-26,3,1652,0,Online - Website
TXN-004646,SKU-0270,2024-09-27,1,1652,0,Online - Instagram
TXN-004647,SKU-0270,2024-09-28,3,1652,0,Online - Nykaa
TXN-004648,SKU-0270,2024-09-29,3,1652,0,Store - Indiranagar
TXN-004649,SKU-0270,2024-10-02,2,1652,0,Online - Website
TXN-004650,SKU-0270,2024-10-04,3,1652,0,Store - MG Road
TXN-004651,SKU-0270,2024-10-05,2,1404,15,Online - Instagram
TXN-004652,SKU-0270,2024-10-06,2,1652,0,Store - Koramangala
TXN-004653,SKU-0270,2024-10-07,3,1652,0,Online - Nykaa
TXN-004654,SKU-0270,2024-10-10,2,1652,0,Store - Indiranagar
TXN-004655,SKU-0270,2024-10-13,3,1322,20,Online - Instagram
TXN-004656,SKU-0270,2024-10-16,2,1652,0,Store - MG Road
TXN-004657,SKU-0270,2024-10-18,2,1652,0,Store - MG Road
TXN-004658,SKU-0270,2024-10-20,2,1487,10,Online - Instagram
TXN-004659,SKU-0270,2024-10-21,2,1652,0,Online - Nykaa
TXN-004660,SKU-0270,2024-10-24,1,1652,0,Online - Website
TXN-004661,SKU-0270,2024-10-26,1,1652,0,Store - MG Road
TXN-004662,SKU-0270,2024-10-29,1,1652,0,Online - Website
TXN-004663,SKU-0270,2024-10-31,3,1652,0,Store - MG Road
TXN-004664,SKU-0270,2024-11-03,2,1404,15,Store - Indiranagar
TXN-004665,SKU-0270,2024-11-04,3,1652,0,Online - Nykaa
TXN-004666,SKU-0270,2024-11-06,2,1652,0,Online - Instagram
TXN-004667,SKU-0270,2024-11-09,1,1652,0,Online - Nykaa
TXN-004668,SKU-0270,2024-11-11,1,1652,0,Store - Indiranagar
TXN-004669,SKU-0270,2024-11-13,2,1404,15,Store - Koramangala
TXN-004670,SKU-0270,2024-11-14,1,1487,10,Store - MG Road
TXN-004671,SKU-0270,2024-11-17,2,1652,0,Store - Indiranagar
TXN-004672,SKU-0270,2024-11-18,2,1652,0,Store - MG Road
TXN-004673,SKU-0270,2024-11-20,2,1652,0,Store - Indiranagar
TXN-004674,SKU-0270,2024-11-23,3,1652,0,Store - Koramangala
TXN-004675,SKU-0270,2024-11-26,2,1652,0,Online - Nykaa
TXN-004676,SKU-0270,2024-11-27,3,1652,0,Online - Website
TXN-004677,SKU-0270,2024-11-28,3,1322,20,Store - MG Road
TXN-004678,SKU-0270,2024-11-30,2,1652,0,Store - Koramangala
TXN-004679,SKU-0271,2024-07-07,1,2298,0,Online - Instagram
TXN-004680,SKU-0271,2024-07-12,3,1838,20,Store - Koramangala
TXN-004681,SKU-0271,2024-07-17,2,1953,15,Store - Koramangala
TXN-004682,SKU-0271,2024-07-22,3,2068,10,Online - Website
TXN-004683,SKU-0271,2024-07-28,3,2298,0,Store - MG Road
TXN-004684,SKU-0271,2024-08-03,2,1838,20,Online - Nykaa
TXN-004685,SKU-0271,2024-08-08,2,2298,0,Store - Indiranagar
TXN-004686,SKU-0271,2024-08-14,2,2298,0,Online - Nykaa
TXN-004687,SKU-0271,2024-08-19,3,2298,0,Online - Nykaa
TXN-004688,SKU-0271,2024-08-25,1,2298,0,Online - Instagram
TXN-004689,SKU-0271,2024-08-30,1,2298,0,Online - Nykaa
TXN-004690,SKU-0271,2024-09-03,2,2298,0,Online - Nykaa
TXN-004691,SKU-0271,2024-09-09,1,2298,0,Online - Website
TXN-004692,SKU-0271,2024-09-13,2,2068,10,Online - Website
TXN-004693,SKU-0271,2024-09-19,3,1838,20,Store - MG Road
TXN-004694,SKU-0271,2024-09-23,1,2298,0,Store - MG Road
TXN-004695,SKU-0271,2024-09-29,1,2298,0,Store - MG Road
TXN-004696,SKU-0271,2024-10-03,2,2068,10,Store - Indiranagar
TXN-004697,SKU-0272,2024-09-11,3,2252,10,Store - MG Road
TXN-004698,SKU-0272,2024-09-16,2,2127,15,Store - MG Road
TXN-004699,SKU-0272,2024-09-19,2,2502,0,Online - Instagram
TXN-004700,SKU-0272,2024-09-24,3,2502,0,Store - MG Road
TXN-004701,SKU-0272,2024-09-29,1,1876,25,Store - MG Road
TXN-004702,SKU-0272,2024-10-03,2,2252,10,Store - MG Road
TXN-004703,SKU-0272,2024-10-07,1,2502,0,Online - Nykaa
TXN-004704,SKU-0272,2024-10-12,1,2502,0,Store - Indiranagar
TXN-004705,SKU-0272,2024-10-15,3,2502,0,Online - Website
TXN-004706,SKU-0272,2024-10-18,1,2502,0,Online - Website
TXN-004707,SKU-0272,2024-10-22,3,2252,10,Store - Indiranagar
TXN-004708,SKU-0272,2024-10-27,1,2502,0,Store - Koramangala
TXN-004709,SKU-0272,2024-11-01,3,2502,0,Store - Koramangala
TXN-004710,SKU-0272,2024-11-04,3,2502,0,Store - MG Road
TXN-004711,SKU-0272,2024-11-07,2,2502,0,Store - Indiranagar
TXN-004712,SKU-0273,2024-10-18,1,1866,0,Store - Koramangala
TXN-004713,SKU-0273,2024-10-20,1,1866,0,Store - Koramangala
TXN-004714,SKU-0273,2024-10-21,1,1866,0,Store - MG Road
TXN-004715,SKU-0273,2024-10-24,3,1866,0,Store - Indiranagar
TXN-004716,SKU-0273,2024-10-25,3,1493,20,Online - Nykaa
TXN-004717,SKU-0273,2024-10-26,3,1866,0,Online - Website
TXN-004718,SKU-0273,2024-10-27,3,1866,0,Store - MG Road
TXN-004719,SKU-0273,2024-10-30,1,1866,0,Online - Nykaa
TXN-004720,SKU-0273,2024-10-31,2,1866,0,Online - Instagram
TXN-004721,SKU-0273,2024-11-02,3,1400,25,Store - Koramangala
TXN-004722,SKU-0273,2024-11-03,1,1866,0,Online - Instagram
TXN-004723,SKU-0273,2024-11-04,1,1866,0,Store - MG Road
TXN-004724,SKU-0273,2024-11-06,3,1866,0,Store - Koramangala
TXN-004725,SKU-0273,2024-11-08,3,1866,0,Online - Nykaa
TXN-004726,SKU-0273,2024-11-09,3,1866,0,Online - Website
TXN-004727,SKU-0273,2024-11-12,1,1679,10,Online - Instagram
TXN-004728,SKU-0273,2024-11-15,3,1866,0,Online - Website
TXN-004729,SKU-0273,2024-11-16,2,1866,0,Online - Website
TXN-004730,SKU-0273,2024-11-18,2,1586,15,Online - Nykaa
TXN-004731,SKU-0273,2024-11-20,2,1866,0,Store - Indiranagar
TXN-004732,SKU-0273,2024-11-22,3,1866,0,Online - Instagram
TXN-004733,SKU-0273,2024-11-24,3,1679,10,Online - Website
TXN-004734,SKU-0273,2024-11-26,3,1866,0,Store - Indiranagar
TXN-004735,SKU-0273,2024-11-28,3,1679,10,Online - Website
TXN-004736,SKU-0273,2024-11-29,2,1866,0,Online - Nykaa
TXN-004737,SKU-0274,2024-11-07,1,1781,0,Store - Indiranagar
TXN-004738,SKU-0274,2024-11-09,1,1781,0,Online - Nykaa
TXN-004739,SKU-0274,2024-11-12,3,1603,10,Store - MG Road
TXN-004740,SKU-0274,2024-11-13,2,1425,20,Online - Website
TXN-004741,SKU-0274,2024-11-16,2,1514,15,Store - Indiranagar
TXN-004742,SKU-0274,2024-11-17,3,1781,0,Store - Koramangala
TXN-004743,SKU-0274,2024-11-18,1,1781,0,Online - Nykaa
TXN-004744,SKU-0274,2024-11-21,3,1425,20,Online - Website
TXN-004745,SKU-0274,2024-11-24,3,1514,15,Store - MG Road
TXN-004746,SKU-0274,2024-11-27,1,1781,0,Online - Nykaa
TXN-004747,SKU-0274,2024-11-28,1,1336,25,Store - MG Road
TXN-004748,SKU-0274,2024-11-29,1,1781,0,Store - MG Road
TXN-004749,SKU-0275,2024-06-22,3,2522,0,Online - Website
TXN-004750,SKU-0275,2024-06-29,1,2522,0,Online - Website
TXN-004751,SKU-0275,2024-07-04,2,2522,0,Store - MG Road
TXN-004752,SKU-0275,2024-07-11,3,2522,0,Online - Nykaa
TXN-004753,SKU-0275,2024-07-18,3,2522,0,Online - Instagram
TXN-004754,SKU-0275,2024-07-24,2,2522,0,Store - Koramangala
TXN-004755,SKU-0275,2024-07-30,3,2144,15,Online - Instagram
TXN-004756,SKU-0275,2024-08-06,1,2522,0,Online - Instagram
TXN-004757,SKU-0275,2024-08-11,1,2522,0,Online - Instagram
TXN-004758,SKU-0275,2024-08-18,1,2522,0,Online - Nykaa
TXN-004759,SKU-0275,2024-08-23,2,2522,0,Store - MG Road
TXN-004760,SKU-0275,2024-08-30,3,2522,0,Store - MG Road
TXN-004761,SKU-0275,2024-09-06,1,2522,0,Store - MG Road
TXN-004762,SKU-0275,2024-09-12,2,2144,15,Store - Indiranagar
TXN-004763,SKU-0276,2024-08-09,1,2184,0,Online - Nykaa
TXN-004764,SKU-0276,2024-08-11,1,2184,0,Online - Website
TXN-004765,SKU-0276,2024-08-14,2,2184,0,Online - Nykaa
TXN-004766,SKU-0276,2024-08-16,3,2184,0,Online - Instagram
TXN-004767,SKU-0276,2024-08-20,1,2184,0,Store - MG Road
TXN-004768,SKU-0276,2024-08-22,3,2184,0,Online - Website
TXN-004769,SKU-0276,2024-08-25,2,1966,10,Online - Nykaa
TXN-004770,SKU-0276,2024-08-28,3,1966,10,Store - Indiranagar
TXN-004771,SKU-0276,2024-08-30,3,1638,25,Online - Website
TXN-004772,SKU-0276,2024-09-01,3,2184,0,Store - MG Road
TXN-004773,SKU-0276,2024-09-03,3,2184,0,Online - Instagram
TXN-004774,SKU-0276,2024-09-06,2,1966,10,Store - MG Road
TXN-004775,SKU-0276,2024-09-10,2,2184,0,Store - MG Road
TXN-004776,SKU-0276,2024-09-13,2,2184,0,Store - MG Road
TXN-004777,SKU-0276,2024-09-17,3,2184,0,Online - Nykaa
TXN-004778,SKU-0276,2024-09-19,1,1966,10,Online - Website
TXN-004779,SKU-0276,2024-09-23,1,2184,0,Store - Indiranagar
TXN-004780,SKU-0276,2024-09-25,1,2184,0,Store - Koramangala
TXN-004781,SKU-0276,2024-09-28,1,1966,10,Online - Nykaa
TXN-004782,SKU-0277,2024-09-16,3,1366,25,Online - Nykaa
TXN-004783,SKU-0277,2024-09-27,1,1821,0,Online - Nykaa
TXN-004784,SKU-0277,2024-10-06,1,1821,0,Online - Website
TXN-004785,SKU-0277,2024-10-15,1,1821,0,Store - Indiranagar
TXN-004786,SKU-0277,2024-10-25,2,1821,0,Store - MG Road
TXN-004787,SKU-0278,2024-07-08,3,1997,0,Online - Instagram
TXN-004788,SKU-0278,2024-07-12,1,1997,0,Store - MG Road
TXN-004789,SKU-0278,2024-07-14,1,1997,0,Store - Koramangala
TXN-004790,SKU-0278,2024-07-16,2,1997,0,Store - MG Road
TXN-004791,SKU-0278,2024-07-20,1,1997,0,Online - Instagram
TXN-004792,SKU-0278,2024-07-23,3,1997,0,Store - Koramangala
TXN-004793,SKU-0278,2024-07-25,1,1697,15,Store - Indiranagar
TXN-004794,SKU-0278,2024-07-29,1,1997,0,Online - Nykaa
TXN-004795,SKU-0278,2024-08-01,2,1997,0,Store - Indiranagar
TXN-004796,SKU-0278,2024-08-05,3,1997,0,Store - Koramangala
TXN-004797,SKU-0278,2024-08-08,3,1997,0,Online - Website
TXN-004798,SKU-0278,2024-08-12,1,1797,10,Store - Indiranagar
TXN-004799,SKU-0278,2024-08-16,3,1997,0,Online - Nykaa
TXN-004800,SKU-0278,2024-08-19,1,1997,0,Store - Indiranagar
TXN-004801,SKU-0278,2024-08-23,1,1997,0,Store - MG Road
TXN-004802,SKU-0278,2024-08-27,1,1997,0,Online - Nykaa
TXN-004803,SKU-0278,2024-08-31,2,1997,0,Store - Indiranagar
TXN-004804,SKU-0278,2024-09-02,3,1997,0,Online - Nykaa
TXN-004805,SKU-0278,2024-09-05,2,1997,0,Store - Koramangala
TXN-004806,SKU-0278,2024-09-09,1,1997,0,Store - Koramangala
TXN-004807,SKU-0278,2024-09-12,2,1997,0,Store - Indiranagar
TXN-004808,SKU-0278,2024-09-14,2,1997,0,Store - Koramangala
TXN-004809,SKU-0278,2024-09-17,2,1997,0,Online - Website
TXN-004810,SKU-0278,2024-09-19,3,1498,25,Online - Instagram
TXN-004811,SKU-0278,2024-09-23,2,1598,20,Online - Nykaa
TXN-004812,SKU-0278,2024-09-25,3,1997,0,Online - Instagram
TXN-004813,SKU-0278,2024-09-28,3,1997,0,Store - Koramangala
TXN-004814,SKU-0278,2024-10-02,1,1997,0,Online - Instagram
TXN-004815,SKU-0278,2024-10-06,3,1697,15,Online - Nykaa
TXN-004816,SKU-0278,2024-10-10,1,1997,0,Store - Indiranagar
TXN-004817,SKU-0278,2024-10-13,1,1997,0,Store - Indiranagar
TXN-004818,SKU-0278,2024-10-17,2,1697,15,Online - Nykaa
TXN-004819,SKU-0278,2024-10-20,1,1997,0,Store - MG Road
TXN-004820,SKU-0278,2024-10-22,2,1997,0,Online - Instagram
TXN-004821,SKU-0279,2024-09-21,3,1742,15,Online - Website
TXN-004822,SKU-0279,2024-09-25,1,2049,0,Online - Website
TXN-004823,SKU-0279,2024-09-30,1,2049,0,Store - MG Road
TXN-004824,SKU-0279,2024-10-05,1,1639,20,Store - Indiranagar
TXN-004825,SKU-0279,2024-10-10,2,2049,0,Online - Nykaa
TXN-004826,SKU-0279,2024-10-15,1,1844,10,Store - Koramangala
TXN-004827,SKU-0279,2024-10-18,1,1844,10,Store - MG Road
TXN-004828,SKU-0279,2024-10-23,2,2049,0,Store - Koramangala
TXN-004829,SKU-0279,2024-10-27,3,1844,10,Online - Nykaa
TXN-004830,SKU-0279,2024-10-31,2,2049,0,Online - Website
TXN-004831,SKU-0279,2024-11-05,1,2049,0,Online - Instagram
TXN-004832,SKU-0279,2024-11-08,1,2049,0,Online - Nykaa
TXN-004833,SKU-0279,2024-11-13,1,2049,0,Store - MG Road
TXN-004834,SKU-0279,2024-11-16,1,1639,20,Store - MG Road
TXN-004835,SKU-0279,2024-11-21,2,2049,0,Store - MG Road
TXN-004836,SKU-0279,2024-11-25,2,2049,0,Online - Website
TXN-004837,SKU-0279,2024-11-28,3,1537,25,Store - Indiranagar
TXN-004838,SKU-0280,2024-08-28,1,1892,0,Online - Website
TXN-004839,SKU-0280,2024-08-31,2,1514,20,Store - Indiranagar
TXN-004840,SKU-0280,2024-09-04,1,1892,0,Online - Instagram
TXN-004841,SKU-0280,2024-09-07,3,1892,0,Store - Koramangala
TXN-004842,SKU-0280,2024-09-11,2,1514,20,Online - Nykaa
TXN-004843,SKU-0280,2024-09-15,3,1892,0,Online - Website
TXN-004844,SKU-0280,2024-09-19,2,1892,0,Online - Instagram
TXN-004845,SKU-0280,2024-09-24,3,1419,25,Online - Website
TXN-004846,SKU-0280,2024-09-29,3,1892,0,Store - Koramangala
TXN-004847,SKU-0280,2024-10-02,3,1892,0,Online - Website
TXN-004848,SKU-0280,2024-10-06,3,1514,20,Online - Website
TXN-004849,SKU-0280,2024-10-09,1,1892,0,Online - Nykaa
TXN-004850,SKU-0280,2024-10-13,2,1892,0,Store - MG Road
TXN-004851,SKU-0280,2024-10-16,2,1892,0,Online - Website
TXN-004852,SKU-0280,2024-10-21,3,1608,15,Online - Nykaa
TXN-004853,SKU-0280,2024-10-25,1,1892,0,Store - Indiranagar
TXN-004854,SKU-0281,2024-06-22,1,1794,0,Store - MG Road
TXN-004855,SKU-0281,2024-06-25,1,1794,0,Store - Koramangala
TXN-004856,SKU-0281,2024-06-29,3,1794,0,Store - Indiranagar
TXN-004857,SKU-0281,2024-07-02,3,1525,15,Online - Nykaa
TXN-004858,SKU-0281,2024-07-05,1,1525,15,Store - Indiranagar
TXN-004859,SKU-0281,2024-07-09,2,1794,0,Online - Nykaa
TXN-004860,SKU-0281,2024-07-14,2,1615,10,Online - Nykaa
TXN-004861,SKU-0281,2024-07-19,3,1794,0,Online - Nykaa
TXN-004862,SKU-0281,2024-07-24,2,1794,0,Online - Website
TXN-004863,SKU-0281,2024-07-27,3,1794,0,Store - Koramangala
TXN-004864,SKU-0281,2024-07-30,2,1435,20,Store - MG Road
TXN-004865,SKU-0281,2024-08-02,2,1794,0,Store - Indiranagar
TXN-004866,SKU-0281,2024-08-07,1,1794,0,Online - Website
TXN-004867,SKU-0281,2024-08-11,3,1794,0,Online - Instagram
TXN-004868,SKU-0281,2024-08-16,3,1794,0,Store - MG Road
TXN-004869,SKU-0281,2024-08-21,3,1346,25,Store - Koramangala
TXN-004870,SKU-0281,2024-08-25,1,1615,10,Online - Instagram
TXN-004871,SKU-0281,2024-08-29,1,1794,0,Online - Nykaa
TXN-004872,SKU-0281,2024-09-01,2,1794,0,Online - Nykaa
TXN-004873,SKU-0281,2024-09-05,1,1794,0,Online - Instagram
TXN-004874,SKU-0281,2024-09-09,2,1525,15,Store - Indiranagar
TXN-004875,SKU-0281,2024-09-13,2,1435,20,Store - Koramangala
TXN-004876,SKU-0281,2024-09-16,1,1794,0,Store - MG Road
TXN-004877,SKU-0281,2024-09-21,1,1794,0,Online - Website
TXN-004878,SKU-0281,2024-09-25,2,1794,0,Online - Nykaa
TXN-004879,SKU-0281,2024-09-28,1,1794,0,Online - Instagram
TXN-004880,SKU-0281,2024-10-02,3,1615,10,Online - Website
TXN-004881,SKU-0281,2024-10-07,1,1794,0,Online - Instagram
TXN-004882,SKU-0282,2024-08-28,3,2023,0,Store - Koramangala
TXN-004883,SKU-0282,2024-08-30,1,1821,10,Store - Koramangala
TXN-004884,SKU-0282,2024-09-03,1,2023,0,Store - Koramangala
TXN-004885,SKU-0282,2024-09-06,3,2023,0,Online - Instagram
TXN-004886,SKU-0282,2024-09-08,3,2023,0,Online - Nykaa
TXN-004887,SKU-0282,2024-09-12,2,2023,0,Store - Koramangala
TXN-004888,SKU-0282,2024-09-15,2,1821,10,Online - Instagram
TXN-004889,SKU-0282,2024-09-17,2,2023,0,Store - MG Road
TXN-004890,SKU-0282,2024-09-20,1,1618,20,Online - Instagram
TXN-004891,SKU-0282,2024-09-23,2,1720,15,Store - Indiranagar
TXN-004892,SKU-0282,2024-09-27,3,1720,15,Store - Koramangala
TXN-004893,SKU-0282,2024-09-30,2,2023,0,Store - MG Road
TXN-004894,SKU-0282,2024-10-02,3,2023,0,Store - Indiranagar
TXN-004895,SKU-0282,2024-10-04,3,2023,0,Online - Website
TXN-004896,SKU-0283,2024-10-07,1,1420,0,Store - Koramangala
TXN-004897,SKU-0283,2024-10-18,1,1420,0,Online - Nykaa
TXN-004898,SKU-0283,2024-10-28,3,1420,0,Online - Nykaa
TXN-004899,SKU-0283,2024-11-07,1,1420,0,Online - Instagram
TXN-004900,SKU-0284,2024-10-01,1,1971,0,Store - MG Road
TXN-004901,SKU-0284,2024-10-08,1,1774,10,Store - MG Road
TXN-004902,SKU-0284,2024-10-16,1,1971,0,Store - Koramangala
TXN-004903,SKU-0284,2024-10-23,3,1971,0,Store - Koramangala
TXN-004904,SKU-0284,2024-10-29,3,1971,0,Online - Nykaa
TXN-004905,SKU-0285,2024-10-15,1,2114,0,Store - Indiranagar
TXN-004906,SKU-0285,2024-10-20,1,2114,0,Store - Indiranagar
TXN-004907,SKU-0285,2024-10-25,2,2114,0,Online - Website
TXN-004908,SKU-0285,2024-10-28,3,2114,0,Store - MG Road
TXN-004909,SKU-0285,2024-11-02,3,2114,0,Store - MG Road
TXN-004910,SKU-0285,2024-11-07,3,2114,0,Online - Nykaa
TXN-004911,SKU-0285,2024-11-11,1,1903,10,Online - Nykaa
TXN-004912,SKU-0285,2024-11-14,3,1691,20,Online - Instagram
TXN-004913,SKU-0285,2024-11-18,3,2114,0,Online - Instagram
TXN-004914,SKU-0285,2024-11-23,3,2114,0,Online - Website
TXN-004915,SKU-0285,2024-11-28,1,2114,0,Online - Instagram
TXN-004916,SKU-0286,2024-09-10,2,2255,0,Store - Indiranagar
TXN-004917,SKU-0286,2024-09-15,1,2255,0,Online - Website
TXN-004918,SKU-0286,2024-09-19,1,2030,10,Online - Instagram
TXN-004919,SKU-0286,2024-09-23,2,2030,10,Store - Koramangala
TXN-004920,SKU-0286,2024-09-27,2,2030,10,Online - Website
TXN-004921,SKU-0286,2024-10-01,1,2255,0,Store - Indiranagar
TXN-004922,SKU-0286,2024-10-06,3,2255,0,Online - Instagram
TXN-004923,SKU-0286,2024-10-09,1,2255,0,Store - Koramangala
TXN-004924,SKU-0286,2024-10-14,1,2255,0,Online - Website
TXN-004925,SKU-0286,2024-10-17,1,2255,0,Store - Koramangala
TXN-004926,SKU-0286,2024-10-21,2,2255,0,Store - Indiranagar
TXN-004927,SKU-0286,2024-10-24,3,2255,0,Store - MG Road
TXN-004928,SKU-0286,2024-10-28,1,2255,0,Store - Indiranagar
TXN-004929,SKU-0286,2024-11-02,2,2255,0,Store - Indiranagar
TXN-004930,SKU-0286,2024-11-07,3,2255,0,Store - Koramangala
TXN-004931,SKU-0286,2024-11-11,3,1804,20,Online - Instagram
TXN-004932,SKU-0286,2024-11-16,3,2030,10,Online - Nykaa
TXN-004933,SKU-0286,2024-11-19,2,1917,15,Online - Instagram
TXN-004934,SKU-0286,2024-11-22,3,2255,0,Online - Website
TXN-004935,SKU-0286,2024-11-25,3,2255,0,Store - Koramangala
TXN-004936,SKU-0286,2024-11-30,3,2255,0,Online - Nykaa
TXN-004937,SKU-0287,2024-06-19,3,1807,0,Store - Indiranagar
TXN-004938,SKU-0287,2024-07-01,1,1807,0,Online - Instagram
TXN-004939,SKU-0287,2024-07-14,1,1807,0,Store - Koramangala
TXN-004940,SKU-0287,2024-07-28,3,1807,0,Store - MG Road
TXN-004941,SKU-0287,2024-08-09,1,1807,0,Store - Koramangala
TXN-004942,SKU-0287,2024-08-21,3,1807,0,Store - Koramangala
TXN-004943,SKU-0287,2024-09-02,1,1807,0,Store - Koramangala
TXN-004944,SKU-0288,2024-07-02,1,2121,20,Online - Instagram
TXN-004945,SKU-0288,2024-07-05,1,2386,10,Store - Koramangala
TXN-004946,SKU-0288,2024-07-07,1,2651,0,Store - MG Road
TXN-004947,SKU-0288,2024-07-10,1,2651,0,Online - Instagram
TXN-004948,SKU-0288,2024-07-11,3,2253,15,Store - Koramangala
TXN-004949,SKU-0288,2024-07-13,2,2121,20,Online - Instagram
TXN-004950,SKU-0288,2024-07-15,3,2651,0,Online - Instagram
TXN-004951,SKU-0288,2024-07-18,1,2651,0,Store - Indiranagar
TXN-004952,SKU-0288,2024-07-21,1,1988,25,Online - Nykaa
TXN-004953,SKU-0288,2024-07-22,3,2253,15,Online - Instagram
TXN-004954,SKU-0288,2024-07-23,2,2651,0,Store - MG Road
TXN-004955,SKU-0288,2024-07-25,1,2121,20,Online - Instagram
TXN-004956,SKU-0288,2024-07-28,1,2651,0,Store - Indiranagar
TXN-004957,SKU-0288,2024-07-31,3,2651,0,Store - MG Road
TXN-004958,SKU-0288,2024-08-02,1,2651,0,Store - MG Road
TXN-004959,SKU-0288,2024-08-04,2,2651,0,Online - Instagram
TXN-004960,SKU-0288,2024-08-05,1,2651,0,Online - Nykaa
TXN-004961,SKU-0288,2024-08-06,3,2651,0,Store - MG Road
TXN-004962,SKU-0288,2024-08-09,2,2386,10,Online - Nykaa
TXN-004963,SKU-0288,2024-08-12,2,2651,0,Store - Koramangala
TXN-004964,SKU-0288,2024-08-15,1,2386,10,Store - Indiranagar
TXN-004965,SKU-0288,2024-08-18,1,2651,0,Store - MG Road
TXN-004966,SKU-0288,2024-08-21,3,2651,0,Online - Instagram
TXN-004967,SKU-0288,2024-08-24,1,2651,0,Store - Indiranagar
TXN-004968,SKU-0288,2024-08-26,3,2651,0,Online - Website
TXN-004969,SKU-0288,2024-08-27,2,2651,0,Store - Indiranagar
TXN-004970,SKU-0288,2024-08-28,2,2253,15,Store - Indiranagar
TXN-004971,SKU-0288,2024-08-30,3,2386,10,Online - Instagram
TXN-004972,SKU-0288,2024-09-01,3,2651,0,Store - Indiranagar
TXN-004973,SKU-0288,2024-09-04,3,2651,0,Online - Instagram
TXN-004974,SKU-0288,2024-09-07,1,2651,0,Online - Website
TXN-004975,SKU-0288,2024-09-08,1,2651,0,Online - Website
TXN-004976,SKU-0288,2024-09-10,3,2651,0,Online - Website
TXN-004977,SKU-0288,2024-09-13,2,2651,0,Online - Website
TXN-004978,SKU-0288,2024-09-14,2,2651,0,Store - MG Road
TXN-004979,SKU-0288,2024-09-15,3,2651,0,Online - Nykaa
TXN-004980,SKU-0288,2024-09-17,1,2651,0,Store - MG Road
TXN-004981,SKU-0288,2024-09-20,2,2651,0,Online - Website
TXN-004982,SKU-0288,2024-09-21,2,2651,0,Store - MG Road
TXN-004983,SKU-0288,2024-09-22,2,2253,15,Store - MG Road
TXN-004984,SKU-0288,2024-09-23,2,2651,0,Store - Indiranagar
TXN-004985,SKU-0288,2024-09-26,3,2121,20,Online - Nykaa
TXN-004986,SKU-0288,2024-09-29,1,2651,0,Store - MG Road
TXN-004987,SKU-0288,2024-10-01,1,2386,10,Online - Website
TXN-004988,SKU-0288,2024-10-02,1,2651,0,Store - Koramangala
TXN-004989,SKU-0288,2024-10-05,1,2651,0,Online - Website
TXN-004990,SKU-0288,2024-10-06,2,2651,0,Store - Koramangala
TXN-004991,SKU-0289,2024-08-16,1,2172,0,Online - Website
TXN-004992,SKU-0289,2024-08-18,2,2172,0,Store - Indiranagar
TXN-004993,SKU-0289,2024-08-21,3,2172,0,Store - Koramangala
TXN-004994,SKU-0289,2024-08-23,3,2172,0,Store - MG Road
TXN-004995,SKU-0289,2024-08-25,3,1846,15,Store - MG Road
TXN-004996,SKU-0289,2024-08-28,2,1629,25,Store - Indiranagar
TXN-004997,SKU-0289,2024-08-30,2,2172,0,Online - Instagram
TXN-004998,SKU-0289,2024-08-31,2,2172,0,Online - Instagram
TXN-004999,SKU-0289,2024-09-02,1,2172,0,Store - MG Road
TXN-005000,SKU-0289,2024-09-04,2,2172,0,Store - Indiranagar
TXN-005001,SKU-0289,2024-09-07,2,2172,0,Store - MG Road
TXN-005002,SKU-0289,2024-09-08,2,2172,0,Online - Website
TXN-005003,SKU-0289,2024-09-10,3,1955,10,Online - Instagram
TXN-005004,SKU-0289,2024-09-13,2,2172,0,Online - Nykaa
TXN-005005,SKU-0289,2024-09-15,3,2172,0,Store - MG Road
TXN-005006,SKU-0289,2024-09-16,2,2172,0,Online - Website
TXN-005007,SKU-0289,2024-09-19,2,2172,0,Store - Indiranagar
TXN-005008,SKU-0289,2024-09-21,2,2172,0,Store - Koramangala
TXN-005009,SKU-0289,2024-09-23,2,2172,0,Store - Indiranagar
TXN-005010,SKU-0289,2024-09-26,3,2172,0,Online - Instagram
TXN-005011,SKU-0289,2024-09-29,3,2172,0,Online - Website
TXN-005012,SKU-0289,2024-10-02,3,2172,0,Online - Instagram
TXN-005013,SKU-0289,2024-10-05,1,2172,0,Store - Indiranagar
TXN-005014,SKU-0289,2024-10-06,3,2172,0,Store - Koramangala
TXN-005015,SKU-0289,2024-10-07,1,2172,0,Online - Nykaa
TXN-005016,SKU-0289,2024-10-09,3,1955,10,Online - Instagram
TXN-005017,SKU-0289,2024-10-11,2,1955,10,Store - Koramangala
TXN-005018,SKU-0289,2024-10-13,3,2172,0,Store - MG Road
TXN-005019,SKU-0289,2024-10-15,1,1738,20,Online - Website
TXN-005020,SKU-0289,2024-10-18,1,2172,0,Online - Website
TXN-005021,SKU-0289,2024-10-21,2,2172,0,Store - Indiranagar
TXN-005022,SKU-0289,2024-10-23,2,2172,0,Online - Nykaa
TXN-005023,SKU-0289,2024-10-24,3,2172,0,Store - Indiranagar
TXN-005024,SKU-0289,2024-10-25,2,2172,0,Store - Indiranagar
TXN-005025,SKU-0290,2024-06-18,3,1759,0,Online - Nykaa
TXN-005026,SKU-0290,2024-07-30,1,1759,0,Online - Nykaa
TXN-005027,SKU-0291,2024-09-01,1,2235,0,Online - Website
TXN-005028,SKU-0291,2024-09-04,3,2235,0,Store - MG Road
TXN-005029,SKU-0291,2024-09-07,2,2235,0,Store - Koramangala
TXN-005030,SKU-0291,2024-09-09,2,2235,0,Online - Website
TXN-005031,SKU-0291,2024-09-12,3,2235,0,Online - Nykaa
TXN-005032,SKU-0291,2024-09-13,1,1900,15,Store - Indiranagar
TXN-005033,SKU-0291,2024-09-16,1,2235,0,Store - MG Road
TXN-005034,SKU-0291,2024-09-18,3,1900,15,Store - Indiranagar
TXN-005035,SKU-0291,2024-09-19,1,2235,0,Online - Nykaa
TXN-005036,SKU-0291,2024-09-22,1,2235,0,Store - Koramangala
TXN-005037,SKU-0291,2024-09-24,1,2235,0,Store - Koramangala
TXN-005038,SKU-0291,2024-09-25,1,1900,15,Store - Indiranagar
TXN-005039,SKU-0291,2024-09-26,1,2235,0,Store - Koramangala
TXN-005040,SKU-0291,2024-09-27,1,2235,0,Online - Instagram
TXN-005041,SKU-0291,2024-09-28,2,2235,0,Store - Indiranagar
TXN-005042,SKU-0291,2024-10-01,1,2235,0,Store - Indiranagar
TXN-005043,SKU-0291,2024-10-04,1,1900,15,Online - Instagram
TXN-005044,SKU-0291,2024-10-06,3,2235,0,Online - Website
TXN-005045,SKU-0291,2024-10-07,3,2235,0,Online - Instagram
TXN-005046,SKU-0291,2024-10-09,3,2235,0,Store - Koramangala
TXN-005047,SKU-0291,2024-10-11,3,2235,0,Online - Website
TXN-005048,SKU-0291,2024-10-12,2,2235,0,Store - MG Road
TXN-005049,SKU-0291,2024-10-13,2,2012,10,Store - Koramangala
TXN-005050,SKU-0291,2024-10-16,3,2235,0,Store - MG Road
TXN-005051,SKU-0291,2024-10-18,1,1676,25,Online - Nykaa
TXN-005052,SKU-0291,2024-10-20,2,2235,0,Online - Nykaa
TXN-005053,SKU-0291,2024-10-23,2,1788,20,Store - Indiranagar
TXN-005054,SKU-0291,2024-10-24,1,2235,0,Store - MG Road
TXN-005055,SKU-0291,2024-10-27,2,2235,0,Online - Website
TXN-005056,SKU-0291,2024-10-29,3,2235,0,Online - Nykaa
TXN-005057,SKU-0291,2024-10-31,2,2235,0,Store - Indiranagar
TXN-005058,SKU-0291,2024-11-02,3,2235,0,Store - Indiranagar
TXN-005059,SKU-0291,2024-11-05,3,2235,0,Store - MG Road
TXN-005060,SKU-0291,2024-11-08,2,2235,0,Store - Indiranagar
TXN-005061,SKU-0291,2024-11-09,1,2235,0,Online - Instagram
TXN-005062,SKU-0291,2024-11-12,2,2235,0,Store - Indiranagar
TXN-005063,SKU-0292,2024-11-08,1,1769,0,Online - Instagram
TXN-005064,SKU-0292,2024-11-17,1,1769,0,Store - Koramangala
TXN-005065,SKU-0292,2024-11-24,2,1769,0,Online - Nykaa
TXN-005066,SKU-0293,2024-08-15,3,1559,0,Online - Website
TXN-005067,SKU-0293,2024-08-19,2,1559,0,Store - MG Road
TXN-005068,SKU-0293,2024-08-24,2,1559,0,Store - Indiranagar
TXN-005069,SKU-0293,2024-08-27,2,1559,0,Online - Website
TXN-005070,SKU-0293,2024-09-01,3,1559,0,Store - Koramangala
TXN-005071,SKU-0293,2024-09-06,3,1559,0,Store - Indiranagar
TXN-005072,SKU-0293,2024-09-10,1,1559,0,Online - Nykaa
TXN-005073,SKU-0293,2024-09-14,2,1559,0,Online - Instagram
TXN-005074,SKU-0293,2024-09-18,2,1559,0,Store - Indiranagar
TXN-005075,SKU-0293,2024-09-22,3,1559,0,Store - MG Road
TXN-005076,SKU-0293,2024-09-26,3,1169,25,Store - Indiranagar
TXN-005077,SKU-0293,2024-10-01,2,1559,0,Online - Nykaa
TXN-005078,SKU-0294,2024-09-20,3,1887,0,Online - Nykaa
TXN-005079,SKU-0294,2024-09-25,1,1887,0,Store - Indiranagar
TXN-005080,SKU-0294,2024-09-29,3,1887,0,Online - Instagram
TXN-005081,SKU-0294,2024-10-04,3,1887,0,Store - Indiranagar
TXN-005082,SKU-0294,2024-10-10,3,1887,0,Online - Website
TXN-005083,SKU-0294,2024-10-16,1,1887,0,Online - Instagram
TXN-005084,SKU-0294,2024-10-21,3,1887,0,Store - Koramangala
TXN-005085,SKU-0294,2024-10-26,1,1887,0,Online - Nykaa
TXN-005086,SKU-0295,2024-10-17,1,2595,0,Store - MG Road
TXN-005087,SKU-0295,2024-10-18,2,2595,0,Store - Koramangala
TXN-005088,SKU-0295,2024-10-19,3,2595,0,Store - MG Road
TXN-005089,SKU-0295,2024-10-21,1,2595,0,Store - Indiranagar
TXN-005090,SKU-0295,2024-10-24,2,2595,0,Online - Instagram
TXN-005091,SKU-0295,2024-10-25,3,2595,0,Store - Koramangala
TXN-005092,SKU-0295,2024-10-26,2,2595,0,Store - Koramangala
TXN-005093,SKU-0295,2024-10-29,2,2595,0,Online - Instagram
TXN-005094,SKU-0295,2024-10-31,1,2336,10,Store - Koramangala
TXN-005095,SKU-0295,2024-11-02,1,2595,0,Online - Instagram
TXN-005096,SKU-0295,2024-11-03,3,2595,0,Store - Koramangala
TXN-005097,SKU-0295,2024-11-05,2,2336,10,Online - Instagram
TXN-005098,SKU-0295,2024-11-06,3,2595,0,Store - Koramangala
TXN-005099,SKU-0295,2024-11-09,1,2595,0,Online - Website
TXN-005100,SKU-0295,2024-11-12,3,2336,10,Online - Nykaa
TXN-005101,SKU-0295,2024-11-14,3,2336,10,Online - Website
TXN-005102,SKU-0295,2024-11-16,3,2076,20,Store - Koramangala
TXN-005103,SKU-0295,2024-11-19,3,2595,0,Online - Instagram
TXN-005104,SKU-0295,2024-11-20,1,2595,0,Store - Koramangala
TXN-005105,SKU-0296,2024-11-06,2,1438,0,Store - Indiranagar
TXN-005106,SKU-0296,2024-11-07,3,1438,0,Online - Nykaa
TXN-005107,SKU-0296,2024-11-09,2,1150,20,Online - Website
TXN-005108,SKU-0296,2024-11-10,2,1438,0,Online - Website
TXN-005109,SKU-0296,2024-11-12,3,1294,10,Store - MG Road
TXN-005110,SKU-0296,2024-11-14,2,1150,20,Online - Nykaa
TXN-005111,SKU-0296,2024-11-17,3,1222,15,Online - Website
TXN-005112,SKU-0296,2024-11-18,2,1438,0,Online - Website
TXN-005113,SKU-0296,2024-11-21,1,1438,0,Store - Indiranagar
TXN-005114,SKU-0296,2024-11-24,3,1294,10,Online - Instagram
TXN-005115,SKU-0296,2024-11-26,3,1438,0,Online - Nykaa
TXN-005116,SKU-0296,2024-11-27,2,1438,0,Online - Instagram
TXN-005117,SKU-0297,2024-07-06,3,2366,15,Online - Nykaa
TXN-005118,SKU-0297,2024-07-12,1,2783,0,Online - Instagram
TXN-005119,SKU-0297,2024-07-16,3,2087,25,Online - Website
TXN-005120,SKU-0297,2024-07-20,1,2783,0,Store - Indiranagar
TXN-005121,SKU-0297,2024-07-26,1,2505,10,Store - Koramangala
TXN-005122,SKU-0297,2024-07-30,2,2783,0,Online - Nykaa
TXN-005123,SKU-0297,2024-08-04,2,2226,20,Online - Nykaa
TXN-005124,SKU-0297,2024-08-08,2,2783,0,Store - Koramangala
TXN-005125,SKU-0297,2024-08-13,3,2783,0,Online - Website
TXN-005126,SKU-0297,2024-08-17,1,2783,0,Online - Website
TXN-005127,SKU-0297,2024-08-23,3,2366,15,Online - Instagram
TXN-005128,SKU-0297,2024-08-29,1,2087,25,Online - Instagram
TXN-005129,SKU-0297,2024-09-03,3,2505,10,Store - Koramangala
TXN-005130,SKU-0297,2024-09-07,1,2783,0,Store - Koramangala
TXN-005131,SKU-0297,2024-09-13,2,2783,0,Online - Instagram
TXN-005132,SKU-0297,2024-09-17,2,2783,0,Store - Indiranagar
TXN-005133,SKU-0297,2024-09-23,2,2783,0,Online - Website
TXN-005134,SKU-0298,2024-10-20,3,2169,0,Online - Nykaa
TXN-005135,SKU-0298,2024-10-22,1,2169,0,Store - MG Road
TXN-005136,SKU-0298,2024-10-25,2,2169,0,Online - Nykaa
TXN-005137,SKU-0298,2024-10-27,2,1627,25,Store - Koramangala
TXN-005138,SKU-0298,2024-10-29,2,1735,20,Online - Website
TXN-005139,SKU-0298,2024-11-01,3,2169,0,Store - MG Road
TXN-005140,SKU-0298,2024-11-02,2,1844,15,Store - MG Road
TXN-005141,SKU-0298,2024-11-03,3,2169,0,Store - MG Road
TXN-005142,SKU-0298,2024-11-04,2,2169,0,Store - MG Road
TXN-005143,SKU-0298,2024-11-07,2,2169,0,Store - Indiranagar
TXN-005144,SKU-0298,2024-11-08,1,2169,0,Store - Koramangala
TXN-005145,SKU-0298,2024-11-09,2,1735,20,Online - Nykaa
TXN-005146,SKU-0298,2024-11-12,2,2169,0,Store - Koramangala
TXN-005147,SKU-0298,2024-11-14,2,1627,25,Store - Koramangala
TXN-005148,SKU-0298,2024-11-15,3,2169,0,Online - Nykaa
TXN-005149,SKU-0298,2024-11-18,1,2169,0,Online - Instagram
TXN-005150,SKU-0298,2024-11-19,1,2169,0,Store - Indiranagar
TXN-005151,SKU-0298,2024-11-22,3,2169,0,Store - MG Road
TXN-005152,SKU-0298,2024-11-24,2,2169,0,Store - Koramangala
TXN-005153,SKU-0298,2024-11-25,1,1952,10,Online - Instagram
TXN-005154,SKU-0298,2024-11-26,3,2169,0,Online - Website
TXN-005155,SKU-0298,2024-11-29,1,2169,0,Store - Koramangala
TXN-005156,SKU-0298,2024-12-01,2,2169,0,Online - Nykaa
TXN-005157,SKU-0299,2024-10-27,2,2467,0,Online - Instagram
TXN-005158,SKU-0299,2024-10-29,1,2467,0,Online - Instagram
TXN-005159,SKU-0299,2024-10-30,2,2467,0,Store - Indiranagar
TXN-005160,SKU-0299,2024-10-31,3,2097,15,Store - MG Road
TXN-005161,SKU-0299,2024-11-01,3,2467,0,Store - MG Road
TXN-005162,SKU-0299,2024-11-03,3,2467,0,Store - MG Road
TXN-005163,SKU-0299,2024-11-05,3,2467,0,Online - Nykaa
TXN-005164,SKU-0299,2024-11-07,2,2467,0,Online - Website
TXN-005165,SKU-0299,2024-11-08,1,2467,0,Store - MG Road
TXN-005166,SKU-0299,2024-11-11,3,2467,0,Online - Instagram
TXN-005167,SKU-0299,2024-11-12,1,2467,0,Online - Instagram
TXN-005168,SKU-0299,2024-11-13,3,2467,0,Store - Indiranagar
TXN-005169,SKU-0299,2024-11-15,3,2097,15,Store - MG Road
TXN-005170,SKU-0299,2024-11-16,1,2467,0,Online - Website
TXN-005171,SKU-0300,2024-10-19,3,1812,0,Online - Instagram
TXN-005172,SKU-0300,2024-10-22,2,1812,0,Store - Koramangala
TXN-005173,SKU-0300,2024-10-23,1,1450,20,Store - Koramangala
TXN-005174,SKU-0300,2024-10-25,1,1812,0,Online - Nykaa
TXN-005175,SKU-0300,2024-10-27,1,1540,15,Online - Website
TXN-005176,SKU-0300,2024-10-28,2,1812,0,Online - Website
TXN-005177,SKU-0300,2024-10-30,3,1450,20,Store - Koramangala
TXN-005178,SKU-0300,2024-11-02,3,1812,0,Online - Instagram
TXN-005179,SKU-0300,2024-11-05,2,1812,0,Online - Instagram
TXN-005180,SKU-0300,2024-11-07,1,1812,0,Store - MG Road
TXN-005181,SKU-0300,2024-11-08,1,1540,15,Store - Koramangala
TXN-005182,SKU-0300,2024-11-11,2,1812,0,Store - Indiranagar
TXN-005183,SKU-0300,2024-11-13,3,1812,0,Online - Website
TXN-005184,SKU-0300,2024-11-15,1,1812,0,Online - Nykaa
TXN-005185,SKU-0300,2024-11-16,3,1812,0,Store - MG Road
TXN-005186,SKU-0300,2024-11-17,3,1450,20,Store - Koramangala
TXN-005187,SKU-0300,2024-11-20,1,1812,0,Store - MG Road
TXN-005188,SKU-0300,2024-11-22,3,1450,20,Store - Indiranagar
TXN-005189,SKU-0300,2024-11-25,3,1812,0,Store - Koramangala
TXN-005190,SKU-0300,2024-11-26,2,1359,25,Online - Website
TXN-005191,SKU-0300,2024-11-29,2,1812,0,Online - Nykaa
TXN-005192,SKU-0300,2024-11-30,3,1631,10,Store - Indiranagar
TXN-005193,SKU-0300,2024-12-01,2,1631,10,Online - Website
TXN-005194,SKU-0301,2024-07-12,3,358,15,Online - Nykaa
TXN-005195,SKU-0301,2024-07-14,3,316,25,Store - Koramangala
TXN-005196,SKU-0301,2024-07-17,2,421,0,Online - Instagram
TXN-005197,SKU-0301,2024-07-19,1,421,0,Online - Nykaa
TXN-005198,SKU-0301,2024-07-22,3,421,0,Store - Indiranagar
TXN-005199,SKU-0301,2024-07-24,3,421,0,Online - Instagram
TXN-005200,SKU-0301,2024-07-27,2,421,0,Online - Instagram
TXN-005201,SKU-0301,2024-07-28,3,421,0,Online - Website
TXN-005202,SKU-0301,2024-07-29,2,358,15,Online - Instagram
TXN-005203,SKU-0301,2024-08-01,3,421,0,Online - Nykaa
TXN-005204,SKU-0301,2024-08-02,1,421,0,Store - MG Road
TXN-005205,SKU-0301,2024-08-03,3,379,10,Online - Website
TXN-005206,SKU-0301,2024-08-05,2,358,15,Store - Koramangala
TXN-005207,SKU-0301,2024-08-07,3,421,0,Store - Koramangala
TXN-005208,SKU-0301,2024-08-08,3,421,0,Online - Website
TXN-005209,SKU-0301,2024-08-10,3,421,0,Store - Koramangala
TXN-005210,SKU-0301,2024-08-12,1,421,0,Store - Indiranagar
TXN-005211,SKU-0301,2024-08-14,3,379,10,Store - Indiranagar
TXN-005212,SKU-0301,2024-08-17,2,421,0,Online - Website
TXN-005213,SKU-0301,2024-08-18,2,421,0,Store - Koramangala
TXN-005214,SKU-0301,2024-08-20,2,316,25,Online - Website
TXN-005215,SKU-0301,2024-08-23,2,421,0,Store - Indiranagar
TXN-005216,SKU-0301,2024-08-26,2,379,10,Store - MG Road
TXN-005217,SKU-0301,2024-08-29,2,421,0,Store - Indiranagar
TXN-005218,SKU-0301,2024-09-01,3,421,0,Online - Nykaa
TXN-005219,SKU-0301,2024-09-02,2,316,25,Store - MG Road
TXN-005220,SKU-0301,2024-09-04,2,379,10,Online - Instagram
TXN-005221,SKU-0301,2024-09-07,2,421,0,Store - Indiranagar
TXN-005222,SKU-0301,2024-09-08,2,421,0,Online - Nykaa
TXN-005223,SKU-0301,2024-09-11,2,421,0,Online - Instagram
TXN-005224,SKU-0301,2024-09-14,3,379,10,Online - Website
TXN-005225,SKU-0301,2024-09-16,3,421,0,Online - Nykaa
TXN-005226,SKU-0301,2024-09-18,3,421,0,Store - Koramangala
TXN-005227,SKU-0301,2024-09-21,1,421,0,Store - MG Road
TXN-005228,SKU-0301,2024-09-23,1,421,0,Store - Koramangala
TXN-005229,SKU-0301,2024-09-26,3,421,0,Online - Nykaa
TXN-005230,SKU-0301,2024-09-27,3,421,0,Store - Koramangala
TXN-005231,SKU-0301,2024-09-28,3,421,0,Store - Koramangala
TXN-005232,SKU-0301,2024-09-29,1,421,0,Online - Instagram
TXN-005233,SKU-0301,2024-09-30,1,421,0,Online - Website
TXN-005234,SKU-0301,2024-10-01,2,421,0,Online - Website
TXN-005235,SKU-0301,2024-10-02,2,421,0,Store - Koramangala
TXN-005236,SKU-0301,2024-10-05,3,421,0,Store - Koramangala
TXN-005237,SKU-0301,2024-10-06,2,421,0,Online - Website
TXN-005238,SKU-0301,2024-10-09,2,421,0,Store - Koramangala
TXN-005239,SKU-0301,2024-10-12,3,421,0,Store - MG Road
TXN-005240,SKU-0301,2024-10-15,1,421,0,Online - Instagram
TXN-005241,SKU-0302,2024-08-12,1,711,0,Store - Indiranagar
TXN-005242,SKU-0302,2024-08-15,3,711,0,Store - MG Road
TXN-005243,SKU-0302,2024-08-18,2,640,10,Store - Indiranagar
TXN-005244,SKU-0302,2024-08-19,3,711,0,Store - Koramangala
TXN-005245,SKU-0302,2024-08-21,3,711,0,Online - Instagram
TXN-005246,SKU-0302,2024-08-23,3,711,0,Store - Koramangala
TXN-005247,SKU-0302,2024-08-25,1,711,0,Online - Website
TXN-005248,SKU-0302,2024-08-26,2,711,0,Store - Indiranagar
TXN-005249,SKU-0302,2024-08-27,2,711,0,Store - MG Road
TXN-005250,SKU-0302,2024-08-29,2,711,0,Store - Indiranagar
TXN-005251,SKU-0302,2024-09-01,2,711,0,Online - Instagram
TXN-005252,SKU-0302,2024-09-02,2,711,0,Store - MG Road
TXN-005253,SKU-0302,2024-09-03,2,711,0,Store - Indiranagar
TXN-005254,SKU-0302,2024-09-04,2,640,10,Store - MG Road
TXN-005255,SKU-0302,2024-09-05,3,711,0,Online - Instagram
TXN-005256,SKU-0302,2024-09-07,2,711,0,Store - Koramangala
TXN-005257,SKU-0302,2024-09-10,3,711,0,Online - Website
TXN-005258,SKU-0302,2024-09-11,3,711,0,Online - Instagram
TXN-005259,SKU-0302,2024-09-12,1,569,20,Online - Instagram
TXN-005260,SKU-0302,2024-09-15,1,711,0,Online - Nykaa
TXN-005261,SKU-0302,2024-09-18,3,711,0,Online - Instagram
TXN-005262,SKU-0302,2024-09-21,2,711,0,Online - Website
TXN-005263,SKU-0302,2024-09-23,1,711,0,Store - MG Road
TXN-005264,SKU-0302,2024-09-25,3,640,10,Online - Instagram
TXN-005265,SKU-0302,2024-09-26,2,711,0,Online - Website
TXN-005266,SKU-0302,2024-09-28,3,533,25,Online - Website
TXN-005267,SKU-0302,2024-09-29,3,711,0,Store - Indiranagar
TXN-005268,SKU-0302,2024-09-30,2,711,0,Online - Nykaa
TXN-005269,SKU-0302,2024-10-02,3,604,15,Online - Nykaa
TXN-005270,SKU-0302,2024-10-04,1,711,0,Online - Instagram
TXN-005271,SKU-0302,2024-10-07,1,711,0,Store - MG Road
TXN-005272,SKU-0303,2024-07-29,3,415,0,Store - MG Road
TXN-005273,SKU-0303,2024-07-30,1,415,0,Online - Nykaa
TXN-005274,SKU-0303,2024-07-31,3,415,0,Online - Website
TXN-005275,SKU-0303,2024-08-01,3,353,15,Online - Website
TXN-005276,SKU-0303,2024-08-03,3,415,0,Store - MG Road
TXN-005277,SKU-0303,2024-08-06,1,311,25,Store - MG Road
TXN-005278,SKU-0303,2024-08-08,2,415,0,Store - MG Road
TXN-005279,SKU-0303,2024-08-10,1,415,0,Online - Website
TXN-005280,SKU-0303,2024-08-12,3,415,0,Online - Nykaa
TXN-005281,SKU-0303,2024-08-14,2,311,25,Online - Nykaa
TXN-005282,SKU-0303,2024-08-17,3,415,0,Online - Instagram
TXN-005283,SKU-0303,2024-08-20,2,374,10,Store - Indiranagar
TXN-005284,SKU-0303,2024-08-23,2,311,25,Store - Indiranagar
TXN-005285,SKU-0303,2024-08-25,3,415,0,Store - Koramangala
TXN-005286,SKU-0303,2024-08-26,3,415,0,Store - MG Road
TXN-005287,SKU-0303,2024-08-27,2,415,0,Online - Instagram
TXN-005288,SKU-0303,2024-08-30,1,415,0,Online - Instagram
TXN-005289,SKU-0303,2024-08-31,3,415,0,Online - Website
TXN-005290,SKU-0303,2024-09-01,2,415,0,Online - Instagram
TXN-005291,SKU-0303,2024-09-03,3,415,0,Online - Nykaa
TXN-005292,SKU-0303,2024-09-06,1,415,0,Store - Koramangala
TXN-005293,SKU-0303,2024-09-07,2,415,0,Online - Website
TXN-005294,SKU-0303,2024-09-08,1,415,0,Store - Koramangala
TXN-005295,SKU-0303,2024-09-10,1,415,0,Store - Indiranagar
TXN-005296,SKU-0303,2024-09-11,2,415,0,Online - Nykaa
TXN-005297,SKU-0303,2024-09-14,1,415,0,Online - Nykaa
TXN-005298,SKU-0303,2024-09-16,1,415,0,Store - Indiranagar
TXN-005299,SKU-0303,2024-09-19,3,374,10,Online - Instagram
TXN-005300,SKU-0303,2024-09-21,2,415,0,Online - Nykaa
TXN-005301,SKU-0303,2024-09-23,1,415,0,Online - Website
TXN-005302,SKU-0303,2024-09-24,1,415,0,Online - Instagram
TXN-005303,SKU-0303,2024-09-26,3,332,20,Online - Instagram
TXN-005304,SKU-0303,2024-09-28,1,415,0,Store - Koramangala
TXN-005305,SKU-0303,2024-09-29,2,415,0,Store - Koramangala
TXN-005306,SKU-0303,2024-09-30,2,415,0,Store - Koramangala
TXN-005307,SKU-0303,2024-10-03,3,415,0,Store - Koramangala
TXN-005308,SKU-0303,2024-10-06,2,415,0,Online - Nykaa
TXN-005309,SKU-0303,2024-10-09,1,415,0,Store - MG Road
TXN-005310,SKU-0303,2024-10-11,2,415,0,Online - Instagram
TXN-005311,SKU-0303,2024-10-12,2,415,0,Online - Nykaa
TXN-005312,SKU-0303,2024-10-15,3,415,0,Store - Koramangala
TXN-005313,SKU-0303,2024-10-17,1,415,0,Online - Nykaa
TXN-005314,SKU-0303,2024-10-19,3,332,20,Store - Indiranagar
TXN-005315,SKU-0303,2024-10-21,3,332,20,Online - Instagram
TXN-005316,SKU-0303,2024-10-22,1,374,10,Store - Indiranagar
TXN-005317,SKU-0303,2024-10-24,1,415,0,Online - Website
TXN-005318,SKU-0303,2024-10-27,2,415,0,Online - Nykaa
TXN-005319,SKU-0303,2024-10-28,2,415,0,Store - Indiranagar
TXN-005320,SKU-0303,2024-10-31,2,415,0,Store - Koramangala
TXN-005321,SKU-0303,2024-11-01,1,374,10,Store - Indiranagar
TXN-005322,SKU-0304,2024-11-06,3,363,10,Store - Indiranagar
TXN-005323,SKU-0304,2024-11-09,2,403,0,Store - Koramangala
TXN-005324,SKU-0304,2024-11-10,3,403,0,Online - Website
TXN-005325,SKU-0304,2024-11-12,1,363,10,Online - Website
TXN-005326,SKU-0304,2024-11-13,3,403,0,Online - Nykaa
TXN-005327,SKU-0304,2024-11-15,1,403,0,Store - Koramangala
TXN-005328,SKU-0304,2024-11-17,1,403,0,Store - Indiranagar
TXN-005329,SKU-0304,2024-11-20,1,363,10,Store - Indiranagar
TXN-005330,SKU-0304,2024-11-22,3,403,0,Online - Website
TXN-005331,SKU-0304,2024-11-25,2,403,0,Store - Koramangala
TXN-005332,SKU-0304,2024-11-26,3,403,0,Store - Koramangala
TXN-005333,SKU-0304,2024-11-27,1,403,0,Online - Nykaa
TXN-005334,SKU-0304,2024-11-30,2,343,15,Online - Website
TXN-005335,SKU-0304,2024-12-01,1,403,0,Store - Indiranagar
TXN-005336,SKU-0305,2024-09-09,3,674,10,Online - Nykaa
TXN-005337,SKU-0305,2024-09-12,1,674,10,Store - MG Road
TXN-005338,SKU-0305,2024-09-15,2,749,0,Online - Instagram
TXN-005339,SKU-0305,2024-09-18,2,749,0,Online - Instagram
TXN-005340,SKU-0305,2024-09-20,2,749,0,Store - Indiranagar
TXN-005341,SKU-0305,2024-09-23,2,562,25,Online - Website
TXN-005342,SKU-0305,2024-09-26,1,749,0,Online - Website
TXN-005343,SKU-0305,2024-09-29,1,749,0,Store - Koramangala
TXN-005344,SKU-0305,2024-10-02,1,749,0,Store - Indiranagar
TXN-005345,SKU-0305,2024-10-03,3,562,25,Online - Website
TXN-005346,SKU-0305,2024-10-04,1,749,0,Online - Nykaa
TXN-005347,SKU-0305,2024-10-07,1,749,0,Online - Instagram
TXN-005348,SKU-0305,2024-10-09,1,562,25,Store - Koramangala
TXN-005349,SKU-0305,2024-10-11,3,749,0,Online - Nykaa
TXN-005350,SKU-0305,2024-10-13,3,749,0,Store - Koramangala
TXN-005351,SKU-0305,2024-10-16,3,749,0,Store - MG Road
TXN-005352,SKU-0305,2024-10-19,2,749,0,Online - Website
TXN-005353,SKU-0305,2024-10-20,2,749,0,Store - Indiranagar
TXN-005354,SKU-0305,2024-10-23,3,749,0,Online - Nykaa
TXN-005355,SKU-0305,2024-10-24,2,749,0,Store - Koramangala
TXN-005356,SKU-0305,2024-10-26,1,599,20,Store - MG Road
TXN-005357,SKU-0305,2024-10-27,1,749,0,Store - MG Road
TXN-005358,SKU-0305,2024-10-28,1,637,15,Store - Koramangala
TXN-005359,SKU-0305,2024-10-31,3,749,0,Online - Instagram
TXN-005360,SKU-0305,2024-11-02,2,749,0,Online - Nykaa
TXN-005361,SKU-0305,2024-11-05,3,749,0,Store - Koramangala
TXN-005362,SKU-0305,2024-11-08,1,749,0,Store - Koramangala
TXN-005363,SKU-0305,2024-11-09,1,749,0,Store - Koramangala
TXN-005364,SKU-0305,2024-11-11,3,749,0,Store - MG Road
TXN-005365,SKU-0305,2024-11-14,3,562,25,Store - Indiranagar
TXN-005366,SKU-0305,2024-11-15,3,599,20,Online - Nykaa
TXN-005367,SKU-0305,2024-11-18,2,749,0,Store - Indiranagar
TXN-005368,SKU-0305,2024-11-21,3,749,0,Online - Instagram
TXN-005369,SKU-0305,2024-11-22,2,749,0,Store - Koramangala
TXN-005370,SKU-0305,2024-11-25,2,749,0,Store - Indiranagar
TXN-005371,SKU-0305,2024-11-26,1,749,0,Store - MG Road
TXN-005372,SKU-0305,2024-11-28,2,749,0,Online - Instagram
TXN-005373,SKU-0305,2024-11-30,2,749,0,Store - MG Road
TXN-005374,SKU-0305,2024-12-01,2,749,0,Online - Instagram
TXN-005375,SKU-0306,2024-10-29,1,481,0,Online - Nykaa
TXN-005376,SKU-0306,2024-11-07,2,361,25,Store - MG Road
TXN-005377,SKU-0306,2024-11-16,1,409,15,Store - Koramangala
TXN-005378,SKU-0306,2024-11-23,1,409,15,Online - Nykaa
TXN-005379,SKU-0307,2024-08-07,2,670,20,Online - Nykaa
TXN-005380,SKU-0307,2024-08-08,1,837,0,Store - Koramangala
TXN-005381,SKU-0307,2024-08-10,3,837,0,Online - Instagram
TXN-005382,SKU-0307,2024-08-13,1,837,0,Store - Indiranagar
TXN-005383,SKU-0307,2024-08-16,2,837,0,Online - Nykaa
TXN-005384,SKU-0307,2024-08-17,3,837,0,Online - Instagram
TXN-005385,SKU-0307,2024-08-18,1,837,0,Online - Instagram
TXN-005386,SKU-0307,2024-08-21,3,837,0,Online - Instagram
TXN-005387,SKU-0307,2024-08-22,1,837,0,Online - Website
TXN-005388,SKU-0307,2024-08-24,2,837,0,Online - Website
TXN-005389,SKU-0307,2024-08-26,2,837,0,Store - Indiranagar
TXN-005390,SKU-0307,2024-08-27,3,670,20,Online - Nykaa
TXN-005391,SKU-0307,2024-08-29,2,837,0,Store - Indiranagar
TXN-005392,SKU-0307,2024-08-31,1,837,0,Store - Indiranagar
TXN-005393,SKU-0307,2024-09-02,2,753,10,Online - Website
TXN-005394,SKU-0307,2024-09-03,2,837,0,Store - Koramangala
TXN-005395,SKU-0307,2024-09-06,1,837,0,Online - Instagram
TXN-005396,SKU-0307,2024-09-08,2,837,0,Online - Website
TXN-005397,SKU-0307,2024-09-11,3,753,10,Store - Koramangala
TXN-005398,SKU-0307,2024-09-13,1,670,20,Online - Website
TXN-005399,SKU-0307,2024-09-15,1,837,0,Online - Nykaa
TXN-005400,SKU-0307,2024-09-18,1,837,0,Store - MG Road
TXN-005401,SKU-0307,2024-09-21,1,837,0,Store - MG Road
TXN-005402,SKU-0307,2024-09-23,1,837,0,Store - MG Road
TXN-005403,SKU-0307,2024-09-24,1,837,0,Online - Website
TXN-005404,SKU-0307,2024-09-25,1,753,10,Online - Nykaa
TXN-005405,SKU-0307,2024-09-26,1,837,0,Online - Website
TXN-005406,SKU-0307,2024-09-29,2,837,0,Store - Indiranagar
TXN-005407,SKU-0307,2024-10-02,3,837,0,Store - Koramangala
TXN-005408,SKU-0307,2024-10-04,1,837,0,Store - Koramangala
TXN-005409,SKU-0307,2024-10-05,3,837,0,Online - Nykaa
TXN-005410,SKU-0307,2024-10-08,3,837,0,Store - Koramangala
TXN-005411,SKU-0307,2024-10-10,2,837,0,Online - Instagram
TXN-005412,SKU-0307,2024-10-12,3,837,0,Online - Nykaa
TXN-005413,SKU-0308,2024-10-29,2,778,0,Online - Nykaa
TXN-005414,SKU-0308,2024-11-03,2,584,25,Online - Nykaa
TXN-005415,SKU-0308,2024-11-06,3,778,0,Store - Indiranagar
TXN-005416,SKU-0308,2024-11-11,3,778,0,Store - Indiranagar
TXN-005417,SKU-0308,2024-11-15,3,661,15,Store - Indiranagar
TXN-005418,SKU-0308,2024-11-19,1,661,15,Online - Website
TXN-005419,SKU-0308,2024-11-22,2,661,15,Store - Koramangala
TXN-005420,SKU-0308,2024-11-25,2,778,0,Store - MG Road
TXN-005421,SKU-0309,2024-09-24,3,535,0,Store - Koramangala
TXN-005422,SKU-0309,2024-09-26,2,482,10,Store - Indiranagar
TXN-005423,SKU-0309,2024-09-27,3,428,20,Store - Koramangala
TXN-005424,SKU-0309,2024-09-30,3,535,0,Store - Koramangala
TXN-005425,SKU-0309,2024-10-03,3,535,0,Store - Koramangala
TXN-005426,SKU-0309,2024-10-06,3,535,0,Online - Nykaa
TXN-005427,SKU-0309,2024-10-08,3,535,0,Store - Indiranagar
TXN-005428,SKU-0309,2024-10-11,3,482,10,Online - Instagram
TXN-005429,SKU-0309,2024-10-13,3,535,0,Online - Nykaa
TXN-005430,SKU-0309,2024-10-16,2,535,0,Online - Website
TXN-005431,SKU-0309,2024-10-17,2,482,10,Store - MG Road
TXN-005432,SKU-0309,2024-10-18,3,482,10,Store - Indiranagar
TXN-005433,SKU-0309,2024-10-21,2,535,0,Store - Indiranagar
TXN-005434,SKU-0309,2024-10-24,2,535,0,Online - Website
TXN-005435,SKU-0309,2024-10-27,1,535,0,Store - Indiranagar
TXN-005436,SKU-0309,2024-10-29,2,482,10,Online - Nykaa
TXN-005437,SKU-0310,2024-06-24,1,388,10,Online - Website
TXN-005438,SKU-0310,2024-06-26,3,431,0,Store - MG Road
TXN-005439,SKU-0310,2024-06-27,1,431,0,Store - Koramangala
TXN-005440,SKU-0310,2024-06-28,1,431,0,Store - Indiranagar
TXN-005441,SKU-0310,2024-06-30,2,431,0,Online - Instagram
TXN-005442,SKU-0310,2024-07-02,3,431,0,Store - MG Road
TXN-005443,SKU-0310,2024-07-05,2,431,0,Online - Website
TXN-005444,SKU-0310,2024-07-08,3,431,0,Online - Instagram
TXN-005445,SKU-0310,2024-07-10,3,431,0,Store - Koramangala
TXN-005446,SKU-0310,2024-07-11,3,431,0,Online - Instagram
TXN-005447,SKU-0310,2024-07-12,1,431,0,Store - Indiranagar
TXN-005448,SKU-0310,2024-07-15,1,431,0,Online - Website
TXN-005449,SKU-0310,2024-07-18,1,431,0,Online - Instagram
TXN-005450,SKU-0310,2024-07-19,1,388,10,Store - Indiranagar
TXN-005451,SKU-0310,2024-07-22,1,431,0,Store - Koramangala
TXN-005452,SKU-0310,2024-07-25,2,431,0,Online - Nykaa
TXN-005453,SKU-0310,2024-07-27,1,388,10,Online - Website
TXN-005454,SKU-0310,2024-07-29,3,431,0,Store - Indiranagar
TXN-005455,SKU-0310,2024-08-01,1,388,10,Store - Indiranagar
TXN-005456,SKU-0310,2024-08-03,1,431,0,Online - Website
TXN-005457,SKU-0310,2024-08-06,3,431,0,Online - Instagram
TXN-005458,SKU-0310,2024-08-08,1,431,0,Store - MG Road
TXN-005459,SKU-0310,2024-08-11,2,431,0,Online - Website
TXN-005460,SKU-0310,2024-08-13,2,366,15,Store - Koramangala
TXN-005461,SKU-0310,2024-08-14,1,431,0,Online - Website
TXN-005462,SKU-0310,2024-08-15,2,431,0,Online - Nykaa
TXN-005463,SKU-0310,2024-08-18,3,366,15,Store - Koramangala
TXN-005464,SKU-0310,2024-08-21,2,431,0,Store - Koramangala
TXN-005465,SKU-0310,2024-08-23,1,431,0,Store - Koramangala
TXN-005466,SKU-0310,2024-08-26,3,431,0,Online - Instagram
TXN-005467,SKU-0310,2024-08-28,2,345,20,Store - MG Road
TXN-005468,SKU-0310,2024-08-31,3,366,15,Store - Indiranagar
TXN-005469,SKU-0310,2024-09-01,3,431,0,Store - Indiranagar
TXN-005470,SKU-0310,2024-09-04,3,345,20,Online - Website
TXN-005471,SKU-0310,2024-09-05,2,431,0,Online - Nykaa
TXN-005472,SKU-0310,2024-09-07,2,366,15,Store - Koramangala
TXN-005473,SKU-0310,2024-09-09,2,431,0,Online - Instagram
TXN-005474,SKU-0310,2024-09-12,1,431,0,Store - Koramangala
TXN-005475,SKU-0310,2024-09-15,3,345,20,Store - Indiranagar
TXN-005476,SKU-0310,2024-09-17,2,431,0,Store - Koramangala
TXN-005477,SKU-0310,2024-09-20,2,431,0,Online - Website
TXN-005478,SKU-0310,2024-09-22,1,431,0,Online - Nykaa
TXN-005479,SKU-0310,2024-09-25,2,431,0,Online - Instagram
TXN-005480,SKU-0310,2024-09-27,3,431,0,Online - Website
TXN-005481,SKU-0310,2024-09-29,1,431,0,Online - Instagram
TXN-005482,SKU-0310,2024-10-02,3,345,20,Online - Nykaa
TXN-005483,SKU-0310,2024-10-05,3,431,0,Online - Instagram
TXN-005484,SKU-0310,2024-10-07,3,431,0,Online - Website
TXN-005485,SKU-0310,2024-10-10,1,431,0,Online - Nykaa
TXN-005486,SKU-0310,2024-10-12,2,345,20,Online - Instagram
TXN-005487,SKU-0310,2024-10-14,1,431,0,Store - MG Road
TXN-005488,SKU-0310,2024-10-16,3,431,0,Store - MG Road
TXN-005489,SKU-0310,2024-10-18,1,431,0,Online - Instagram
TXN-005490,SKU-0310,2024-10-21,3,431,0,Online - Instagram
TXN-005491,SKU-0310,2024-10-23,3,431,0,Store - Indiranagar
TXN-005492,SKU-0310,2024-10-25,2,323,25,Online - Website
TXN-005493,SKU-0311,2024-09-21,3,379,0,Online - Instagram
TXN-005494,SKU-0311,2024-10-06,2,322,15,Online - Nykaa
TXN-005495,SKU-0312,2024-06-25,1,532,0,Online - Website
TXN-005496,SKU-0312,2024-07-05,1,532,0,Online - Website
TXN-005497,SKU-0312,2024-07-16,1,532,0,Store - Indiranagar
TXN-005498,SKU-0312,2024-07-27,2,532,0,Store - MG Road
TXN-005499,SKU-0312,2024-08-05,2,532,0,Store - Koramangala
TXN-005500,SKU-0312,2024-08-15,1,452,15,Online - Website
TXN-005501,SKU-0312,2024-08-26,3,532,0,Store - Koramangala
TXN-005502,SKU-0312,2024-09-06,1,532,0,Store - MG Road
TXN-005503,SKU-0312,2024-09-17,1,532,0,Online - Instagram
TXN-005504,SKU-0312,2024-09-26,2,532,0,Online - Nykaa
TXN-005505,SKU-0312,2024-10-05,1,399,25,Store - Koramangala
TXN-005506,SKU-0313,2024-11-14,1,547,0,Store - MG Road
TXN-005507,SKU-0313,2024-11-16,2,438,20,Online - Instagram
TXN-005508,SKU-0313,2024-11-18,1,492,10,Store - Koramangala
TXN-005509,SKU-0313,2024-11-21,3,547,0,Store - Indiranagar
TXN-005510,SKU-0313,2024-11-22,3,547,0,Online - Website
TXN-005511,SKU-0313,2024-11-25,2,547,0,Online - Website
TXN-005512,SKU-0313,2024-11-27,1,438,20,Online - Instagram
TXN-005513,SKU-0313,2024-11-29,3,547,0,Online - Instagram
TXN-005514,SKU-0314,2024-09-10,1,749,0,Online - Instagram
TXN-005515,SKU-0314,2024-09-24,1,749,0,Store - Indiranagar
TXN-005516,SKU-0314,2024-10-09,1,749,0,Store - Indiranagar
TXN-005517,SKU-0314,2024-10-23,3,749,0,Online - Instagram
TXN-005518,SKU-0315,2024-08-16,1,346,25,Store - Indiranagar
TXN-005519,SKU-0315,2024-08-18,2,462,0,Store - Indiranagar
TXN-005520,SKU-0315,2024-08-21,1,346,25,Store - Koramangala
TXN-005521,SKU-0315,2024-08-24,2,462,0,Online - Instagram
TXN-005522,SKU-0315,2024-08-27,3,346,25,Store - MG Road
TXN-005523,SKU-0315,2024-08-29,2,462,0,Store - Koramangala
TXN-005524,SKU-0315,2024-08-30,2,462,0,Online - Website
TXN-005525,SKU-0315,2024-09-01,1,462,0,Store - MG Road
TXN-005526,SKU-0315,2024-09-04,2,462,0,Online - Nykaa
TXN-005527,SKU-0315,2024-09-07,1,462,0,Store - MG Road
TXN-005528,SKU-0315,2024-09-08,3,462,0,Store - Indiranagar
TXN-005529,SKU-0315,2024-09-11,3,462,0,Store - Koramangala
TXN-005530,SKU-0315,2024-09-14,2,462,0,Store - Indiranagar
TXN-005531,SKU-0315,2024-09-17,2,370,20,Store - Indiranagar
TXN-005532,SKU-0315,2024-09-18,1,416,10,Store - Koramangala
TXN-005533,SKU-0315,2024-09-19,2,346,25,Online - Instagram
TXN-005534,SKU-0315,2024-09-22,2,462,0,Store - Indiranagar
TXN-005535,SKU-0315,2024-09-25,3,393,15,Online - Nykaa
TXN-005536,SKU-0315,2024-09-28,1,462,0,Online - Website
TXN-005537,SKU-0315,2024-09-29,1,462,0,Store - Koramangala
TXN-005538,SKU-0315,2024-09-30,3,462,0,Store - MG Road
TXN-005539,SKU-0315,2024-10-02,2,462,0,Online - Website
TXN-005540,SKU-0315,2024-10-03,2,462,0,Store - Indiranagar
TXN-005541,SKU-0315,2024-10-04,3,462,0,Store - Koramangala
TXN-005542,SKU-0315,2024-10-07,2,416,10,Online - Nykaa
TXN-005543,SKU-0315,2024-10-08,3,462,0,Store - Indiranagar
TXN-005544,SKU-0315,2024-10-11,2,462,0,Online - Nykaa
TXN-005545,SKU-0315,2024-10-12,3,462,0,Online - Nykaa
TXN-005546,SKU-0315,2024-10-15,2,462,0,Online - Instagram
TXN-005547,SKU-0315,2024-10-16,1,462,0,Store - Indiranagar
TXN-005548,SKU-0315,2024-10-17,2,462,0,Store - Koramangala
TXN-005549,SKU-0315,2024-10-18,3,462,0,Online - Instagram
TXN-005550,SKU-0315,2024-10-20,1,462,0,Store - Indiranagar
TXN-005551,SKU-0315,2024-10-22,2,416,10,Store - MG Road
TXN-005552,SKU-0315,2024-10-23,1,462,0,Online - Nykaa
TXN-005553,SKU-0315,2024-10-25,2,462,0,Store - Indiranagar
TXN-005554,SKU-0315,2024-10-28,2,462,0,Online - Website
TXN-005555,SKU-0315,2024-10-30,2,370,20,Store - MG Road
TXN-005556,SKU-0315,2024-11-02,3,370,20,Store - MG Road
TXN-005557,SKU-0315,2024-11-05,1,462,0,Store - Koramangala
TXN-005558,SKU-0315,2024-11-08,1,462,0,Store - Koramangala
TXN-005559,SKU-0315,2024-11-09,1,462,0,Store - MG Road
TXN-005560,SKU-0315,2024-11-11,1,393,15,Online - Nykaa
TXN-005561,SKU-0315,2024-11-14,2,462,0,Online - Nykaa
TXN-005562,SKU-0315,2024-11-16,1,462,0,Store - Koramangala
TXN-005563,SKU-0315,2024-11-18,3,462,0,Online - Instagram
TXN-005564,SKU-0316,2024-10-14,2,775,0,Online - Instagram
TXN-005565,SKU-0316,2024-10-17,2,775,0,Store - Indiranagar
TXN-005566,SKU-0316,2024-10-20,1,775,0,Store - MG Road
TXN-005567,SKU-0316,2024-10-23,2,775,0,Store - MG Road
TXN-005568,SKU-0316,2024-10-28,2,698,10,Store - MG Road
TXN-005569,SKU-0316,2024-10-31,2,775,0,Online - Website
TXN-005570,SKU-0316,2024-11-04,3,775,0,Online - Website
TXN-005571,SKU-0316,2024-11-08,3,698,10,Online - Website
TXN-005572,SKU-0316,2024-11-11,2,775,0,Store - Koramangala
TXN-005573,SKU-0316,2024-11-15,1,775,0,Store - MG Road
TXN-005574,SKU-0316,2024-11-19,1,775,0,Store - Indiranagar
TXN-005575,SKU-0316,2024-11-24,3,775,0,Store - Koramangala
TXN-005576,SKU-0316,2024-11-27,1,775,0,Store - Indiranagar
TXN-005577,SKU-0316,2024-11-30,2,581,25,Online - Website
TXN-005578,SKU-0317,2024-09-05,1,754,0,Online - Nykaa
TXN-005579,SKU-0317,2024-09-12,3,754,0,Store - MG Road
TXN-005580,SKU-0317,2024-09-21,2,754,0,Online - Instagram
TXN-005581,SKU-0317,2024-09-29,2,566,25,Store - Koramangala
TXN-005582,SKU-0317,2024-10-07,1,754,0,Online - Nykaa
TXN-005583,SKU-0317,2024-10-14,1,754,0,Online - Nykaa
TXN-005584,SKU-0317,2024-10-22,1,754,0,Online - Instagram
TXN-005585,SKU-0317,2024-10-31,2,754,0,Online - Website
TXN-005586,SKU-0318,2024-06-08,2,678,20,Online - Nykaa
TXN-005587,SKU-0318,2024-06-17,2,720,15,Online - Instagram
TXN-005588,SKU-0318,2024-06-25,1,635,25,Online - Website
TXN-005589,SKU-0318,2024-07-04,1,847,0,Online - Website
TXN-005590,SKU-0318,2024-07-13,2,847,0,Online - Website
TXN-005591,SKU-0318,2024-07-21,1,847,0,Store - Indiranagar
TXN-005592,SKU-0318,2024-07-29,2,720,15,Online - Instagram
TXN-005593,SKU-0318,2024-08-05,3,720,15,Online - Instagram
TXN-005594,SKU-0318,2024-08-14,1,847,0,Online - Nykaa
TXN-005595,SKU-0318,2024-08-23,2,762,10,Online - Nykaa
TXN-005596,SKU-0318,2024-08-30,3,847,0,Store - MG Road
TXN-005597,SKU-0318,2024-09-06,1,847,0,Online - Website
TXN-005598,SKU-0318,2024-09-15,2,847,0,Online - Website
TXN-005599,SKU-0318,2024-09-22,1,847,0,Online - Website
TXN-005600,SKU-0319,2024-09-22,2,713,0,Store - MG Road
TXN-005601,SKU-0319,2024-09-27,2,713,0,Online - Nykaa
TXN-005602,SKU-0319,2024-10-01,2,713,0,Store - Indiranagar
TXN-005603,SKU-0319,2024-10-04,1,713,0,Online - Nykaa
TXN-005604,SKU-0319,2024-10-07,2,713,0,Online - Instagram
TXN-005605,SKU-0319,2024-10-11,2,713,0,Online - Nykaa
TXN-005606,SKU-0319,2024-10-14,1,713,0,Online - Website
TXN-005607,SKU-0319,2024-10-19,2,713,0,Online - Nykaa
TXN-005608,SKU-0319,2024-10-24,1,713,0,Store - Koramangala
TXN-005609,SKU-0319,2024-10-27,2,570,20,Store - MG Road
TXN-005610,SKU-0319,2024-10-31,3,713,0,Store - Indiranagar
TXN-005611,SKU-0319,2024-11-05,2,713,0,Store - Indiranagar
TXN-005612,SKU-0319,2024-11-09,1,713,0,Store - MG Road
TXN-005613,SKU-0319,2024-11-12,2,713,0,Online - Instagram
TXN-005614,SKU-0319,2024-11-17,2,713,0,Online - Instagram
TXN-005615,SKU-0319,2024-11-21,2,713,0,Online - Instagram
TXN-005616,SKU-0319,2024-11-25,1,713,0,Online - Website
TXN-005617,SKU-0319,2024-11-28,3,713,0,Store - Indiranagar
TXN-005618,SKU-0320,2024-08-24,1,763,0,Online - Website
TXN-005619,SKU-0320,2024-08-28,2,687,10,Store - Koramangala
TXN-005620,SKU-0320,2024-08-31,3,763,0,Store - Indiranagar
TXN-005621,SKU-0320,2024-09-05,3,763,0,Store - Indiranagar
TXN-005622,SKU-0320,2024-09-10,1,763,0,Online - Instagram
TXN-005623,SKU-0320,2024-09-13,1,687,10,Store - MG Road
TXN-005624,SKU-0320,2024-09-17,2,763,0,Online - Nykaa
TXN-005625,SKU-0320,2024-09-20,2,763,0,Online - Nykaa
TXN-005626,SKU-0320,2024-09-25,1,763,0,Store - MG Road
TXN-005627,SKU-0320,2024-09-30,1,763,0,Store - Koramangala
TXN-005628,SKU-0320,2024-10-03,2,649,15,Online - Website
TXN-005629,SKU-0320,2024-10-08,1,763,0,Online - Website
TXN-005630,SKU-0320,2024-10-12,2,687,10,Online - Website
TXN-005631,SKU-0320,2024-10-15,2,763,0,Online - Nykaa
TXN-005632,SKU-0320,2024-10-18,2,649,15,Store - Koramangala
TXN-005633,SKU-0322,2024-08-28,1,433,0,Store - Koramangala
TXN-005634,SKU-0322,2024-09-02,1,346,20,Online - Nykaa
TXN-005635,SKU-0322,2024-09-07,1,433,0,Store - MG Road
TXN-005636,SKU-0322,2024-09-11,2,368,15,Store - MG Road
TXN-005637,SKU-0322,2024-09-16,2,346,20,Online - Website
TXN-005638,SKU-0322,2024-09-19,3,433,0,Online - Instagram
TXN-005639,SKU-0322,2024-09-23,2,433,0,Online - Website
TXN-005640,SKU-0322,2024-09-28,1,433,0,Online - Website
TXN-005641,SKU-0322,2024-10-02,2,433,0,Online - Nykaa
TXN-005642,SKU-0322,2024-10-06,3,433,0,Store - MG Road
TXN-005643,SKU-0322,2024-10-11,3,368,15,Store - Indiranagar
TXN-005644,SKU-0322,2024-10-15,1,433,0,Online - Website
TXN-005645,SKU-0322,2024-10-20,3,433,0,Store - Koramangala
TXN-005646,SKU-0322,2024-10-23,3,433,0,Store - Indiranagar
TXN-005647,SKU-0322,2024-10-28,1,433,0,Store - MG Road
TXN-005648,SKU-0322,2024-10-31,2,433,0,Store - Indiranagar
TXN-005649,SKU-0322,2024-11-03,2,433,0,Online - Instagram
TXN-005650,SKU-0323,2024-07-14,2,419,0,Store - MG Road
TXN-005651,SKU-0323,2024-07-19,2,419,0,Online - Nykaa
TXN-005652,SKU-0323,2024-07-22,1,419,0,Store - Koramangala
TXN-005653,SKU-0323,2024-07-26,1,419,0,Online - Instagram
TXN-005654,SKU-0323,2024-07-31,1,419,0,Online - Nykaa
TXN-005655,SKU-0323,2024-08-05,1,377,10,Online - Nykaa
TXN-005656,SKU-0323,2024-08-09,3,419,0,Online - Instagram
TXN-005657,SKU-0323,2024-08-13,2,419,0,Online - Nykaa
TXN-005658,SKU-0323,2024-08-17,1,377,10,Store - Indiranagar
TXN-005659,SKU-0323,2024-08-20,2,419,0,Store - Indiranagar
TXN-005660,SKU-0323,2024-08-24,1,419,0,Online - Nykaa
TXN-005661,SKU-0323,2024-08-27,2,419,0,Online - Website
TXN-005662,SKU-0323,2024-08-30,2,419,0,Store - MG Road
TXN-005663,SKU-0323,2024-09-03,2,419,0,Store - Indiranagar
TXN-005664,SKU-0323,2024-09-08,3,377,10,Online - Instagram
TXN-005665,SKU-0323,2024-09-13,3,419,0,Online - Website
TXN-005666,SKU-0323,2024-09-16,2,419,0,Online - Instagram
TXN-005667,SKU-0323,2024-09-20,3,419,0,Online - Instagram
TXN-005668,SKU-0323,2024-09-23,1,335,20,Online - Nykaa
TXN-005669,SKU-0323,2024-09-28,1,377,10,Online - Nykaa
TXN-005670,SKU-0323,2024-10-02,2,419,0,Online - Website
TXN-005671,SKU-0323,2024-10-06,2,419,0,Store - Indiranagar
TXN-005672,SKU-0324,2024-06-29,1,733,0,Store - Indiranagar
TXN-005673,SKU-0324,2024-07-02,3,733,0,Online - Website
TXN-005674,SKU-0324,2024-07-07,2,733,0,Online - Website
TXN-005675,SKU-0324,2024-07-11,1,733,0,Store - Koramangala
TXN-005676,SKU-0324,2024-07-14,1,733,0,Online - Nykaa
TXN-005677,SKU-0324,2024-07-17,3,733,0,Store - MG Road
TXN-005678,SKU-0324,2024-07-21,2,733,0,Online - Website
TXN-005679,SKU-0324,2024-07-25,3,733,0,Online - Instagram
TXN-005680,SKU-0324,2024-07-28,1,733,0,Online - Instagram
TXN-005681,SKU-0324,2024-07-31,1,733,0,Online - Website
TXN-005682,SKU-0324,2024-08-03,1,733,0,Online - Nykaa
TXN-005683,SKU-0324,2024-08-08,3,733,0,Online - Nykaa
TXN-005684,SKU-0324,2024-08-13,1,660,10,Online - Nykaa
TXN-005685,SKU-0324,2024-08-18,3,660,10,Online - Website
TXN-005686,SKU-0324,2024-08-22,1,733,0,Online - Instagram
TXN-005687,SKU-0324,2024-08-25,3,733,0,Store - MG Road
TXN-005688,SKU-0324,2024-08-29,3,550,25,Store - Koramangala
TXN-005689,SKU-0324,2024-09-02,2,733,0,Store - MG Road
TXN-005690,SKU-0324,2024-09-06,2,733,0,Online - Instagram
TXN-005691,SKU-0324,2024-09-11,3,733,0,Online - Nykaa
TXN-005692,SKU-0324,2024-09-16,2,550,25,Online - Nykaa
TXN-005693,SKU-0324,2024-09-21,1,733,0,Online - Nykaa
TXN-005694,SKU-0324,2024-09-25,1,733,0,Online - Website
TXN-005695,SKU-0324,2024-09-28,1,733,0,Store - MG Road
TXN-005696,SKU-0324,2024-10-01,1,733,0,Online - Nykaa
TXN-005697,SKU-0324,2024-10-05,1,733,0,Store - MG Road
TXN-005698,SKU-0325,2024-06-06,2,392,10,Store - Koramangala
TXN-005699,SKU-0325,2024-06-20,1,436,0,Store - Koramangala
TXN-005700,SKU-0325,2024-07-04,1,371,15,Online - Nykaa
TXN-005701,SKU-0325,2024-07-18,1,436,0,Online - Nykaa
TXN-005702,SKU-0325,2024-08-02,3,371,15,Store - Koramangala
TXN-005703,SKU-0325,2024-08-18,3,436,0,Online - Website
TXN-005704,SKU-0325,2024-09-02,1,436,0,Online - Instagram
TXN-005705,SKU-0326,2024-06-10,1,745,0,Online - Website
TXN-005706,SKU-0326,2024-06-14,2,745,0,Online - Instagram
TXN-005707,SKU-0326,2024-06-18,2,745,0,Store - MG Road
TXN-005708,SKU-0326,2024-06-22,1,745,0,Store - Koramangala
TXN-005709,SKU-0326,2024-06-26,2,745,0,Online - Instagram
TXN-005710,SKU-0326,2024-07-02,1,745,0,Online - Instagram
TXN-005711,SKU-0326,2024-07-08,2,745,0,Store - Indiranagar
TXN-005712,SKU-0326,2024-07-13,3,745,0,Store - Koramangala
TXN-005713,SKU-0326,2024-07-17,3,745,0,Store - MG Road
TXN-005714,SKU-0326,2024-07-23,3,745,0,Online - Nykaa
TXN-005715,SKU-0326,2024-07-29,3,745,0,Online - Website
TXN-005716,SKU-0326,2024-08-04,2,633,15,Store - Indiranagar
TXN-005717,SKU-0326,2024-08-09,3,745,0,Store - MG Road
TXN-005718,SKU-0326,2024-08-14,2,745,0,Store - MG Road
TXN-005719,SKU-0326,2024-08-20,3,745,0,Store - MG Road
TXN-005720,SKU-0326,2024-08-26,3,596,20,Online - Website
TXN-005721,SKU-0326,2024-08-30,1,670,10,Store - Koramangala
TXN-005722,SKU-0326,2024-09-04,2,745,0,Store - MG Road
TXN-005723,SKU-0326,2024-09-09,1,745,0,Online - Nykaa
TXN-005724,SKU-0326,2024-09-15,1,745,0,Online - Nykaa
TXN-005725,SKU-0326,2024-09-20,1,745,0,Store - MG Road
TXN-005726,SKU-0328,2024-11-01,1,394,25,Online - Instagram
TXN-005727,SKU-0328,2024-11-03,1,447,15,Online - Website
TXN-005728,SKU-0328,2024-11-04,3,526,0,Store - MG Road
TXN-005729,SKU-0328,2024-11-07,2,447,15,Store - Koramangala
TXN-005730,SKU-0328,2024-11-10,1,526,0,Store - Koramangala
TXN-005731,SKU-0328,2024-11-13,1,526,0,Online - Instagram
TXN-005732,SKU-0328,2024-11-14,3,526,0,Store - MG Road
TXN-005733,SKU-0328,2024-11-17,3,526,0,Store - Koramangala
TXN-005734,SKU-0328,2024-11-19,1,526,0,Online - Instagram
TXN-005735,SKU-0328,2024-11-20,2,526,0,Store - Koramangala
TXN-005736,SKU-0328,2024-11-21,3,526,0,Store - MG Road
TXN-005737,SKU-0328,2024-11-24,3,526,0,Online - Nykaa
TXN-005738,SKU-0328,2024-11-27,2,526,0,Store - Koramangala
TXN-005739,SKU-0328,2024-11-28,3,394,25,Store - Koramangala
TXN-005740,SKU-0328,2024-12-01,2,526,0,Online - Website
TXN-005741,SKU-0329,2024-11-16,1,354,0,Online - Instagram
TXN-005742,SKU-0329,2024-11-24,1,354,0,Store - Indiranagar
TXN-005743,SKU-0330,2024-07-16,3,706,10,Store - Indiranagar
TXN-005744,SKU-0330,2024-07-18,2,784,0,Online - Nykaa
TXN-005745,SKU-0330,2024-07-21,2,784,0,Store - Indiranagar
TXN-005746,SKU-0330,2024-07-22,2,784,0,Store - MG Road
TXN-005747,SKU-0330,2024-07-25,3,784,0,Online - Nykaa
TXN-005748,SKU-0330,2024-07-28,2,784,0,Online - Website
TXN-005749,SKU-0330,2024-07-30,2,784,0,Store - Koramangala
TXN-005750,SKU-0330,2024-07-31,1,784,0,Store - Indiranagar
TXN-005751,SKU-0330,2024-08-03,1,784,0,Store - Indiranagar
TXN-005752,SKU-0330,2024-08-04,1,706,10,Online - Website
TXN-005753,SKU-0330,2024-08-06,1,784,0,Online - Nykaa
TXN-005754,SKU-0330,2024-08-08,3,784,0,Store - Koramangala
TXN-005755,SKU-0330,2024-08-09,3,784,0,Online - Website
TXN-005756,SKU-0330,2024-08-11,3,784,0,Online - Instagram
TXN-005757,SKU-0330,2024-08-14,1,784,0,Online - Website
TXN-005758,SKU-0330,2024-08-15,1,784,0,Store - Indiranagar
TXN-005759,SKU-0330,2024-08-17,3,784,0,Online - Nykaa
TXN-005760,SKU-0330,2024-08-19,3,784,0,Online - Nykaa
TXN-005761,SKU-0330,2024-08-21,1,706,10,Online - Nykaa
TXN-005762,SKU-0330,2024-08-23,1,784,0,Store - Koramangala
TXN-005763,SKU-0330,2024-08-26,1,784,0,Store - Koramangala
TXN-005764,SKU-0330,2024-08-27,1,784,0,Online - Website
TXN-005765,SKU-0330,2024-08-28,3,784,0,Online - Instagram
TXN-005766,SKU-0330,2024-08-31,1,784,0,Store - Koramangala
TXN-005767,SKU-0330,2024-09-03,1,784,0,Online - Instagram
TXN-005768,SKU-0330,2024-09-04,3,784,0,Online - Website
TXN-005769,SKU-0330,2024-09-05,1,784,0,Online - Nykaa
TXN-005770,SKU-0330,2024-09-06,2,666,15,Store - Indiranagar
TXN-005771,SKU-0330,2024-09-09,2,706,10,Online - Nykaa
TXN-005772,SKU-0330,2024-09-11,2,784,0,Store - MG Road
TXN-005773,SKU-0330,2024-09-13,1,627,20,Store - Koramangala
TXN-005774,SKU-0330,2024-09-15,2,784,0,Online - Nykaa
TXN-005775,SKU-0330,2024-09-16,3,706,10,Online - Nykaa
TXN-005776,SKU-0330,2024-09-19,1,784,0,Online - Nykaa
TXN-005777,SKU-0330,2024-09-22,2,784,0,Online - Instagram
TXN-005778,SKU-0330,2024-09-23,1,784,0,Online - Nykaa
TXN-005779,SKU-0330,2024-09-24,2,784,0,Store - Koramangala
TXN-005780,SKU-0330,2024-09-25,2,784,0,Online - Instagram
TXN-005781,SKU-0330,2024-09-26,1,784,0,Online - Instagram
TXN-005782,SKU-0330,2024-09-29,2,784,0,Store - Indiranagar
TXN-005783,SKU-0330,2024-10-01,1,784,0,Online - Website
TXN-005784,SKU-0330,2024-10-04,3,784,0,Online - Nykaa
TXN-005785,SKU-0330,2024-10-06,2,784,0,Store - Indiranagar
TXN-005786,SKU-0330,2024-10-09,1,784,0,Online - Website
TXN-005787,SKU-0330,2024-10-12,2,784,0,Store - MG Road
TXN-005788,SKU-0330,2024-10-14,2,588,25,Store - Indiranagar
TXN-005789,SKU-0330,2024-10-15,2,784,0,Store - MG Road
TXN-005790,SKU-0330,2024-10-16,3,784,0,Online - Instagram
TXN-005791,SKU-0330,2024-10-17,3,784,0,Online - Nykaa
TXN-005792,SKU-0330,2024-10-19,1,784,0,Online - Instagram
TXN-005793,SKU-0331,2024-10-17,2,338,15,Online - Nykaa
TXN-005794,SKU-0331,2024-10-24,2,358,10,Store - Indiranagar
TXN-005795,SKU-0331,2024-11-02,1,398,0,Store - Koramangala
TXN-005796,SKU-0331,2024-11-10,1,398,0,Online - Nykaa
TXN-005797,SKU-0332,2024-06-28,3,563,0,Store - MG Road
TXN-005798,SKU-0332,2024-07-18,3,563,0,Online - Instagram
TXN-005799,SKU-0332,2024-08-06,2,563,0,Online - Website
TXN-005800,SKU-0333,2024-10-23,3,506,20,Online - Nykaa
TXN-005801,SKU-0333,2024-10-25,1,538,15,Store - MG Road
TXN-005802,SKU-0333,2024-10-26,2,633,0,Online - Website
TXN-005803,SKU-0333,2024-10-28,1,633,0,Online - Website
TXN-005804,SKU-0333,2024-10-29,1,633,0,Online - Nykaa
TXN-005805,SKU-0333,2024-11-01,3,633,0,Store - MG Road
TXN-005806,SKU-0333,2024-11-02,3,633,0,Online - Nykaa
TXN-005807,SKU-0333,2024-11-04,3,633,0,Online - Nykaa
TXN-005808,SKU-0333,2024-11-05,3,633,0,Online - Website
TXN-005809,SKU-0333,2024-11-06,1,633,0,Online - Instagram
TXN-005810,SKU-0334,2024-10-07,2,379,15,Store - Indiranagar
TXN-005811,SKU-0334,2024-10-18,1,446,0,Online - Nykaa
TXN-005812,SKU-0334,2024-10-28,1,446,0,Online - Instagram
TXN-005813,SKU-0334,2024-11-08,2,446,0,Store - Indiranagar
TXN-005814,SKU-0335,2024-06-24,3,527,0,Online - Instagram
TXN-005815,SKU-0335,2024-06-28,3,527,0,Online - Nykaa
TXN-005816,SKU-0335,2024-07-03,3,527,0,Store - Koramangala
TXN-005817,SKU-0335,2024-07-07,1,527,0,Online - Nykaa
TXN-005818,SKU-0335,2024-07-13,1,474,10,Store - MG Road
TXN-005819,SKU-0335,2024-07-17,1,527,0,Store - MG Road
TXN-005820,SKU-0335,2024-07-21,3,527,0,Online - Website
TXN-005821,SKU-0335,2024-07-26,1,527,0,Store - Koramangala
TXN-005822,SKU-0335,2024-07-30,2,527,0,Online - Nykaa
TXN-005823,SKU-0335,2024-08-05,2,527,0,Store - MG Road
TXN-005824,SKU-0335,2024-08-09,1,527,0,Online - Instagram
TXN-005825,SKU-0335,2024-08-15,1,448,15,Online - Nykaa
TXN-005826,SKU-0335,2024-08-20,1,527,0,Store - Koramangala
TXN-005827,SKU-0335,2024-08-25,2,474,10,Store - Indiranagar
TXN-005828,SKU-0335,2024-08-30,1,527,0,Store - Koramangala
TXN-005829,SKU-0335,2024-09-03,2,527,0,Online - Nykaa
TXN-005830,SKU-0335,2024-09-09,1,527,0,Online - Nykaa
TXN-005831,SKU-0335,2024-09-13,1,527,0,Online - Instagram
TXN-005832,SKU-0335,2024-09-18,1,448,15,Store - MG Road
TXN-005833,SKU-0335,2024-09-23,1,527,0,Online - Nykaa
TXN-005834,SKU-0336,2024-10-08,3,825,0,Store - MG Road
TXN-005835,SKU-0336,2024-10-10,1,825,0,Store - Koramangala
TXN-005836,SKU-0336,2024-10-13,1,825,0,Store - MG Road
TXN-005837,SKU-0336,2024-10-15,1,742,10,Store - Indiranagar
TXN-005838,SKU-0336,2024-10-18,2,825,0,Store - Indiranagar
TXN-005839,SKU-0336,2024-10-20,3,825,0,Store - MG Road
TXN-005840,SKU-0336,2024-10-23,2,825,0,Online - Website
TXN-005841,SKU-0336,2024-10-25,1,701,15,Online - Website
TXN-005842,SKU-0336,2024-10-26,1,825,0,Online - Nykaa
TXN-005843,SKU-0336,2024-10-29,3,825,0,Store - MG Road
TXN-005844,SKU-0336,2024-11-01,2,825,0,Online - Website
TXN-005845,SKU-0336,2024-11-02,3,701,15,Online - Nykaa
TXN-005846,SKU-0336,2024-11-03,3,825,0,Store - Indiranagar
TXN-005847,SKU-0336,2024-11-06,1,825,0,Store - MG Road
TXN-005848,SKU-0336,2024-11-07,2,825,0,Store - Indiranagar
TXN-005849,SKU-0336,2024-11-08,1,825,0,Store - Koramangala
TXN-005850,SKU-0336,2024-11-11,1,825,0,Online - Website
TXN-005851,SKU-0336,2024-11-12,1,825,0,Store - Koramangala
TXN-005852,SKU-0336,2024-11-14,3,825,0,Store - MG Road
TXN-005853,SKU-0336,2024-11-17,1,701,15,Online - Nykaa
TXN-005854,SKU-0336,2024-11-19,3,825,0,Store - Indiranagar
TXN-005855,SKU-0336,2024-11-22,1,619,25,Online - Nykaa
TXN-005856,SKU-0336,2024-11-25,3,742,10,Store - MG Road
TXN-005857,SKU-0336,2024-11-26,2,825,0,Store - Indiranagar
TXN-005858,SKU-0336,2024-11-29,2,701,15,Store - Indiranagar
TXN-005859,SKU-0336,2024-11-30,3,825,0,Online - Website
TXN-005860,SKU-0337,2024-11-06,2,565,15,Store - Indiranagar
TXN-005861,SKU-0337,2024-11-10,3,565,15,Store - MG Road
TXN-005862,SKU-0337,2024-11-14,3,532,20,Store - Indiranagar
TXN-005863,SKU-0337,2024-11-19,3,665,0,Online - Nykaa
TXN-005864,SKU-0337,2024-11-23,2,532,20,Store - Indiranagar
TXN-005865,SKU-0337,2024-11-27,1,665,0,Online - Nykaa
TXN-005866,SKU-0337,2024-11-30,2,665,0,Online - Nykaa
TXN-005867,SKU-0338,2024-10-09,3,605,15,Online - Instagram
TXN-005868,SKU-0338,2024-10-13,3,712,0,Store - MG Road
TXN-005869,SKU-0338,2024-10-16,2,712,0,Online - Website
TXN-005870,SKU-0338,2024-10-18,1,712,0,Store - MG Road
TXN-005871,SKU-0338,2024-10-20,3,712,0,Store - Indiranagar
TXN-005872,SKU-0338,2024-10-23,2,712,0,Online - Nykaa
TXN-005873,SKU-0338,2024-10-26,1,712,0,Online - Instagram
TXN-005874,SKU-0338,2024-10-28,1,712,0,Store - Koramangala
TXN-005875,SKU-0338,2024-10-31,2,712,0,Online - Instagram
TXN-005876,SKU-0338,2024-11-03,2,712,0,Online - Nykaa
TXN-005877,SKU-0339,2024-10-30,3,595,0,Online - Nykaa
TXN-005878,SKU-0339,2024-11-08,3,595,0,Store - Indiranagar
TXN-005879,SKU-0339,2024-11-15,2,506,15,Online - Instagram
TXN-005880,SKU-0339,2024-11-23,3,476,20,Online - Website
TXN-005881,SKU-0340,2024-11-05,2,456,10,Online - Website
TXN-005882,SKU-0340,2024-11-07,2,456,10,Store - MG Road
TXN-005883,SKU-0340,2024-11-10,2,507,0,Online - Website
TXN-005884,SKU-0340,2024-11-11,3,507,0,Online - Nykaa
TXN-005885,SKU-0340,2024-11-12,2,456,10,Online - Nykaa
TXN-005886,SKU-0340,2024-11-14,2,507,0,Store - MG Road
TXN-005887,SKU-0340,2024-11-15,1,507,0,Store - MG Road
TXN-005888,SKU-0340,2024-11-18,1,406,20,Online - Nykaa
TXN-005889,SKU-0340,2024-11-19,1,380,25,Online - Website
TXN-005890,SKU-0340,2024-11-20,3,507,0,Online - Nykaa
TXN-005891,SKU-0340,2024-11-23,2,507,0,Online - Nykaa
TXN-005892,SKU-0340,2024-11-25,2,507,0,Store - Koramangala
TXN-005893,SKU-0340,2024-11-27,1,507,0,Online - Website
TXN-005894,SKU-0340,2024-11-28,1,507,0,Store - Koramangala
TXN-005895,SKU-0340,2024-11-30,3,507,0,Store - MG Road
TXN-005896,SKU-0340,2024-12-01,2,380,25,Store - Koramangala
TXN-005897,SKU-0341,2024-07-10,3,374,0,Online - Nykaa
TXN-005898,SKU-0341,2024-07-13,1,374,0,Online - Nykaa
TXN-005899,SKU-0341,2024-07-16,1,374,0,Online - Website
TXN-005900,SKU-0341,2024-07-19,2,280,25,Store - Koramangala
TXN-005901,SKU-0341,2024-07-22,3,374,0,Online - Instagram
TXN-005902,SKU-0341,2024-07-25,3,374,0,Online - Nykaa
TXN-005903,SKU-0341,2024-07-30,2,374,0,Store - MG Road
TXN-005904,SKU-0341,2024-08-03,2,374,0,Online - Instagram
TXN-005905,SKU-0341,2024-08-07,1,318,15,Store - MG Road
TXN-005906,SKU-0341,2024-08-10,2,374,0,Store - Koramangala
TXN-005907,SKU-0341,2024-08-15,1,374,0,Online - Instagram
TXN-005908,SKU-0341,2024-08-18,3,374,0,Online - Instagram
TXN-005909,SKU-0341,2024-08-22,3,374,0,Store - MG Road
TXN-005910,SKU-0341,2024-08-26,3,374,0,Online - Nykaa
TXN-005911,SKU-0341,2024-08-29,3,299,20,Store - Indiranagar
TXN-005912,SKU-0341,2024-09-01,1,374,0,Online - Website
TXN-005913,SKU-0341,2024-09-05,2,374,0,Online - Website
TXN-005914,SKU-0341,2024-09-10,2,374,0,Store - MG Road
TXN-005915,SKU-0342,2024-11-09,2,482,0,Online - Nykaa
TXN-005916,SKU-0342,2024-11-12,1,482,0,Online - Website
TXN-005917,SKU-0342,2024-11-15,2,482,0,Online - Nykaa
TXN-005918,SKU-0342,2024-11-19,2,386,20,Store - Koramangala
TXN-005919,SKU-0342,2024-11-22,1,482,0,Store - Koramangala
TXN-005920,SKU-0342,2024-11-26,2,434,10,Store - MG Road
TXN-005921,SKU-0342,2024-12-01,3,482,0,Store - Koramangala
TXN-005922,SKU-0343,2024-08-02,2,744,0,Online - Nykaa
TXN-005923,SKU-0343,2024-08-15,3,744,0,Online - Nykaa
TXN-005924,SKU-0343,2024-08-29,1,744,0,Online - Nykaa
TXN-005925,SKU-0343,2024-09-12,2,744,0,Store - MG Road
TXN-005926,SKU-0343,2024-09-27,1,744,0,Online - Website
TXN-005927,SKU-0344,2024-10-19,3,825,0,Store - Indiranagar
TXN-005928,SKU-0344,2024-10-21,1,825,0,Online - Nykaa
TXN-005929,SKU-0344,2024-10-23,1,825,0,Store - Koramangala
TXN-005930,SKU-0344,2024-10-26,3,825,0,Store - MG Road
TXN-005931,SKU-0344,2024-10-27,2,825,0,Store - Indiranagar
TXN-005932,SKU-0344,2024-10-29,3,825,0,Store - Koramangala
TXN-005933,SKU-0344,2024-10-31,3,825,0,Store - MG Road
TXN-005934,SKU-0344,2024-11-02,1,742,10,Online - Website
TXN-005935,SKU-0344,2024-11-04,1,742,10,Online - Nykaa
TXN-005936,SKU-0344,2024-11-05,3,825,0,Online - Website
TXN-005937,SKU-0344,2024-11-07,1,825,0,Online - Instagram
TXN-005938,SKU-0344,2024-11-08,3,825,0,Store - MG Road
TXN-005939,SKU-0344,2024-11-10,3,825,0,Store - Indiranagar
TXN-005940,SKU-0344,2024-11-12,1,825,0,Online - Website
TXN-005941,SKU-0344,2024-11-14,2,701,15,Online - Instagram
TXN-005942,SKU-0344,2024-11-16,2,825,0,Online - Website
TXN-005943,SKU-0344,2024-11-17,1,825,0,Store - Indiranagar
TXN-005944,SKU-0344,2024-11-18,2,742,10,Store - Koramangala
TXN-005945,SKU-0344,2024-11-19,3,825,0,Online - Website
TXN-005946,SKU-0344,2024-11-20,1,825,0,Online - Website
TXN-005947,SKU-0344,2024-11-21,2,742,10,Store - Koramangala
TXN-005948,SKU-0344,2024-11-24,3,825,0,Online - Website
TXN-005949,SKU-0344,2024-11-25,1,825,0,Online - Nykaa
TXN-005950,SKU-0344,2024-11-28,1,660,20,Store - Indiranagar
TXN-005951,SKU-0344,2024-12-01,3,701,15,Online - Website
TXN-005952,SKU-0345,2024-09-28,3,390,0,Online - Nykaa
TXN-005953,SKU-0345,2024-10-01,1,390,0,Store - Koramangala
TXN-005954,SKU-0345,2024-10-05,3,390,0,Store - Indiranagar
TXN-005955,SKU-0345,2024-10-08,3,390,0,Store - MG Road
TXN-005956,SKU-0345,2024-10-11,3,390,0,Online - Nykaa
TXN-005957,SKU-0345,2024-10-16,3,390,0,Store - MG Road
TXN-005958,SKU-0345,2024-10-21,1,390,0,Store - MG Road
TXN-005959,SKU-0345,2024-10-24,3,390,0,Online - Nykaa
TXN-005960,SKU-0345,2024-10-27,3,390,0,Store - MG Road
TXN-005961,SKU-0345,2024-10-30,2,351,10,Store - Indiranagar
TXN-005962,SKU-0346,2024-08-16,3,488,0,Store - Koramangala
TXN-005963,SKU-0346,2024-08-17,3,488,0,Online - Instagram
TXN-005964,SKU-0346,2024-08-20,1,488,0,Store - Koramangala
TXN-005965,SKU-0346,2024-08-21,2,439,10,Online - Instagram
TXN-005966,SKU-0346,2024-08-22,2,439,10,Online - Instagram
TXN-005967,SKU-0346,2024-08-23,1,390,20,Store - Indiranagar
TXN-005968,SKU-0346,2024-08-25,2,390,20,Store - MG Road
TXN-005969,SKU-0346,2024-08-26,3,488,0,Online - Instagram
TXN-005970,SKU-0346,2024-08-28,1,488,0,Online - Instagram
TXN-005971,SKU-0346,2024-08-30,2,488,0,Store - MG Road
TXN-005972,SKU-0346,2024-09-01,2,488,0,Online - Website
TXN-005973,SKU-0346,2024-09-04,2,488,0,Online - Nykaa
TXN-005974,SKU-0346,2024-09-07,2,488,0,Online - Website
TXN-005975,SKU-0346,2024-09-08,1,488,0,Store - MG Road
TXN-005976,SKU-0346,2024-09-11,3,488,0,Store - Koramangala
TXN-005977,SKU-0346,2024-09-13,1,488,0,Online - Instagram
TXN-005978,SKU-0346,2024-09-15,1,488,0,Store - Koramangala
TXN-005979,SKU-0346,2024-09-18,3,390,20,Online - Instagram
TXN-005980,SKU-0346,2024-09-19,3,488,0,Store - Koramangala
TXN-005981,SKU-0346,2024-09-20,3,488,0,Store - MG Road
TXN-005982,SKU-0346,2024-09-23,3,415,15,Store - Koramangala
TXN-005983,SKU-0346,2024-09-26,3,488,0,Store - Koramangala
TXN-005984,SKU-0346,2024-09-28,2,488,0,Online - Nykaa
TXN-005985,SKU-0346,2024-10-01,2,488,0,Online - Nykaa
TXN-005986,SKU-0346,2024-10-03,1,439,10,Store - Koramangala
TXN-005987,SKU-0346,2024-10-05,1,488,0,Store - Koramangala
TXN-005988,SKU-0346,2024-10-06,3,488,0,Store - MG Road
TXN-005989,SKU-0346,2024-10-09,1,488,0,Store - MG Road
TXN-005990,SKU-0346,2024-10-10,2,488,0,Store - Indiranagar
TXN-005991,SKU-0346,2024-10-11,3,488,0,Store - MG Road
TXN-005992,SKU-0346,2024-10-14,1,488,0,Store - Koramangala
TXN-005993,SKU-0346,2024-10-16,2,488,0,Online - Instagram
TXN-005994,SKU-0346,2024-10-17,1,390,20,Online - Website
TXN-005995,SKU-0346,2024-10-19,1,488,0,Store - MG Road
TXN-005996,SKU-0346,2024-10-21,1,488,0,Online - Nykaa
TXN-005997,SKU-0346,2024-10-24,3,488,0,Store - Indiranagar
TXN-005998,SKU-0346,2024-10-25,2,366,25,Store - Indiranagar
TXN-005999,SKU-0346,2024-10-26,1,439,10,Store - Indiranagar
TXN-006000,SKU-0346,2024-10-29,2,488,0,Store - Indiranagar
TXN-006001,SKU-0347,2024-06-23,3,396,0,Store - Indiranagar
TXN-006002,SKU-0347,2024-06-25,1,396,0,Online - Instagram
TXN-006003,SKU-0347,2024-06-27,1,396,0,Online - Instagram
TXN-006004,SKU-0347,2024-06-29,3,396,0,Online - Website
TXN-006005,SKU-0347,2024-07-01,2,317,20,Online - Nykaa
TXN-006006,SKU-0347,2024-07-05,3,337,15,Store - Koramangala
TXN-006007,SKU-0347,2024-07-08,3,396,0,Online - Instagram
TXN-006008,SKU-0347,2024-07-11,3,317,20,Store - Koramangala
TXN-006009,SKU-0347,2024-07-14,1,396,0,Store - Koramangala
TXN-006010,SKU-0347,2024-07-16,2,337,15,Store - Indiranagar
TXN-006011,SKU-0347,2024-07-18,2,337,15,Online - Website
TXN-006012,SKU-0347,2024-07-22,2,396,0,Online - Website
TXN-006013,SKU-0347,2024-07-24,1,396,0,Store - Koramangala
TXN-006014,SKU-0347,2024-07-26,1,396,0,Online - Instagram
TXN-006015,SKU-0347,2024-07-28,3,297,25,Store - MG Road
TXN-006016,SKU-0347,2024-07-31,1,396,0,Online - Website
TXN-006017,SKU-0347,2024-08-04,2,396,0,Online - Nykaa
TXN-006018,SKU-0347,2024-08-08,1,356,10,Online - Website
TXN-006019,SKU-0347,2024-08-11,1,396,0,Store - Koramangala
TXN-006020,SKU-0347,2024-08-15,2,396,0,Store - Koramangala
TXN-006021,SKU-0347,2024-08-19,1,396,0,Store - Indiranagar
TXN-006022,SKU-0347,2024-08-21,2,337,15,Store - Indiranagar
TXN-006023,SKU-0347,2024-08-23,2,396,0,Online - Website
TXN-006024,SKU-0347,2024-08-25,2,396,0,Online - Instagram
TXN-006025,SKU-0347,2024-08-28,1,396,0,Store - MG Road
TXN-006026,SKU-0347,2024-08-31,3,396,0,Online - Nykaa
TXN-006027,SKU-0347,2024-09-04,3,396,0,Store - Indiranagar
TXN-006028,SKU-0347,2024-09-07,2,396,0,Store - Koramangala
TXN-006029,SKU-0347,2024-09-10,3,396,0,Store - Koramangala
TXN-006030,SKU-0347,2024-09-13,2,396,0,Store - Indiranagar
TXN-006031,SKU-0347,2024-09-17,3,396,0,Store - Indiranagar
TXN-006032,SKU-0347,2024-09-21,3,396,0,Store - MG Road
TXN-006033,SKU-0347,2024-09-25,3,396,0,Online - Instagram
TXN-006034,SKU-0347,2024-09-27,2,396,0,Online - Website
TXN-006035,SKU-0347,2024-09-29,3,337,15,Store - MG Road
TXN-006036,SKU-0347,2024-10-01,1,396,0,Online - Instagram
TXN-006037,SKU-0348,2024-10-11,3,522,20,Store - Indiranagar
TXN-006038,SKU-0348,2024-10-16,1,652,0,Online - Website
TXN-006039,SKU-0348,2024-10-20,1,652,0,Store - Koramangala
TXN-006040,SKU-0348,2024-10-23,2,652,0,Online - Nykaa
TXN-006041,SKU-0348,2024-10-28,2,652,0,Store - MG Road
TXN-006042,SKU-0348,2024-11-01,1,652,0,Store - Indiranagar
TXN-006043,SKU-0348,2024-11-05,2,652,0,Store - MG Road
TXN-006044,SKU-0348,2024-11-08,1,554,15,Online - Instagram
TXN-006045,SKU-0348,2024-11-11,1,652,0,Online - Nykaa
TXN-006046,SKU-0348,2024-11-14,3,652,0,Online - Nykaa
TXN-006047,SKU-0349,2024-06-26,1,833,0,Online - Nykaa
TXN-006048,SKU-0349,2024-07-17,3,833,0,Store - MG Road
TXN-006049,SKU-0349,2024-08-05,1,833,0,Online - Website
TXN-006050,SKU-0349,2024-08-24,1,833,0,Store - MG Road
TXN-006051,SKU-0349,2024-09-14,1,833,0,Online - Instagram
TXN-006052,SKU-0349,2024-10-04,1,833,0,Online - Nykaa
TXN-006053,SKU-0350,2024-06-20,2,600,0,Online - Website
TXN-006054,SKU-0350,2024-06-23,1,600,0,Online - Instagram
TXN-006055,SKU-0350,2024-06-26,1,600,0,Store - Indiranagar
TXN-006056,SKU-0350,2024-07-01,2,600,0,Online - Website
TXN-006057,SKU-0350,2024-07-04,1,600,0,Online - Instagram
TXN-006058,SKU-0350,2024-07-09,1,510,15,Online - Instagram
TXN-006059,SKU-0350,2024-07-12,2,600,0,Store - Koramangala
TXN-006060,SKU-0350,2024-07-17,2,600,0,Online - Nykaa
TXN-006061,SKU-0350,2024-07-22,1,600,0,Online - Website
TXN-006062,SKU-0350,2024-07-25,1,540,10,Store - MG Road
TXN-006063,SKU-0350,2024-07-28,2,600,0,Store - Indiranagar
TXN-006064,SKU-0350,2024-07-31,2,600,0,Online - Instagram
TXN-006065,SKU-0350,2024-08-03,2,600,0,Online - Website
TXN-006066,SKU-0350,2024-08-08,2,510,15,Store - MG Road
TXN-006067,SKU-0350,2024-08-13,1,600,0,Online - Nykaa
TXN-006068,SKU-0350,2024-08-16,1,600,0,Online - Nykaa
TXN-006069,SKU-0350,2024-08-21,2,600,0,Store - MG Road
TXN-006070,SKU-0350,2024-08-25,1,540,10,Online - Website
TXN-006071,SKU-0350,2024-08-29,1,600,0,Store - Indiranagar
TXN-006072,SKU-0350,2024-09-01,3,600,0,Store - MG Road
TXN-006073,SKU-0350,2024-09-06,2,480,20,Store - Koramangala
TXN-006074,SKU-0350,2024-09-09,2,480,20,Online - Instagram
TXN-006075,SKU-0350,2024-09-12,1,600,0,Store - MG Road
TXN-006076,SKU-0350,2024-09-15,1,600,0,Store - Koramangala
TXN-006077,SKU-0350,2024-09-19,3,600,0,Online - Instagram
TXN-006078,SKU-0350,2024-09-22,3,540,10,Online - Website
TXN-006079,SKU-0350,2024-09-26,2,510,15,Online - Instagram
TXN-006080,SKU-0350,2024-10-01,2,510,15,Store - Koramangala
TXN-006081,SKU-0350,2024-10-05,3,600,0,Store - Koramangala
TXN-006082,SKU-0350,2024-10-10,2,600,0,Online - Instagram
TXN-006083,SKU-0350,2024-10-15,2,600,0,Online - Instagram
TXN-006084,SKU-0350,2024-10-19,3,600,0,Store - Koramangala
TXN-006085,SKU-0350,2024-10-23,1,450,25,Store - MG Road
TXN-006086,SKU-0350,2024-10-28,1,540,10,Online - Website
TXN-006087,SKU-0350,2024-10-31,1,600,0,Store - Koramangala
TXN-006088,SKU-0350,2024-11-05,2,600,0,Online - Instagram
TXN-006089,SKU-0350,2024-11-08,3,600,0,Online - Instagram
TXN-006090,SKU-0351,2024-10-14,1,539,0,Online - Nykaa
TXN-006091,SKU-0351,2024-10-15,3,539,0,Online - Nykaa
TXN-006092,SKU-0351,2024-10-18,3,539,0,Store - MG Road
TXN-006093,SKU-0351,2024-10-21,1,539,0,Store - MG Road
TXN-006094,SKU-0351,2024-10-22,2,539,0,Online - Website
TXN-006095,SKU-0351,2024-10-23,3,458,15,Store - Indiranagar
TXN-006096,SKU-0351,2024-10-24,2,539,0,Store - Indiranagar
TXN-006097,SKU-0351,2024-10-27,1,485,10,Online - Website
TXN-006098,SKU-0351,2024-10-28,3,539,0,Online - Instagram
TXN-006099,SKU-0351,2024-10-30,1,539,0,Online - Nykaa
TXN-006100,SKU-0351,2024-11-01,3,458,15,Online - Nykaa
TXN-006101,SKU-0351,2024-11-02,2,539,0,Online - Instagram
TXN-006102,SKU-0351,2024-11-04,2,539,0,Store - Indiranagar
TXN-006103,SKU-0351,2024-11-06,2,539,0,Store - Indiranagar
TXN-006104,SKU-0351,2024-11-07,3,539,0,Store - MG Road
TXN-006105,SKU-0351,2024-11-09,3,539,0,Store - MG Road
TXN-006106,SKU-0351,2024-11-12,1,539,0,Store - MG Road
TXN-006107,SKU-0351,2024-11-14,1,539,0,Online - Instagram
TXN-006108,SKU-0351,2024-11-17,1,539,0,Online - Instagram
TXN-006109,SKU-0351,2024-11-20,1,539,0,Store - Koramangala
TXN-006110,SKU-0352,2024-06-17,3,495,20,Store - Koramangala
TXN-006111,SKU-0352,2024-06-28,2,619,0,Store - MG Road
TXN-006112,SKU-0352,2024-07-11,1,619,0,Store - MG Road
TXN-006113,SKU-0352,2024-07-24,1,619,0,Online - Website
TXN-006114,SKU-0352,2024-08-06,2,619,0,Store - MG Road
TXN-006115,SKU-0352,2024-08-17,1,619,0,Store - Koramangala
TXN-006116,SKU-0352,2024-08-28,2,619,0,Store - Koramangala
TXN-006117,SKU-0352,2024-09-08,2,619,0,Online - Nykaa
TXN-006118,SKU-0353,2024-10-30,1,775,0,Store - Indiranagar
TXN-006119,SKU-0353,2024-10-31,3,698,10,Online - Nykaa
TXN-006120,SKU-0353,2024-11-02,2,659,15,Online - Website
TXN-006121,SKU-0353,2024-11-04,3,775,0,Online - Nykaa
TXN-006122,SKU-0353,2024-11-07,1,775,0,Store - Koramangala
TXN-006123,SKU-0353,2024-11-08,3,775,0,Online - Website
TXN-006124,SKU-0353,2024-11-09,1,775,0,Online - Nykaa
TXN-006125,SKU-0353,2024-11-10,1,775,0,Online - Instagram
TXN-006126,SKU-0353,2024-11-13,2,775,0,Store - Indiranagar
TXN-006127,SKU-0353,2024-11-15,2,775,0,Store - MG Road
TXN-006128,SKU-0353,2024-11-17,3,775,0,Store - MG Road
TXN-006129,SKU-0353,2024-11-18,2,775,0,Online - Website
TXN-006130,SKU-0353,2024-11-20,2,775,0,Online - Nykaa
TXN-006131,SKU-0353,2024-11-23,1,775,0,Online - Website
TXN-006132,SKU-0353,2024-11-26,2,775,0,Online - Nykaa
TXN-006133,SKU-0353,2024-11-27,2,775,0,Online - Website
TXN-006134,SKU-0353,2024-11-29,3,659,15,Online - Instagram
TXN-006135,SKU-0354,2024-07-17,2,422,0,Store - MG Road
TXN-006136,SKU-0354,2024-07-19,3,380,10,Online - Website
TXN-006137,SKU-0354,2024-07-22,1,422,0,Online - Nykaa
TXN-006138,SKU-0354,2024-07-24,3,422,0,Store - Indiranagar
TXN-006139,SKU-0354,2024-07-28,3,422,0,Online - Website
TXN-006140,SKU-0354,2024-08-01,1,422,0,Store - MG Road
TXN-006141,SKU-0354,2024-08-05,1,422,0,Store - Indiranagar
TXN-006142,SKU-0354,2024-08-08,3,422,0,Store - MG Road
TXN-006143,SKU-0354,2024-08-10,1,422,0,Online - Nykaa
TXN-006144,SKU-0354,2024-08-13,3,422,0,Store - Koramangala
TXN-006145,SKU-0354,2024-08-15,2,338,20,Online - Website
TXN-006146,SKU-0354,2024-08-18,2,422,0,Online - Website
TXN-006147,SKU-0354,2024-08-21,3,422,0,Online - Instagram
TXN-006148,SKU-0354,2024-08-24,3,359,15,Online - Nykaa
TXN-006149,SKU-0354,2024-08-26,1,422,0,Online - Instagram
TXN-006150,SKU-0354,2024-08-29,2,422,0,Store - MG Road
TXN-006151,SKU-0354,2024-09-02,2,359,15,Online - Nykaa
TXN-006152,SKU-0354,2024-09-06,1,422,0,Online - Website
TXN-006153,SKU-0354,2024-09-08,2,422,0,Store - Indiranagar
TXN-006154,SKU-0354,2024-09-11,2,316,25,Store - Koramangala
TXN-006155,SKU-0354,2024-09-15,2,380,10,Store - Koramangala
TXN-006156,SKU-0354,2024-09-19,3,422,0,Store - Koramangala
TXN-006157,SKU-0354,2024-09-21,2,422,0,Store - MG Road
TXN-006158,SKU-0354,2024-09-25,1,422,0,Store - MG Road
TXN-006159,SKU-0354,2024-09-28,1,422,0,Online - Website
TXN-006160,SKU-0354,2024-10-01,3,422,0,Online - Instagram
TXN-006161,SKU-0354,2024-10-05,2,316,25,Online - Website
TXN-006162,SKU-0354,2024-10-09,1,316,25,Online - Instagram
TXN-006163,SKU-0354,2024-10-13,2,359,15,Online - Instagram
TXN-006164,SKU-0355,2024-10-19,1,436,15,Store - MG Road
TXN-006165,SKU-0355,2024-10-22,3,513,0,Online - Nykaa
TXN-006166,SKU-0355,2024-10-27,3,513,0,Store - MG Road
TXN-006167,SKU-0355,2024-10-31,1,462,10,Store - Indiranagar
TXN-006168,SKU-0355,2024-11-05,2,513,0,Online - Instagram
TXN-006169,SKU-0355,2024-11-09,1,410,20,Online - Website
TXN-006170,SKU-0355,2024-11-13,1,513,0,Online - Nykaa
TXN-006171,SKU-0355,2024-11-17,1,462,10,Online - Instagram
TXN-006172,SKU-0355,2024-11-21,1,462,10,Store - Koramangala
TXN-006173,SKU-0356,2024-09-01,1,461,20,Online - Nykaa
TXN-006174,SKU-0356,2024-09-07,3,576,0,Store - Koramangala
TXN-006175,SKU-0356,2024-09-11,2,576,0,Online - Nykaa
TXN-006176,SKU-0356,2024-09-15,3,576,0,Store - Indiranagar
TXN-006177,SKU-0356,2024-09-21,2,576,0,Online - Website
TXN-006178,SKU-0356,2024-09-26,1,576,0,Online - Instagram
TXN-006179,SKU-0356,2024-10-01,1,576,0,Store - MG Road
TXN-006180,SKU-0356,2024-10-06,3,461,20,Store - Indiranagar
TXN-006181,SKU-0356,2024-10-10,2,432,25,Online - Website
TXN-006182,SKU-0356,2024-10-14,3,576,0,Online - Website
TXN-006183,SKU-0357,2024-07-31,2,474,0,Store - MG Road
TXN-006184,SKU-0357,2024-08-16,3,427,10,Online - Instagram
TXN-006185,SKU-0357,2024-08-31,3,474,0,Store - Koramangala
TXN-006186,SKU-0358,2024-10-14,3,617,0,Store - MG Road
TXN-006187,SKU-0358,2024-10-22,2,617,0,Online - Nykaa
TXN-006188,SKU-0358,2024-10-29,1,617,0,Store - MG Road
TXN-006189,SKU-0358,2024-11-07,3,617,0,Store - MG Road
TXN-006190,SKU-0358,2024-11-16,3,617,0,Online - Instagram
TXN-006191,SKU-0358,2024-11-25,1,617,0,Online - Nykaa
TXN-006192,SKU-0359,2024-10-14,1,673,0,Store - Koramangala
TXN-006193,SKU-0359,2024-10-19,1,673,0,Online - Instagram
TXN-006194,SKU-0359,2024-10-24,1,673,0,Online - Nykaa
TXN-006195,SKU-0359,2024-10-29,2,538,20,Store - Indiranagar
TXN-006196,SKU-0359,2024-11-03,2,572,15,Store - Koramangala
TXN-006197,SKU-0359,2024-11-08,3,673,0,Online - Nykaa
TXN-006198,SKU-0359,2024-11-12,1,673,0,Online - Website
TXN-006199,SKU-0359,2024-11-17,3,673,0,Store - Indiranagar
TXN-006200,SKU-0359,2024-11-20,2,606,10,Online - Instagram
TXN-006201,SKU-0359,2024-11-25,1,673,0,Store - Indiranagar
TXN-006202,SKU-0359,2024-11-30,1,673,0,Online - Instagram
TXN-006203,SKU-0360,2024-09-03,1,780,0,Store - Koramangala
TXN-006204,SKU-0360,2024-09-04,1,780,0,Online - Nykaa
TXN-006205,SKU-0360,2024-09-05,3,702,10,Store - Indiranagar
TXN-006206,SKU-0360,2024-09-08,1,780,0,Online - Nykaa
TXN-006207,SKU-0360,2024-09-10,1,624,20,Store - Koramangala
TXN-006208,SKU-0360,2024-09-13,2,663,15,Online - Nykaa
TXN-006209,SKU-0360,2024-09-15,3,780,0,Store - Koramangala
TXN-006210,SKU-0360,2024-09-18,3,624,20,Store - MG Road
TXN-006211,SKU-0360,2024-09-19,3,780,0,Online - Instagram
TXN-006212,SKU-0360,2024-09-22,3,780,0,Store - Indiranagar
TXN-006213,SKU-0360,2024-09-25,1,702,10,Store - Koramangala
TXN-006214,SKU-0360,2024-09-27,3,663,15,Store - MG Road
TXN-006215,SKU-0360,2024-09-30,2,780,0,Online - Instagram
TXN-006216,SKU-0360,2024-10-01,2,780,0,Online - Instagram
TXN-006217,SKU-0360,2024-10-04,1,780,0,Online - Instagram
TXN-006218,SKU-0360,2024-10-06,2,780,0,Store - MG Road
TXN-006219,SKU-0360,2024-10-07,3,780,0,Store - Koramangala
TXN-006220,SKU-0360,2024-10-10,3,780,0,Online - Instagram
TXN-006221,SKU-0360,2024-10-13,1,780,0,Store - Indiranagar
TXN-006222,SKU-0360,2024-10-14,3,780,0,Store - Indiranagar
TXN-006223,SKU-0360,2024-10-15,1,624,20,Online - Instagram
TXN-006224,SKU-0360,2024-10-17,1,780,0,Online - Instagram
TXN-006225,SKU-0360,2024-10-18,3,663,15,Store - MG Road
TXN-006226,SKU-0360,2024-10-20,1,624,20,Online - Website
TXN-006227,SKU-0360,2024-10-21,3,702,10,Store - Indiranagar
TXN-006228,SKU-0360,2024-10-22,1,624,20,Store - MG Road
TXN-006229,SKU-0360,2024-10-25,3,780,0,Online - Nykaa
TXN-006230,SKU-0360,2024-10-27,1,702,10,Store - Indiranagar
TXN-006231,SKU-0360,2024-10-28,2,780,0,Online - Instagram
TXN-006232,SKU-0360,2024-10-31,2,780,0,Online - Website
TXN-006233,SKU-0360,2024-11-02,1,780,0,Online - Instagram
TXN-006234,SKU-0360,2024-11-04,1,780,0,Online - Nykaa
TXN-006235,SKU-0361,2024-10-28,1,642,15,Online - Website
TXN-006236,SKU-0361,2024-11-15,1,755,0,Online - Instagram
TXN-006237,SKU-0362,2024-08-18,2,804,0,Store - MG Road
TXN-006238,SKU-0362,2024-08-20,3,804,0,Store - MG Road
TXN-006239,SKU-0362,2024-08-22,3,804,0,Store - Koramangala
TXN-006240,SKU-0362,2024-08-23,1,804,0,Online - Website
TXN-006241,SKU-0362,2024-08-26,2,804,0,Online - Website
TXN-006242,SKU-0362,2024-08-28,1,683,15,Store - MG Road
TXN-006243,SKU-0362,2024-08-31,3,804,0,Online - Nykaa
TXN-006244,SKU-0362,2024-09-03,3,804,0,Store - Koramangala
TXN-006245,SKU-0362,2024-09-06,3,804,0,Online - Nykaa
TXN-006246,SKU-0362,2024-09-09,1,804,0,Online - Nykaa
TXN-006247,SKU-0362,2024-09-11,1,804,0,Store - Koramangala
TXN-006248,SKU-0362,2024-09-13,2,804,0,Store - MG Road
TXN-006249,SKU-0362,2024-09-14,1,643,20,Store - MG Road
TXN-006250,SKU-0362,2024-09-15,1,804,0,Store - MG Road
TXN-006251,SKU-0362,2024-09-18,1,724,10,Online - Instagram
TXN-006252,SKU-0362,2024-09-21,1,804,0,Online - Nykaa
TXN-006253,SKU-0362,2024-09-22,3,804,0,Online - Nykaa
TXN-006254,SKU-0362,2024-09-24,3,804,0,Store - Koramangala
TXN-006255,SKU-0362,2024-09-25,2,804,0,Store - Koramangala
TXN-006256,SKU-0362,2024-09-27,3,804,0,Online - Instagram
TXN-006257,SKU-0362,2024-09-29,1,804,0,Online - Instagram
TXN-006258,SKU-0362,2024-09-30,2,804,0,Store - Indiranagar
TXN-006259,SKU-0362,2024-10-01,1,724,10,Online - Nykaa
TXN-006260,SKU-0362,2024-10-02,1,804,0,Store - Koramangala
TXN-006261,SKU-0362,2024-10-05,2,804,0,Store - Koramangala
TXN-006262,SKU-0362,2024-10-08,1,804,0,Store - Koramangala
TXN-006263,SKU-0362,2024-10-11,3,804,0,Online - Instagram
TXN-006264,SKU-0362,2024-10-14,3,804,0,Online - Instagram
TXN-006265,SKU-0362,2024-10-15,3,804,0,Online - Nykaa
TXN-006266,SKU-0362,2024-10-17,3,804,0,Online - Nykaa
TXN-006267,SKU-0362,2024-10-20,2,804,0,Store - Indiranagar
TXN-006268,SKU-0362,2024-10-22,2,804,0,Store - Koramangala
TXN-006269,SKU-0362,2024-10-23,1,643,20,Online - Instagram
TXN-006270,SKU-0362,2024-10-26,3,804,0,Store - Indiranagar
TXN-006271,SKU-0362,2024-10-29,1,724,10,Store - Indiranagar
TXN-006272,SKU-0362,2024-10-30,2,683,15,Online - Nykaa
TXN-006273,SKU-0363,2024-08-05,2,788,0,Store - Koramangala
TXN-006274,SKU-0364,2024-11-06,3,410,0,Store - MG Road
TXN-006275,SKU-0364,2024-11-10,3,369,10,Online - Instagram
TXN-006276,SKU-0364,2024-11-13,2,410,0,Online - Website
TXN-006277,SKU-0364,2024-11-17,3,348,15,Online - Instagram
TXN-006278,SKU-0364,2024-11-21,1,308,25,Online - Instagram
TXN-006279,SKU-0364,2024-11-24,2,410,0,Store - Indiranagar
TXN-006280,SKU-0364,2024-11-27,3,410,0,Store - Indiranagar
TXN-006281,SKU-0364,2024-11-30,3,410,0,Online - Nykaa
TXN-006282,SKU-0365,2024-08-11,2,458,0,Online - Nykaa
TXN-006283,SKU-0365,2024-08-20,3,458,0,Store - Koramangala
TXN-006284,SKU-0365,2024-08-31,3,458,0,Online - Nykaa
TXN-006285,SKU-0365,2024-09-10,1,458,0,Store - MG Road
TXN-006286,SKU-0365,2024-09-21,2,458,0,Online - Nykaa
TXN-006287,SKU-0365,2024-10-02,1,458,0,Online - Nykaa
TXN-006288,SKU-0366,2024-09-30,3,538,0,Store - Koramangala
TXN-006289,SKU-0366,2024-10-02,3,538,0,Online - Instagram
TXN-006290,SKU-0366,2024-10-05,3,484,10,Store - Koramangala
TXN-006291,SKU-0366,2024-10-07,1,538,0,Online - Nykaa
TXN-006292,SKU-0366,2024-10-09,2,484,10,Online - Nykaa
TXN-006293,SKU-0366,2024-10-10,2,538,0,Online - Nykaa
TXN-006294,SKU-0366,2024-10-11,1,538,0,Online - Website
TXN-006295,SKU-0366,2024-10-13,1,404,25,Online - Nykaa
TXN-006296,SKU-0366,2024-10-14,1,538,0,Online - Website
TXN-006297,SKU-0366,2024-10-16,1,538,0,Online - Nykaa
TXN-006298,SKU-0366,2024-10-19,2,538,0,Store - Indiranagar
TXN-006299,SKU-0366,2024-10-21,3,538,0,Online - Nykaa
TXN-006300,SKU-0366,2024-10-22,1,538,0,Online - Website
TXN-006301,SKU-0366,2024-10-23,3,538,0,Store - Indiranagar
TXN-006302,SKU-0366,2024-10-24,1,484,10,Online - Nykaa
TXN-006303,SKU-0366,2024-10-26,1,538,0,Store - Koramangala
TXN-006304,SKU-0366,2024-10-29,2,538,0,Online - Website
TXN-006305,SKU-0366,2024-10-31,3,538,0,Online - Website
TXN-006306,SKU-0366,2024-11-01,2,538,0,Online - Nykaa
TXN-006307,SKU-0366,2024-11-02,3,404,25,Store - Indiranagar
TXN-006308,SKU-0366,2024-11-05,1,538,0,Store - MG Road
TXN-006309,SKU-0366,2024-11-08,1,538,0,Store - Koramangala
TXN-006310,SKU-0366,2024-11-09,3,484,10,Store - Koramangala
TXN-006311,SKU-0366,2024-11-12,2,538,0,Online - Instagram
TXN-006312,SKU-0366,2024-11-15,1,538,0,Online - Website
TXN-006313,SKU-0366,2024-11-17,2,484,10,Store - MG Road
TXN-006314,SKU-0366,2024-11-18,3,538,0,Online - Website
TXN-006315,SKU-0366,2024-11-20,2,538,0,Store - Koramangala
TXN-006316,SKU-0366,2024-11-23,2,538,0,Online - Website
TXN-006317,SKU-0366,2024-11-24,1,484,10,Online - Nykaa
TXN-006318,SKU-0366,2024-11-27,3,484,10,Store - Koramangala
TXN-006319,SKU-0366,2024-11-28,3,538,0,Store - MG Road
TXN-006320,SKU-0366,2024-11-29,3,538,0,Online - Instagram
TXN-006321,SKU-0366,2024-11-30,1,538,0,Store - Koramangala
TXN-006322,SKU-0367,2024-08-25,2,644,0,Store - Indiranagar
TXN-006323,SKU-0367,2024-09-02,3,644,0,Store - Koramangala
TXN-006324,SKU-0367,2024-09-11,2,644,0,Store - Koramangala
TXN-006325,SKU-0367,2024-09-18,2,644,0,Store - Indiranagar
TXN-006326,SKU-0367,2024-09-25,1,547,15,Online - Instagram
TXN-006327,SKU-0367,2024-10-04,3,547,15,Online - Website
TXN-006328,SKU-0367,2024-10-12,2,644,0,Store - MG Road
TXN-006329,SKU-0367,2024-10-21,3,547,15,Store - MG Road
TXN-006330,SKU-0367,2024-10-28,2,644,0,Online - Website
TXN-006331,SKU-0367,2024-11-04,3,644,0,Online - Nykaa
TXN-006332,SKU-0368,2024-10-12,3,693,0,Online - Instagram
TXN-006333,SKU-0368,2024-10-16,2,554,20,Online - Website
TXN-006334,SKU-0368,2024-10-20,1,693,0,Online - Website
TXN-006335,SKU-0368,2024-10-24,1,589,15,Online - Website
TXN-006336,SKU-0368,2024-10-29,1,693,0,Store - Koramangala
TXN-006337,SKU-0368,2024-11-01,2,693,0,Store - Koramangala
TXN-006338,SKU-0368,2024-11-06,1,624,10,Store - Koramangala
TXN-006339,SKU-0368,2024-11-10,3,589,15,Online - Website
TXN-006340,SKU-0368,2024-11-13,1,693,0,Online - Website
TXN-006341,SKU-0368,2024-11-16,1,693,0,Store - Koramangala
TXN-006342,SKU-0368,2024-11-21,3,554,20,Online - Website
TXN-006343,SKU-0368,2024-11-24,2,693,0,Store - Indiranagar
TXN-006344,SKU-0368,2024-11-29,1,624,10,Store - Indiranagar
TXN-006345,SKU-0369,2024-06-30,3,388,0,Online - Website
TXN-006346,SKU-0369,2024-07-03,1,330,15,Online - Website
TXN-006347,SKU-0369,2024-07-06,3,388,0,Online - Nykaa
TXN-006348,SKU-0369,2024-07-07,3,388,0,Online - Website
TXN-006349,SKU-0369,2024-07-10,1,388,0,Online - Nykaa
TXN-006350,SKU-0369,2024-07-13,2,388,0,Store - Indiranagar
TXN-006351,SKU-0369,2024-07-16,2,330,15,Store - Koramangala
TXN-006352,SKU-0369,2024-07-18,1,388,0,Store - MG Road
TXN-006353,SKU-0369,2024-07-21,2,388,0,Store - Indiranagar
TXN-006354,SKU-0369,2024-07-24,1,388,0,Online - Nykaa
TXN-006355,SKU-0369,2024-07-25,2,330,15,Online - Website
TXN-006356,SKU-0369,2024-07-28,1,388,0,Store - MG Road
TXN-006357,SKU-0369,2024-07-30,2,388,0,Online - Instagram
TXN-006358,SKU-0369,2024-07-31,3,310,20,Online - Instagram
TXN-006359,SKU-0369,2024-08-03,3,388,0,Store - Koramangala
TXN-006360,SKU-0369,2024-08-05,1,349,10,Store - Indiranagar
TXN-006361,SKU-0369,2024-08-08,1,349,10,Online - Nykaa
TXN-006362,SKU-0369,2024-08-11,3,388,0,Store - Indiranagar
TXN-006363,SKU-0369,2024-08-14,1,388,0,Online - Website
TXN-006364,SKU-0369,2024-08-15,3,388,0,Online - Nykaa
TXN-006365,SKU-0369,2024-08-17,3,388,0,Store - MG Road
TXN-006366,SKU-0369,2024-08-18,3,388,0,Store - Koramangala
TXN-006367,SKU-0369,2024-08-20,2,388,0,Store - Koramangala
TXN-006368,SKU-0369,2024-08-22,1,388,0,Store - MG Road
TXN-006369,SKU-0369,2024-08-24,2,388,0,Store - MG Road
TXN-006370,SKU-0369,2024-08-26,3,388,0,Store - Koramangala
TXN-006371,SKU-0369,2024-08-27,3,388,0,Online - Instagram
TXN-006372,SKU-0369,2024-08-30,3,388,0,Store - Indiranagar
TXN-006373,SKU-0369,2024-08-31,2,349,10,Online - Instagram
TXN-006374,SKU-0369,2024-09-03,3,388,0,Store - Koramangala
TXN-006375,SKU-0369,2024-09-04,2,388,0,Online - Nykaa
TXN-006376,SKU-0369,2024-09-06,1,388,0,Store - Koramangala
TXN-006377,SKU-0369,2024-09-07,2,388,0,Store - Koramangala
TXN-006378,SKU-0369,2024-09-10,1,388,0,Online - Nykaa
TXN-006379,SKU-0369,2024-09-13,3,388,0,Store - MG Road
TXN-006380,SKU-0369,2024-09-14,2,388,0,Online - Instagram
TXN-006381,SKU-0369,2024-09-15,3,388,0,Online - Website
TXN-006382,SKU-0369,2024-09-16,2,330,15,Store - Koramangala
TXN-006383,SKU-0369,2024-09-19,1,349,10,Online - Website
TXN-006384,SKU-0369,2024-09-21,1,310,20,Online - Nykaa
TXN-006385,SKU-0369,2024-09-24,2,388,0,Store - Koramangala
TXN-006386,SKU-0369,2024-09-25,2,349,10,Store - MG Road
TXN-006387,SKU-0369,2024-09-27,2,388,0,Online - Nykaa
TXN-006388,SKU-0369,2024-09-29,2,330,15,Online - Nykaa
TXN-006389,SKU-0370,2024-08-01,2,604,25,Store - Indiranagar
TXN-006390,SKU-0370,2024-08-03,2,805,0,Store - Koramangala
TXN-006391,SKU-0370,2024-08-06,3,805,0,Online - Instagram
TXN-006392,SKU-0370,2024-08-07,1,805,0,Store - Koramangala
TXN-006393,SKU-0370,2024-08-08,2,684,15,Online - Instagram
TXN-006394,SKU-0370,2024-08-10,1,805,0,Online - Website
TXN-006395,SKU-0370,2024-08-13,3,805,0,Store - MG Road
TXN-006396,SKU-0370,2024-08-15,3,805,0,Online - Website
TXN-006397,SKU-0370,2024-08-16,3,644,20,Online - Instagram
TXN-006398,SKU-0370,2024-08-19,3,805,0,Store - Indiranagar
TXN-006399,SKU-0370,2024-08-21,2,805,0,Store - MG Road
TXN-006400,SKU-0370,2024-08-24,2,684,15,Online - Website
TXN-006401,SKU-0370,2024-08-25,1,724,10,Store - Indiranagar
TXN-006402,SKU-0370,2024-08-28,3,805,0,Online - Instagram
TXN-006403,SKU-0370,2024-08-30,2,805,0,Online - Website
TXN-006404,SKU-0370,2024-09-02,2,805,0,Store - Koramangala
TXN-006405,SKU-0370,2024-09-05,1,805,0,Store - Koramangala
TXN-006406,SKU-0370,2024-09-06,2,805,0,Store - Koramangala
TXN-006407,SKU-0370,2024-09-07,3,805,0,Store - MG Road
TXN-006408,SKU-0370,2024-09-08,2,805,0,Online - Instagram
TXN-006409,SKU-0370,2024-09-10,1,805,0,Store - Indiranagar
TXN-006410,SKU-0370,2024-09-11,2,805,0,Online - Nykaa
TXN-006411,SKU-0370,2024-09-13,1,724,10,Online - Website
TXN-006412,SKU-0370,2024-09-16,3,805,0,Store - MG Road
TXN-006413,SKU-0370,2024-09-17,2,805,0,Online - Nykaa
TXN-006414,SKU-0370,2024-09-19,1,644,20,Store - Indiranagar
TXN-006415,SKU-0370,2024-09-20,2,805,0,Store - Indiranagar
TXN-006416,SKU-0370,2024-09-23,1,805,0,Online - Website
TXN-006417,SKU-0370,2024-09-24,3,805,0,Store - MG Road
TXN-006418,SKU-0370,2024-09-25,1,805,0,Online - Website
TXN-006419,SKU-0370,2024-09-27,2,805,0,Store - Indiranagar
TXN-006420,SKU-0370,2024-09-28,1,805,0,Online - Instagram
TXN-006421,SKU-0370,2024-09-29,3,724,10,Store - MG Road
TXN-006422,SKU-0370,2024-09-30,3,805,0,Store - MG Road
TXN-006423,SKU-0370,2024-10-03,1,724,10,Store - MG Road
TXN-006424,SKU-0370,2024-10-04,1,805,0,Store - Koramangala
TXN-006425,SKU-0370,2024-10-06,2,805,0,Store - Koramangala
TXN-006426,SKU-0370,2024-10-07,3,805,0,Store - Koramangala
TXN-006427,SKU-0370,2024-10-08,2,805,0,Store - MG Road
TXN-006428,SKU-0370,2024-10-10,1,805,0,Store - Koramangala
TXN-006429,SKU-0371,2024-08-23,2,1664,15,Online - Instagram
TXN-006430,SKU-0371,2024-09-01,2,1762,10,Online - Instagram
TXN-006431,SKU-0371,2024-09-09,1,1958,0,Store - Indiranagar
TXN-006432,SKU-0371,2024-09-18,3,1958,0,Store - Indiranagar
TXN-006433,SKU-0371,2024-09-26,2,1958,0,Online - Website
TXN-006434,SKU-0371,2024-10-03,3,1958,0,Online - Instagram
TXN-006435,SKU-0371,2024-10-11,1,1958,0,Online - Instagram
TXN-006436,SKU-0372,2024-06-10,2,2089,0,Online - Website
TXN-006437,SKU-0372,2024-06-15,1,1671,20,Online - Nykaa
TXN-006438,SKU-0372,2024-06-20,2,2089,0,Store - MG Road
TXN-006439,SKU-0372,2024-06-24,2,2089,0,Store - Koramangala
TXN-006440,SKU-0372,2024-06-29,3,1776,15,Online - Nykaa
TXN-006441,SKU-0372,2024-07-02,3,1567,25,Store - Koramangala
TXN-006442,SKU-0372,2024-07-06,3,2089,0,Store - Koramangala
TXN-006443,SKU-0372,2024-07-10,1,2089,0,Store - Koramangala
TXN-006444,SKU-0372,2024-07-15,1,2089,0,Store - Indiranagar
TXN-006445,SKU-0372,2024-07-18,1,2089,0,Store - Indiranagar
TXN-006446,SKU-0372,2024-07-22,2,1880,10,Store - Indiranagar
TXN-006447,SKU-0372,2024-07-26,3,2089,0,Online - Instagram
TXN-006448,SKU-0372,2024-07-29,1,2089,0,Store - MG Road
TXN-006449,SKU-0372,2024-08-03,1,1671,20,Online - Nykaa
TXN-006450,SKU-0372,2024-08-06,1,1880,10,Store - Koramangala
TXN-006451,SKU-0372,2024-08-11,2,1880,10,Store - MG Road
TXN-006452,SKU-0372,2024-08-15,1,2089,0,Store - Koramangala
TXN-006453,SKU-0372,2024-08-20,3,1567,25,Store - MG Road
TXN-006454,SKU-0372,2024-08-24,3,2089,0,Store - Indiranagar
TXN-006455,SKU-0372,2024-08-27,2,2089,0,Online - Website
TXN-006456,SKU-0372,2024-09-01,1,2089,0,Online - Nykaa
TXN-006457,SKU-0372,2024-09-06,1,2089,0,Online - Website
TXN-006458,SKU-0372,2024-09-11,2,2089,0,Online - Website
TXN-006459,SKU-0372,2024-09-16,2,1671,20,Online - Nykaa
TXN-006460,SKU-0373,2024-07-19,1,1431,0,Online - Website
TXN-006461,SKU-0374,2024-09-28,2,2009,0,Store - MG Road
TXN-006462,SKU-0374,2024-10-05,3,2009,0,Store - Koramangala
TXN-006463,SKU-0374,2024-10-12,3,2009,0,Online - Instagram
TXN-006464,SKU-0374,2024-10-19,1,2009,0,Online - Website
TXN-006465,SKU-0375,2024-11-16,3,1555,10,Online - Website
TXN-006466,SKU-0375,2024-11-17,2,1728,0,Online - Website
TXN-006467,SKU-0375,2024-11-19,1,1728,0,Store - Indiranagar
TXN-006468,SKU-0375,2024-11-20,2,1728,0,Online - Nykaa
TXN-006469,SKU-0375,2024-11-22,3,1469,15,Store - MG Road
TXN-006470,SKU-0375,2024-11-23,3,1728,0,Online - Website
TXN-006471,SKU-0375,2024-11-26,1,1728,0,Online - Instagram
TXN-006472,SKU-0375,2024-11-29,2,1728,0,Online - Nykaa
TXN-006473,SKU-0376,2024-09-14,3,1518,0,Store - Indiranagar
TXN-006474,SKU-0376,2024-09-17,2,1518,0,Store - MG Road
TXN-006475,SKU-0376,2024-09-22,1,1290,15,Online - Website
TXN-006476,SKU-0376,2024-09-25,2,1290,15,Store - MG Road
TXN-006477,SKU-0376,2024-09-30,3,1518,0,Store - MG Road
TXN-006478,SKU-0376,2024-10-05,2,1518,0,Online - Instagram
TXN-006479,SKU-0376,2024-10-08,3,1214,20,Store - Koramangala
TXN-006480,SKU-0376,2024-10-13,1,1518,0,Online - Website
TXN-006481,SKU-0376,2024-10-17,2,1138,25,Store - MG Road
TXN-006482,SKU-0376,2024-10-21,3,1518,0,Store - Indiranagar
TXN-006483,SKU-0376,2024-10-24,3,1366,10,Store - Indiranagar
TXN-006484,SKU-0376,2024-10-29,1,1518,0,Store - MG Road
TXN-006485,SKU-0376,2024-11-02,3,1518,0,Online - Website
TXN-006486,SKU-0376,2024-11-05,2,1518,0,Online - Instagram
TXN-006487,SKU-0377,2024-06-18,2,1322,0,Online - Instagram
TXN-006488,SKU-0377,2024-06-23,3,1322,0,Online - Nykaa
TXN-006489,SKU-0377,2024-06-28,1,1322,0,Store - Koramangala
TXN-006490,SKU-0377,2024-07-01,3,1124,15,Online - Instagram
TXN-006491,SKU-0377,2024-07-05,1,1322,0,Store - MG Road
TXN-006492,SKU-0377,2024-07-09,3,992,25,Store - MG Road
TXN-006493,SKU-0377,2024-07-12,2,1322,0,Online - Instagram
TXN-006494,SKU-0377,2024-07-15,3,1124,15,Online - Nykaa
TXN-006495,SKU-0377,2024-07-19,1,1322,0,Store - Indiranagar
TXN-006496,SKU-0377,2024-07-23,3,1322,0,Online - Instagram
TXN-006497,SKU-0377,2024-07-27,3,1322,0,Online - Instagram
TXN-006498,SKU-0377,2024-07-31,1,1322,0,Store - MG Road
TXN-006499,SKU-0377,2024-08-05,2,1322,0,Store - MG Road
TXN-006500,SKU-0377,2024-08-08,3,1058,20,Store - Koramangala
TXN-006501,SKU-0377,2024-08-11,1,1322,0,Store - Koramangala
TXN-006502,SKU-0377,2024-08-16,3,1322,0,Online - Instagram
TXN-006503,SKU-0377,2024-08-21,2,1322,0,Store - Koramangala
TXN-006504,SKU-0377,2024-08-24,3,1322,0,Store - MG Road
TXN-006505,SKU-0377,2024-08-29,1,1124,15,Online - Instagram
TXN-006506,SKU-0377,2024-09-02,2,1322,0,Store - Koramangala
TXN-006507,SKU-0377,2024-09-05,3,1322,0,Store - MG Road
TXN-006508,SKU-0377,2024-09-09,2,1322,0,Online - Website
TXN-006509,SKU-0377,2024-09-12,1,1322,0,Store - MG Road
TXN-006510,SKU-0377,2024-09-17,1,1322,0,Online - Instagram
TXN-006511,SKU-0378,2024-08-11,1,1519,0,Online - Nykaa
TXN-006512,SKU-0378,2024-08-14,3,1519,0,Store - Koramangala
TXN-006513,SKU-0378,2024-08-17,3,1139,25,Online - Instagram
TXN-006514,SKU-0378,2024-08-20,2,1519,0,Online - Nykaa
TXN-006515,SKU-0378,2024-08-24,1,1367,10,Store - Koramangala
TXN-006516,SKU-0378,2024-08-29,3,1519,0,Store - MG Road
TXN-006517,SKU-0378,2024-09-01,1,1519,0,Store - MG Road
TXN-006518,SKU-0378,2024-09-04,1,1519,0,Store - Koramangala
TXN-006519,SKU-0378,2024-09-09,1,1139,25,Online - Instagram
TXN-006520,SKU-0378,2024-09-12,3,1519,0,Online - Instagram
TXN-006521,SKU-0378,2024-09-17,2,1519,0,Online - Nykaa
TXN-006522,SKU-0378,2024-09-22,2,1519,0,Store - Indiranagar
TXN-006523,SKU-0378,2024-09-25,2,1519,0,Online - Instagram
TXN-006524,SKU-0378,2024-09-30,2,1139,25,Online - Nykaa
TXN-006525,SKU-0378,2024-10-03,1,1519,0,Online - Nykaa
TXN-006526,SKU-0378,2024-10-08,1,1519,0,Online - Nykaa
TXN-006527,SKU-0378,2024-10-11,2,1519,0,Online - Website
TXN-006528,SKU-0378,2024-10-14,1,1367,10,Store - Koramangala
TXN-006529,SKU-0378,2024-10-19,2,1519,0,Store - Indiranagar
TXN-006530,SKU-0378,2024-10-22,1,1519,0,Store - Indiranagar
TXN-006531,SKU-0379,2024-06-15,2,1035,20,Store - MG Road
TXN-006532,SKU-0379,2024-06-24,1,1294,0,Online - Nykaa
TXN-006533,SKU-0379,2024-07-05,3,1294,0,Store - MG Road
TXN-006534,SKU-0379,2024-07-16,1,1294,0,Store - Koramangala
TXN-006535,SKU-0379,2024-07-26,3,1294,0,Online - Website
TXN-006536,SKU-0379,2024-08-05,3,1294,0,Online - Nykaa
TXN-006537,SKU-0379,2024-08-15,1,1294,0,Store - Koramangala
TXN-006538,SKU-0379,2024-08-24,3,1294,0,Online - Website
TXN-006539,SKU-0380,2024-10-15,1,1600,10,Store - Koramangala
TXN-006540,SKU-0380,2024-10-18,3,1778,0,Online - Website
TXN-006541,SKU-0380,2024-10-20,2,1778,0,Store - Koramangala
TXN-006542,SKU-0380,2024-10-23,1,1600,10,Online - Nykaa
TXN-006543,SKU-0380,2024-10-24,1,1778,0,Store - Koramangala
TXN-006544,SKU-0380,2024-10-26,1,1778,0,Online - Instagram
TXN-006545,SKU-0380,2024-10-29,1,1778,0,Online - Nykaa
TXN-006546,SKU-0380,2024-10-31,2,1422,20,Online - Website
TXN-006547,SKU-0380,2024-11-02,3,1778,0,Store - Koramangala
TXN-006548,SKU-0380,2024-11-03,1,1778,0,Online - Instagram
TXN-006549,SKU-0380,2024-11-05,3,1778,0,Online - Website
TXN-006550,SKU-0380,2024-11-08,2,1778,0,Online - Instagram
TXN-006551,SKU-0380,2024-11-09,2,1778,0,Store - Indiranagar
TXN-006552,SKU-0380,2024-11-11,2,1778,0,Store - MG Road
TXN-006553,SKU-0380,2024-11-13,3,1778,0,Online - Instagram
TXN-006554,SKU-0380,2024-11-15,1,1778,0,Online - Nykaa
TXN-006555,SKU-0380,2024-11-16,2,1778,0,Store - Koramangala
TXN-006556,SKU-0380,2024-11-18,3,1778,0,Store - Koramangala
TXN-006557,SKU-0380,2024-11-21,1,1778,0,Store - Indiranagar
TXN-006558,SKU-0380,2024-11-23,3,1600,10,Online - Nykaa
TXN-006559,SKU-0380,2024-11-24,1,1778,0,Online - Nykaa
TXN-006560,SKU-0380,2024-11-27,1,1778,0,Online - Nykaa
TXN-006561,SKU-0380,2024-11-30,3,1778,0,Store - MG Road
TXN-006562,SKU-0380,2024-12-01,2,1778,0,Online - Website
TXN-006563,SKU-0381,2024-06-23,3,1244,25,Store - MG Road
TXN-006564,SKU-0381,2024-06-26,2,1658,0,Store - Indiranagar
TXN-006565,SKU-0381,2024-06-28,1,1658,0,Store - Koramangala
TXN-006566,SKU-0381,2024-07-01,3,1658,0,Online - Website
TXN-006567,SKU-0381,2024-07-05,2,1658,0,Online - Website
TXN-006568,SKU-0381,2024-07-07,3,1326,20,Online - Nykaa
TXN-006569,SKU-0381,2024-07-11,1,1658,0,Online - Website
TXN-006570,SKU-0381,2024-07-15,3,1658,0,Online - Nykaa
TXN-006571,SKU-0381,2024-07-19,3,1492,10,Store - Koramangala
TXN-006572,SKU-0381,2024-07-23,1,1658,0,Store - Koramangala
TXN-006573,SKU-0381,2024-07-27,3,1244,25,Online - Website
TXN-006574,SKU-0381,2024-07-31,3,1658,0,Store - Koramangala
TXN-006575,SKU-0381,2024-08-02,2,1658,0,Online - Website
TXN-006576,SKU-0381,2024-08-06,3,1658,0,Store - MG Road
TXN-006577,SKU-0381,2024-08-10,3,1658,0,Online - Website
TXN-006578,SKU-0381,2024-08-14,3,1492,10,Online - Website
TXN-006579,SKU-0381,2024-08-18,3,1658,0,Online - Nykaa
TXN-006580,SKU-0381,2024-08-20,1,1658,0,Store - Indiranagar
TXN-006581,SKU-0381,2024-08-23,2,1658,0,Store - Indiranagar
TXN-006582,SKU-0381,2024-08-25,2,1658,0,Online - Nykaa
TXN-006583,SKU-0381,2024-08-29,2,1658,0,Store - MG Road
TXN-006584,SKU-0381,2024-09-02,3,1658,0,Store - Koramangala
TXN-006585,SKU-0381,2024-09-04,1,1658,0,Store - Indiranagar
TXN-006586,SKU-0381,2024-09-08,3,1658,0,Online - Website
TXN-006587,SKU-0381,2024-09-10,3,1658,0,Online - Nykaa
TXN-006588,SKU-0381,2024-09-14,1,1658,0,Store - Koramangala
TXN-006589,SKU-0381,2024-09-18,3,1658,0,Store - Indiranagar
TXN-006590,SKU-0381,2024-09-21,3,1658,0,Online - Website
TXN-006591,SKU-0381,2024-09-25,1,1658,0,Online - Nykaa
TXN-006592,SKU-0381,2024-09-29,1,1658,0,Online - Website
TXN-006593,SKU-0381,2024-10-01,1,1658,0,Store - Indiranagar
TXN-006594,SKU-0381,2024-10-05,1,1492,10,Store - MG Road
TXN-006595,SKU-0381,2024-10-08,3,1658,0,Store - Koramangala
TXN-006596,SKU-0381,2024-10-10,2,1492,10,Online - Instagram
TXN-006597,SKU-0382,2024-09-30,1,1494,0,Online - Website
TXN-006598,SKU-0382,2024-10-05,2,1494,0,Online - Instagram
TXN-006599,SKU-0382,2024-10-09,3,1494,0,Online - Instagram
TXN-006600,SKU-0382,2024-10-12,3,1270,15,Online - Website
TXN-006601,SKU-0382,2024-10-16,2,1494,0,Online - Instagram
TXN-006602,SKU-0382,2024-10-21,1,1494,0,Store - MG Road
TXN-006603,SKU-0382,2024-10-25,3,1494,0,Online - Instagram
TXN-006604,SKU-0382,2024-10-28,1,1494,0,Store - Indiranagar
TXN-006605,SKU-0382,2024-11-01,1,1494,0,Store - Indiranagar
TXN-006606,SKU-0382,2024-11-06,1,1494,0,Store - Koramangala
TXN-006607,SKU-0382,2024-11-11,2,1494,0,Online - Nykaa
TXN-006608,SKU-0382,2024-11-14,3,1494,0,Store - Indiranagar
TXN-006609,SKU-0382,2024-11-17,2,1494,0,Online - Website
TXN-006610,SKU-0382,2024-11-22,2,1494,0,Online - Website
TXN-006611,SKU-0382,2024-11-25,1,1494,0,Online - Instagram
TXN-006612,SKU-0382,2024-11-28,2,1345,10,Online - Instagram
TXN-006613,SKU-0383,2024-10-18,3,1642,15,Store - Indiranagar
TXN-006614,SKU-0383,2024-10-21,3,1932,0,Online - Instagram
TXN-006615,SKU-0383,2024-10-22,2,1932,0,Store - Indiranagar
TXN-006616,SKU-0383,2024-10-25,1,1932,0,Store - MG Road
TXN-006617,SKU-0383,2024-10-27,2,1932,0,Store - Indiranagar
TXN-006618,SKU-0383,2024-10-28,3,1932,0,Online - Instagram
TXN-006619,SKU-0383,2024-10-31,1,1739,10,Online - Website
TXN-006620,SKU-0383,2024-11-02,1,1449,25,Store - Indiranagar
TXN-006621,SKU-0383,2024-11-05,1,1932,0,Store - MG Road
TXN-006622,SKU-0383,2024-11-08,2,1932,0,Store - Koramangala
TXN-006623,SKU-0383,2024-11-10,1,1932,0,Store - Koramangala
TXN-006624,SKU-0383,2024-11-11,2,1932,0,Online - Instagram
TXN-006625,SKU-0383,2024-11-12,2,1932,0,Online - Website
TXN-006626,SKU-0383,2024-11-13,3,1932,0,Online - Website
TXN-006627,SKU-0383,2024-11-14,1,1642,15,Online - Instagram
TXN-006628,SKU-0383,2024-11-16,2,1932,0,Store - Koramangala
TXN-006629,SKU-0383,2024-11-17,2,1932,0,Store - Indiranagar
TXN-006630,SKU-0383,2024-11-20,1,1932,0,Store - Indiranagar
TXN-006631,SKU-0383,2024-11-22,2,1449,25,Online - Nykaa
TXN-006632,SKU-0383,2024-11-24,3,1642,15,Online - Nykaa
TXN-006633,SKU-0383,2024-11-25,3,1932,0,Store - Koramangala
TXN-006634,SKU-0383,2024-11-27,2,1932,0,Online - Nykaa
TXN-006635,SKU-0383,2024-11-30,1,1739,10,Store - MG Road
TXN-006636,SKU-0384,2024-10-04,2,1174,0,Online - Nykaa
TXN-006637,SKU-0384,2024-10-06,3,1174,0,Store - MG Road
TXN-006638,SKU-0384,2024-10-07,1,1174,0,Store - Koramangala
TXN-006639,SKU-0384,2024-10-08,3,1174,0,Online - Website
TXN-006640,SKU-0384,2024-10-10,2,1174,0,Online - Website
TXN-006641,SKU-0384,2024-10-12,1,1174,0,Online - Website
TXN-006642,SKU-0384,2024-10-14,1,1174,0,Store - Indiranagar
TXN-006643,SKU-0384,2024-10-16,1,880,25,Store - Koramangala
TXN-006644,SKU-0384,2024-10-18,3,1174,0,Store - MG Road
TXN-006645,SKU-0384,2024-10-21,3,1174,0,Online - Instagram
TXN-006646,SKU-0384,2024-10-23,1,1174,0,Online - Instagram
TXN-006647,SKU-0384,2024-10-24,3,1174,0,Online - Nykaa
TXN-006648,SKU-0384,2024-10-25,2,939,20,Online - Nykaa
TXN-006649,SKU-0384,2024-10-28,1,1174,0,Store - Koramangala
TXN-006650,SKU-0384,2024-10-29,1,1174,0,Online - Nykaa
TXN-006651,SKU-0384,2024-10-30,3,1174,0,Store - Indiranagar
TXN-006652,SKU-0384,2024-11-01,2,1174,0,Store - MG Road
TXN-006653,SKU-0384,2024-11-04,1,939,20,Store - Indiranagar
TXN-006654,SKU-0384,2024-11-06,1,1174,0,Store - Koramangala
TXN-006655,SKU-0384,2024-11-09,3,998,15,Store - Indiranagar
TXN-006656,SKU-0384,2024-11-10,2,1174,0,Online - Nykaa
TXN-006657,SKU-0384,2024-11-11,3,880,25,Store - MG Road
TXN-006658,SKU-0384,2024-11-12,1,998,15,Online - Nykaa
TXN-006659,SKU-0384,2024-11-14,3,1174,0,Online - Instagram
TXN-006660,SKU-0384,2024-11-15,2,998,15,Online - Website
TXN-006661,SKU-0385,2024-09-20,1,1089,20,Store - Koramangala
TXN-006662,SKU-0385,2024-09-28,3,1361,0,Online - Nykaa
TXN-006663,SKU-0385,2024-10-08,2,1361,0,Store - MG Road
TXN-006664,SKU-0385,2024-10-17,2,1225,10,Store - Indiranagar
TXN-006665,SKU-0385,2024-10-26,1,1361,0,Store - Koramangala
TXN-006666,SKU-0386,2024-08-09,3,1223,0,Store - MG Road
TXN-006667,SKU-0386,2024-08-12,2,1223,0,Store - Koramangala
TXN-006668,SKU-0386,2024-08-14,2,1223,0,Store - Koramangala
TXN-006669,SKU-0386,2024-08-16,1,1223,0,Online - Nykaa
TXN-006670,SKU-0386,2024-08-19,3,1223,0,Store - Indiranagar
TXN-006671,SKU-0386,2024-08-20,2,1223,0,Store - Indiranagar
TXN-006672,SKU-0386,2024-08-22,2,1223,0,Online - Instagram
TXN-006673,SKU-0386,2024-08-25,3,1223,0,Online - Website
TXN-006674,SKU-0386,2024-08-28,3,1223,0,Online - Website
TXN-006675,SKU-0386,2024-08-31,2,1101,10,Online - Instagram
TXN-006676,SKU-0386,2024-09-01,1,1040,15,Store - Indiranagar
TXN-006677,SKU-0386,2024-09-04,1,1223,0,Online - Nykaa
TXN-006678,SKU-0386,2024-09-05,1,1223,0,Store - Indiranagar
TXN-006679,SKU-0386,2024-09-07,3,1040,15,Store - Koramangala
TXN-006680,SKU-0386,2024-09-09,1,1223,0,Store - MG Road
TXN-006681,SKU-0386,2024-09-10,3,1223,0,Store - Indiranagar
TXN-006682,SKU-0386,2024-09-12,1,1223,0,Store - MG Road
TXN-006683,SKU-0386,2024-09-14,1,1223,0,Online - Instagram
TXN-006684,SKU-0386,2024-09-15,1,1223,0,Online - Instagram
TXN-006685,SKU-0386,2024-09-18,1,1101,10,Store - Koramangala
TXN-006686,SKU-0386,2024-09-19,3,1223,0,Store - MG Road
TXN-006687,SKU-0386,2024-09-20,1,1223,0,Online - Instagram
TXN-006688,SKU-0386,2024-09-23,3,1223,0,Store - Koramangala
TXN-006689,SKU-0386,2024-09-26,2,1223,0,Store - Koramangala
TXN-006690,SKU-0386,2024-09-27,3,1101,10,Store - MG Road
TXN-006691,SKU-0386,2024-09-30,1,917,25,Online - Website
TXN-006692,SKU-0386,2024-10-01,2,1223,0,Store - MG Road
TXN-006693,SKU-0386,2024-10-03,3,1101,10,Online - Nykaa
TXN-006694,SKU-0386,2024-10-05,3,1223,0,Store - Koramangala
TXN-006695,SKU-0386,2024-10-07,2,1223,0,Store - Koramangala
TXN-006696,SKU-0386,2024-10-08,3,1223,0,Online - Website
TXN-006697,SKU-0386,2024-10-11,2,978,20,Online - Instagram
TXN-006698,SKU-0386,2024-10-14,3,1223,0,Store - Koramangala
TXN-006699,SKU-0386,2024-10-15,2,1223,0,Store - Indiranagar
TXN-006700,SKU-0386,2024-10-16,3,1223,0,Store - Indiranagar
TXN-006701,SKU-0386,2024-10-19,2,1040,15,Online - Instagram
TXN-006702,SKU-0386,2024-10-20,1,1101,10,Online - Instagram
TXN-006703,SKU-0386,2024-10-23,3,1223,0,Store - Koramangala
TXN-006704,SKU-0386,2024-10-25,2,1040,15,Online - Instagram
TXN-006705,SKU-0386,2024-10-27,3,1223,0,Store - Indiranagar
TXN-006706,SKU-0386,2024-10-28,1,1223,0,Online - Website
TXN-006707,SKU-0387,2024-09-20,2,1176,0,Online - Website
TXN-006708,SKU-0387,2024-09-25,3,1176,0,Online - Nykaa
TXN-006709,SKU-0387,2024-09-29,3,1176,0,Store - Koramangala
TXN-006710,SKU-0387,2024-10-03,2,1176,0,Store - MG Road
TXN-006711,SKU-0387,2024-10-06,3,1176,0,Store - Indiranagar
TXN-006712,SKU-0387,2024-10-10,2,1058,10,Store - Koramangala
TXN-006713,SKU-0387,2024-10-14,1,1176,0,Store - Koramangala
TXN-006714,SKU-0387,2024-10-19,1,1176,0,Online - Website
TXN-006715,SKU-0387,2024-10-24,3,1176,0,Online - Website
TXN-006716,SKU-0387,2024-10-27,1,1176,0,Store - Indiranagar
TXN-006717,SKU-0388,2024-08-01,3,1773,0,Store - Indiranagar
TXN-006718,SKU-0388,2024-08-08,1,1773,0,Store - Koramangala
TXN-006719,SKU-0388,2024-08-14,3,1596,10,Store - Koramangala
TXN-006720,SKU-0388,2024-08-21,1,1773,0,Online - Website
TXN-006721,SKU-0388,2024-08-28,2,1773,0,Store - MG Road
TXN-006722,SKU-0388,2024-09-04,2,1773,0,Online - Nykaa
TXN-006723,SKU-0388,2024-09-11,1,1773,0,Store - Indiranagar
TXN-006724,SKU-0388,2024-09-17,2,1773,0,Online - Nykaa
TXN-006725,SKU-0388,2024-09-22,2,1773,0,Online - Nykaa
TXN-006726,SKU-0388,2024-09-27,3,1773,0,Online - Instagram
TXN-006727,SKU-0388,2024-10-02,1,1773,0,Online - Instagram
TXN-006728,SKU-0388,2024-10-08,1,1773,0,Store - MG Road
TXN-006729,SKU-0389,2024-08-25,1,1861,0,Online - Instagram
TXN-006730,SKU-0389,2024-08-30,1,1861,0,Store - MG Road
TXN-006731,SKU-0389,2024-09-05,2,1396,25,Online - Instagram
TXN-006732,SKU-0389,2024-09-09,1,1861,0,Online - Instagram
TXN-006733,SKU-0389,2024-09-13,3,1861,0,Store - MG Road
TXN-006734,SKU-0389,2024-09-18,1,1582,15,Store - Indiranagar
TXN-006735,SKU-0389,2024-09-23,3,1861,0,Store - Indiranagar
TXN-006736,SKU-0389,2024-09-28,1,1489,20,Online - Website
TXN-006737,SKU-0389,2024-10-04,3,1861,0,Online - Website
TXN-006738,SKU-0389,2024-10-08,2,1861,0,Online - Nykaa
TXN-006739,SKU-0389,2024-10-12,3,1675,10,Online - Nykaa
TXN-006740,SKU-0390,2024-06-30,1,1582,0,Online - Instagram
TXN-006741,SKU-0390,2024-07-11,1,1582,0,Online - Instagram
TXN-006742,SKU-0390,2024-07-22,2,1345,15,Store - Koramangala
TXN-006743,SKU-0390,2024-08-02,1,1582,0,Store - Indiranagar
TXN-006744,SKU-0390,2024-08-11,1,1582,0,Store - Indiranagar
TXN-006745,SKU-0390,2024-08-21,1,1424,10,Online - Website
TXN-006746,SKU-0390,2024-09-01,2,1424,10,Store - MG Road
TXN-006747,SKU-0390,2024-09-12,2,1582,0,Store - Koramangala
TXN-006748,SKU-0390,2024-09-22,1,1582,0,Online - Website
TXN-006749,SKU-0390,2024-10-02,1,1582,0,Store - MG Road
TXN-006750,SKU-0390,2024-10-11,1,1266,20,Store - Indiranagar
TXN-006751,SKU-0390,2024-10-20,1,1266,20,Store - Koramangala
TXN-006752,SKU-0390,2024-10-30,2,1582,0,Store - Koramangala
TXN-006753,SKU-0391,2024-06-19,1,1203,0,Online - Website
TXN-006754,SKU-0391,2024-06-30,3,902,25,Online - Nykaa
TXN-006755,SKU-0391,2024-07-11,3,1203,0,Store - Indiranagar
TXN-006756,SKU-0391,2024-07-23,2,1203,0,Store - Koramangala
TXN-006757,SKU-0391,2024-08-02,1,1203,0,Online - Instagram
TXN-006758,SKU-0391,2024-08-14,3,1023,15,Online - Website
TXN-006759,SKU-0391,2024-08-25,3,1203,0,Store - Koramangala
TXN-006760,SKU-0392,2024-08-09,3,1756,0,Store - MG Road
TXN-006761,SKU-0392,2024-08-17,2,1756,0,Store - Koramangala
TXN-006762,SKU-0392,2024-08-27,1,1756,0,Store - Koramangala
TXN-006763,SKU-0392,2024-09-05,1,1756,0,Store - Koramangala
TXN-006764,SKU-0392,2024-09-15,3,1756,0,Store - Indiranagar
TXN-006765,SKU-0392,2024-09-23,2,1580,10,Online - Instagram
TXN-006766,SKU-0392,2024-10-01,2,1756,0,Store - Indiranagar
TXN-006767,SKU-0393,2024-06-22,1,1345,0,Store - Koramangala
TXN-006768,SKU-0393,2024-06-25,1,1009,25,Online - Instagram
TXN-006769,SKU-0393,2024-06-29,3,1345,0,Online - Website
TXN-006770,SKU-0393,2024-07-01,3,1345,0,Online - Instagram
TXN-006771,SKU-0393,2024-07-05,1,1345,0,Online - Nykaa
TXN-006772,SKU-0393,2024-07-08,1,1345,0,Store - Indiranagar
TXN-006773,SKU-0393,2024-07-10,2,1345,0,Store - Indiranagar
TXN-006774,SKU-0393,2024-07-14,2,1210,10,Online - Website
TXN-006775,SKU-0393,2024-07-16,1,1345,0,Online - Nykaa
TXN-006776,SKU-0393,2024-07-18,1,1143,15,Store - Koramangala
TXN-006777,SKU-0393,2024-07-22,2,1345,0,Online - Instagram
TXN-006778,SKU-0393,2024-07-25,3,1345,0,Online - Instagram
TXN-006779,SKU-0393,2024-07-28,1,1345,0,Store - Indiranagar
TXN-006780,SKU-0393,2024-07-30,3,1345,0,Store - Indiranagar
TXN-006781,SKU-0393,2024-08-01,1,1143,15,Store - Koramangala
TXN-006782,SKU-0393,2024-08-04,3,1143,15,Online - Nykaa
TXN-006783,SKU-0393,2024-08-07,2,1345,0,Online - Nykaa
TXN-006784,SKU-0393,2024-08-11,2,1345,0,Store - Indiranagar
TXN-006785,SKU-0393,2024-08-14,3,1345,0,Store - MG Road
TXN-006786,SKU-0393,2024-08-17,2,1345,0,Store - MG Road
TXN-006787,SKU-0393,2024-08-20,2,1345,0,Online - Website
TXN-006788,SKU-0393,2024-08-23,2,1076,20,Online - Instagram
TXN-006789,SKU-0393,2024-08-26,1,1345,0,Online - Instagram
TXN-006790,SKU-0393,2024-08-28,1,1076,20,Online - Instagram
TXN-006791,SKU-0393,2024-08-30,3,1345,0,Store - Indiranagar
TXN-006792,SKU-0393,2024-09-03,2,1345,0,Store - Indiranagar
TXN-006793,SKU-0393,2024-09-05,2,1143,15,Online - Website
TXN-006794,SKU-0393,2024-09-09,2,1345,0,Online - Website
TXN-006795,SKU-0393,2024-09-11,1,1345,0,Store - Indiranagar
TXN-006796,SKU-0393,2024-09-15,3,1345,0,Online - Website
TXN-006797,SKU-0393,2024-09-19,2,1210,10,Online - Instagram
TXN-006798,SKU-0393,2024-09-21,1,1210,10,Store - MG Road
TXN-006799,SKU-0394,2024-10-03,1,1714,20,Store - Koramangala
TXN-006800,SKU-0394,2024-10-09,3,2143,0,Store - Indiranagar
TXN-006801,SKU-0394,2024-10-14,2,2143,0,Online - Website
TXN-006802,SKU-0394,2024-10-20,3,2143,0,Store - Indiranagar
TXN-006803,SKU-0394,2024-10-26,1,2143,0,Store - MG Road
TXN-006804,SKU-0394,2024-10-30,1,2143,0,Store - Indiranagar
TXN-006805,SKU-0394,2024-11-04,1,1607,25,Store - MG Road
TXN-006806,SKU-0395,2024-09-27,2,1719,0,Store - Koramangala
TXN-006807,SKU-0395,2024-09-30,3,1547,10,Online - Instagram
TXN-006808,SKU-0395,2024-10-01,3,1719,0,Store - Indiranagar
TXN-006809,SKU-0395,2024-10-03,3,1719,0,Store - Indiranagar
TXN-006810,SKU-0395,2024-10-04,3,1719,0,Online - Nykaa
TXN-006811,SKU-0395,2024-10-06,1,1289,25,Online - Instagram
TXN-006812,SKU-0395,2024-10-07,3,1719,0,Store - Koramangala
TXN-006813,SKU-0395,2024-10-09,2,1719,0,Online - Nykaa
TXN-006814,SKU-0395,2024-10-11,1,1719,0,Online - Nykaa
TXN-006815,SKU-0395,2024-10-12,2,1719,0,Online - Website
TXN-006816,SKU-0395,2024-10-14,1,1719,0,Online - Nykaa
TXN-006817,SKU-0395,2024-10-16,2,1719,0,Online - Website
TXN-006818,SKU-0395,2024-10-18,2,1719,0,Store - Koramangala
TXN-006819,SKU-0395,2024-10-21,1,1547,10,Online - Website
TXN-006820,SKU-0395,2024-10-23,3,1719,0,Store - MG Road
TXN-006821,SKU-0395,2024-10-24,3,1719,0,Online - Nykaa
TXN-006822,SKU-0395,2024-10-25,3,1719,0,Online - Nykaa
TXN-006823,SKU-0395,2024-10-27,3,1719,0,Online - Nykaa
TXN-006824,SKU-0395,2024-10-30,2,1719,0,Online - Instagram
TXN-006825,SKU-0395,2024-11-01,1,1719,0,Store - Koramangala
TXN-006826,SKU-0395,2024-11-02,2,1719,0,Store - Koramangala
TXN-006827,SKU-0395,2024-11-04,3,1719,0,Online - Instagram
TXN-006828,SKU-0395,2024-11-05,3,1719,0,Store - Indiranagar
TXN-006829,SKU-0395,2024-11-08,1,1719,0,Store - MG Road
TXN-006830,SKU-0395,2024-11-09,2,1719,0,Store - Koramangala
TXN-006831,SKU-0395,2024-11-12,2,1719,0,Store - Indiranagar
TXN-006832,SKU-0395,2024-11-13,3,1719,0,Online - Nykaa
TXN-006833,SKU-0395,2024-11-14,3,1719,0,Store - Koramangala
TXN-006834,SKU-0395,2024-11-17,1,1719,0,Store - MG Road
TXN-006835,SKU-0395,2024-11-18,2,1719,0,Store - Indiranagar
TXN-006836,SKU-0395,2024-11-19,3,1461,15,Online - Nykaa
TXN-006837,SKU-0395,2024-11-22,2,1289,25,Online - Instagram
TXN-006838,SKU-0395,2024-11-23,1,1719,0,Store - Koramangala
TXN-006839,SKU-0395,2024-11-26,1,1719,0,Store - Indiranagar
TXN-006840,SKU-0395,2024-11-29,1,1719,0,Online - Instagram
TXN-006841,SKU-0395,2024-11-30,2,1719,0,Store - Indiranagar
TXN-006842,SKU-0395,2024-12-01,1,1719,0,Store - Koramangala
TXN-006843,SKU-0396,2024-06-28,2,1506,0,Online - Nykaa
TXN-006844,SKU-0396,2024-07-11,1,1506,0,Online - Nykaa
TXN-006845,SKU-0396,2024-07-24,2,1506,0,Online - Instagram
TXN-006846,SKU-0396,2024-08-06,3,1506,0,Store - Koramangala
TXN-006847,SKU-0396,2024-08-20,2,1355,10,Store - Indiranagar
TXN-006848,SKU-0396,2024-09-01,2,1506,0,Store - Indiranagar
TXN-006849,SKU-0396,2024-09-15,1,1506,0,Store - Koramangala
TXN-006850,SKU-0397,2024-08-18,3,1063,10,Store - Indiranagar
TXN-006851,SKU-0397,2024-08-21,1,1004,15,Store - Koramangala
TXN-006852,SKU-0397,2024-08-23,1,945,20,Online - Nykaa
TXN-006853,SKU-0397,2024-08-27,1,1181,0,Store - Koramangala
TXN-006854,SKU-0397,2024-08-29,1,1063,10,Store - Indiranagar
TXN-006855,SKU-0397,2024-09-01,2,1181,0,Online - Instagram
TXN-006856,SKU-0397,2024-09-04,2,1063,10,Online - Website
TXN-006857,SKU-0397,2024-09-08,1,1063,10,Store - Koramangala
TXN-006858,SKU-0397,2024-09-11,1,1181,0,Online - Instagram
TXN-006859,SKU-0397,2024-09-15,1,1181,0,Store - MG Road
TXN-006860,SKU-0397,2024-09-17,2,1181,0,Store - Indiranagar
TXN-006861,SKU-0397,2024-09-21,1,1181,0,Online - Website
TXN-006862,SKU-0397,2024-09-25,2,945,20,Online - Nykaa
TXN-006863,SKU-0397,2024-09-29,2,945,20,Store - Indiranagar
TXN-006864,SKU-0397,2024-10-02,2,1063,10,Store - Koramangala
TXN-006865,SKU-0397,2024-10-06,3,1181,0,Store - Indiranagar
TXN-006866,SKU-0397,2024-10-09,2,1181,0,Store - MG Road
TXN-006867,SKU-0397,2024-10-12,2,1181,0,Online - Website
TXN-006868,SKU-0397,2024-10-16,3,886,25,Online - Website
TXN-006869,SKU-0397,2024-10-18,1,1181,0,Online - Nykaa
TXN-006870,SKU-0397,2024-10-22,3,1181,0,Store - Indiranagar
TXN-006871,SKU-0397,2024-10-25,1,1181,0,Online - Nykaa
TXN-006872,SKU-0397,2024-10-28,3,1181,0,Store - Indiranagar
TXN-006873,SKU-0397,2024-11-01,2,945,20,Store - MG Road
TXN-006874,SKU-0397,2024-11-04,1,1181,0,Store - Koramangala
TXN-006875,SKU-0397,2024-11-06,3,1004,15,Online - Website
TXN-006876,SKU-0398,2024-08-29,3,1215,0,Store - MG Road
TXN-006877,SKU-0398,2024-09-01,1,1215,0,Online - Nykaa
TXN-006878,SKU-0398,2024-09-04,1,1215,0,Store - Indiranagar
TXN-006879,SKU-0398,2024-09-07,1,1215,0,Store - Koramangala
TXN-006880,SKU-0398,2024-09-09,2,1215,0,Store - Indiranagar
TXN-006881,SKU-0398,2024-09-10,2,1033,15,Online - Instagram
TXN-006882,SKU-0398,2024-09-11,3,1215,0,Online - Instagram
TXN-006883,SKU-0398,2024-09-12,1,1215,0,Online - Instagram
TXN-006884,SKU-0398,2024-09-14,1,1215,0,Online - Nykaa
TXN-006885,SKU-0398,2024-09-17,3,1215,0,Store - Indiranagar
TXN-006886,SKU-0398,2024-09-19,1,1215,0,Online - Nykaa
TXN-006887,SKU-0398,2024-09-20,3,1215,0,Online - Nykaa
TXN-006888,SKU-0398,2024-09-22,2,1033,15,Store - Indiranagar
TXN-006889,SKU-0398,2024-09-25,2,1094,10,Online - Instagram
TXN-006890,SKU-0398,2024-09-28,3,1215,0,Store - Koramangala
TXN-006891,SKU-0398,2024-09-30,1,1215,0,Store - MG Road
TXN-006892,SKU-0398,2024-10-01,3,1215,0,Store - Koramangala
TXN-006893,SKU-0398,2024-10-04,1,1033,15,Online - Instagram
TXN-006894,SKU-0398,2024-10-07,1,1215,0,Online - Website
TXN-006895,SKU-0398,2024-10-10,1,1094,10,Store - MG Road
TXN-006896,SKU-0398,2024-10-12,2,1215,0,Online - Website
TXN-006897,SKU-0398,2024-10-14,2,1215,0,Online - Nykaa
TXN-006898,SKU-0398,2024-10-15,3,1215,0,Online - Instagram
TXN-006899,SKU-0398,2024-10-17,1,1215,0,Online - Website
TXN-006900,SKU-0398,2024-10-19,2,1215,0,Online - Instagram
TXN-006901,SKU-0398,2024-10-20,3,1215,0,Store - Indiranagar
TXN-006902,SKU-0398,2024-10-23,1,1215,0,Store - MG Road
TXN-006903,SKU-0398,2024-10-24,1,1215,0,Online - Nykaa
TXN-006904,SKU-0398,2024-10-26,1,1094,10,Store - Indiranagar
TXN-006905,SKU-0398,2024-10-29,3,1033,15,Online - Website
TXN-006906,SKU-0398,2024-10-31,1,972,20,Store - MG Road
TXN-006907,SKU-0399,2024-10-18,3,2136,0,Store - MG Road
TXN-006908,SKU-0399,2024-10-19,2,2136,0,Store - Koramangala
TXN-006909,SKU-0399,2024-10-21,3,1709,20,Online - Website
TXN-006910,SKU-0399,2024-10-23,2,1602,25,Online - Instagram
TXN-006911,SKU-0399,2024-10-24,3,2136,0,Online - Nykaa
TXN-006912,SKU-0399,2024-10-26,3,2136,0,Online - Website
TXN-006913,SKU-0399,2024-10-28,2,2136,0,Online - Instagram
TXN-006914,SKU-0399,2024-10-29,3,2136,0,Online - Instagram
TXN-006915,SKU-0399,2024-11-01,1,2136,0,Store - Indiranagar
TXN-006916,SKU-0399,2024-11-02,3,2136,0,Store - MG Road
TXN-006917,SKU-0399,2024-11-03,2,2136,0,Online - Website
TXN-006918,SKU-0399,2024-11-06,2,2136,0,Store - Koramangala
TXN-006919,SKU-0399,2024-11-07,3,2136,0,Store - Indiranagar
TXN-006920,SKU-0399,2024-11-08,2,2136,0,Store - Indiranagar
TXN-006921,SKU-0399,2024-11-09,2,2136,0,Online - Website
TXN-006922,SKU-0399,2024-11-11,1,1922,10,Store - MG Road
TXN-006923,SKU-0399,2024-11-12,1,2136,0,Online - Instagram
TXN-006924,SKU-0399,2024-11-15,2,2136,0,Store - Indiranagar
TXN-006925,SKU-0399,2024-11-18,1,2136,0,Store - Koramangala
TXN-006926,SKU-0399,2024-11-21,1,1922,10,Online - Nykaa
TXN-006927,SKU-0399,2024-11-23,2,2136,0,Online - Website
TXN-006928,SKU-0399,2024-11-25,2,1602,25,Online - Nykaa
TXN-006929,SKU-0399,2024-11-27,3,2136,0,Store - MG Road
TXN-006930,SKU-0399,2024-11-30,1,2136,0,Online - Nykaa
TXN-006931,SKU-0399,2024-12-01,1,2136,0,Store - MG Road
TXN-006932,SKU-0400,2024-10-07,2,2005,0,Store - Indiranagar
TXN-006933,SKU-0400,2024-10-14,1,1804,10,Store - MG Road
TXN-006934,SKU-0400,2024-10-23,3,2005,0,Store - Indiranagar
TXN-006935,SKU-0400,2024-11-01,1,1604,20,Online - Website
TXN-006936,SKU-0401,2024-10-02,1,1156,0,Store - MG Road
TXN-006937,SKU-0401,2024-10-04,3,1156,0,Store - Indiranagar
TXN-006938,SKU-0401,2024-10-05,2,1156,0,Store - Koramangala
TXN-006939,SKU-0401,2024-10-06,1,925,20,Store - MG Road
TXN-006940,SKU-0401,2024-10-07,2,1156,0,Online - Nykaa
TXN-006941,SKU-0401,2024-10-10,3,1156,0,Online - Website
TXN-006942,SKU-0401,2024-10-12,1,1156,0,Store - MG Road
TXN-006943,SKU-0401,2024-10-15,1,1156,0,Online - Instagram
TXN-006944,SKU-0401,2024-10-17,3,1156,0,Store - MG Road
TXN-006945,SKU-0401,2024-10-20,1,1156,0,Store - MG Road
TXN-006946,SKU-0401,2024-10-22,2,1156,0,Store - MG Road
TXN-006947,SKU-0401,2024-10-24,1,1156,0,Online - Nykaa
TXN-006948,SKU-0401,2024-10-25,3,925,20,Online - Nykaa
TXN-006949,SKU-0401,2024-10-28,1,983,15,Online - Instagram
TXN-006950,SKU-0401,2024-10-31,1,1156,0,Store - Koramangala
TXN-006951,SKU-0401,2024-11-02,3,1156,0,Store - MG Road
TXN-006952,SKU-0401,2024-11-05,3,925,20,Store - Koramangala
TXN-006953,SKU-0401,2024-11-08,1,1156,0,Online - Website
TXN-006954,SKU-0401,2024-11-09,2,1156,0,Store - MG Road
TXN-006955,SKU-0401,2024-11-11,3,1156,0,Online - Nykaa
TXN-006956,SKU-0401,2024-11-12,1,1156,0,Online - Instagram
TXN-006957,SKU-0401,2024-11-13,2,1156,0,Store - Indiranagar
TXN-006958,SKU-0401,2024-11-15,2,1040,10,Online - Nykaa
TXN-006959,SKU-0401,2024-11-16,3,1156,0,Store - Indiranagar
TXN-006960,SKU-0401,2024-11-18,2,1156,0,Online - Website
TXN-006961,SKU-0401,2024-11-19,1,1156,0,Online - Website
TXN-006962,SKU-0401,2024-11-21,3,1040,10,Store - Indiranagar
TXN-006963,SKU-0401,2024-11-24,3,1156,0,Store - Indiranagar
TXN-006964,SKU-0401,2024-11-25,3,925,20,Online - Instagram
TXN-006965,SKU-0401,2024-11-27,3,925,20,Online - Instagram
TXN-006966,SKU-0401,2024-11-28,2,1156,0,Online - Instagram
TXN-006967,SKU-0401,2024-12-01,2,1040,10,Store - MG Road
TXN-006968,SKU-0402,2024-07-06,1,1641,0,Store - Indiranagar
TXN-006969,SKU-0402,2024-08-25,2,1641,0,Online - Nykaa
TXN-006970,SKU-0403,2024-07-05,2,1240,0,Store - MG Road
TXN-006971,SKU-0403,2024-07-08,2,1054,15,Store - MG Road
TXN-006972,SKU-0403,2024-07-12,2,1240,0,Online - Instagram
TXN-006973,SKU-0403,2024-07-15,2,992,20,Online - Instagram
TXN-006974,SKU-0403,2024-07-18,3,1240,0,Online - Nykaa
TXN-006975,SKU-0403,2024-07-21,3,1240,0,Online - Website
TXN-006976,SKU-0403,2024-07-26,3,1240,0,Online - Instagram
TXN-006977,SKU-0403,2024-07-31,1,992,20,Store - Indiranagar
TXN-006978,SKU-0403,2024-08-04,1,1054,15,Store - Koramangala
TXN-006979,SKU-0403,2024-08-09,1,1240,0,Store - MG Road
TXN-006980,SKU-0403,2024-08-13,3,1240,0,Store - Koramangala
TXN-006981,SKU-0403,2024-08-17,1,1240,0,Online - Website
TXN-006982,SKU-0403,2024-08-20,3,1240,0,Store - MG Road
TXN-006983,SKU-0403,2024-08-25,3,1054,15,Store - Indiranagar
TXN-006984,SKU-0403,2024-08-30,1,1054,15,Online - Instagram
TXN-006985,SKU-0403,2024-09-03,3,1054,15,Store - Koramangala
TXN-006986,SKU-0403,2024-09-07,1,1240,0,Store - MG Road
TXN-006987,SKU-0403,2024-09-10,1,1240,0,Online - Instagram
TXN-006988,SKU-0403,2024-09-13,3,1240,0,Store - Indiranagar
TXN-006989,SKU-0403,2024-09-16,1,1240,0,Online - Nykaa
TXN-006990,SKU-0403,2024-09-19,3,1240,0,Online - Website
TXN-006991,SKU-0403,2024-09-23,1,1240,0,Online - Nykaa
TXN-006992,SKU-0404,2024-08-06,3,1802,0,Online - Instagram
TXN-006993,SKU-0404,2024-08-08,3,1802,0,Store - Koramangala
TXN-006994,SKU-0404,2024-08-10,1,1442,20,Online - Nykaa
TXN-006995,SKU-0404,2024-08-13,3,1802,0,Online - Website
TXN-006996,SKU-0404,2024-08-16,2,1802,0,Online - Website
TXN-006997,SKU-0404,2024-08-18,1,1802,0,Store - Indiranagar
TXN-006998,SKU-0404,2024-08-22,3,1802,0,Store - MG Road
TXN-006999,SKU-0404,2024-08-25,1,1802,0,Online - Instagram
TXN-007000,SKU-0404,2024-08-29,3,1802,0,Online - Website
TXN-007001,SKU-0404,2024-08-31,1,1802,0,Online - Nykaa
TXN-007002,SKU-0404,2024-09-03,3,1802,0,Store - MG Road
TXN-007003,SKU-0404,2024-09-06,1,1802,0,Store - MG Road
TXN-007004,SKU-0404,2024-09-08,1,1622,10,Online - Website
TXN-007005,SKU-0404,2024-09-11,1,1802,0,Store - Indiranagar
TXN-007006,SKU-0404,2024-09-13,3,1802,0,Online - Website
TXN-007007,SKU-0404,2024-09-17,3,1442,20,Store - Indiranagar
TXN-007008,SKU-0404,2024-09-20,3,1802,0,Store - Koramangala
TXN-007009,SKU-0404,2024-09-24,2,1622,10,Online - Website
TXN-007010,SKU-0404,2024-09-28,3,1622,10,Online - Instagram
TXN-007011,SKU-0404,2024-10-01,3,1802,0,Store - MG Road
TXN-007012,SKU-0404,2024-10-03,3,1532,15,Store - MG Road
TXN-007013,SKU-0404,2024-10-07,3,1802,0,Store - MG Road
TXN-007014,SKU-0404,2024-10-10,1,1622,10,Store - Koramangala
TXN-007015,SKU-0405,2024-10-15,1,2009,0,Online - Nykaa
TXN-007016,SKU-0405,2024-10-18,1,2009,0,Online - Instagram
TXN-007017,SKU-0405,2024-10-21,3,2009,0,Online - Website
TXN-007018,SKU-0405,2024-10-25,2,2009,0,Online - Instagram
TXN-007019,SKU-0405,2024-10-30,2,2009,0,Online - Website
TXN-007020,SKU-0405,2024-11-02,3,2009,0,Store - Indiranagar
TXN-007021,SKU-0405,2024-11-05,2,1607,20,Store - MG Road
TXN-007022,SKU-0405,2024-11-10,2,2009,0,Online - Nykaa
TXN-007023,SKU-0405,2024-11-14,2,2009,0,Store - MG Road
TXN-007024,SKU-0405,2024-11-18,3,1808,10,Online - Nykaa
TXN-007025,SKU-0405,2024-11-21,1,2009,0,Store - MG Road
TXN-007026,SKU-0406,2024-11-05,3,1421,0,Online - Nykaa
TXN-007027,SKU-0406,2024-11-09,2,1279,10,Online - Website
TXN-007028,SKU-0406,2024-11-13,1,1421,0,Online - Instagram
TXN-007029,SKU-0406,2024-11-17,1,1421,0,Store - MG Road
TXN-007030,SKU-0406,2024-11-20,2,1279,10,Online - Nykaa
TXN-007031,SKU-0406,2024-11-24,3,1421,0,Store - MG Road
TXN-007032,SKU-0406,2024-11-29,1,1279,10,Online - Website
TXN-007033,SKU-0407,2024-07-23,1,2150,0,Online - Instagram
TXN-007034,SKU-0407,2024-07-25,3,2150,0,Store - MG Road
TXN-007035,SKU-0407,2024-07-28,3,2150,0,Store - MG Road
TXN-007036,SKU-0407,2024-07-29,3,1935,10,Online - Nykaa
TXN-007037,SKU-0407,2024-07-30,2,2150,0,Online - Instagram
TXN-007038,SKU-0407,2024-08-02,2,2150,0,Store - Koramangala
TXN-007039,SKU-0407,2024-08-03,2,2150,0,Online - Instagram
TXN-007040,SKU-0407,2024-08-06,2,2150,0,Online - Instagram
TXN-007041,SKU-0407,2024-08-07,1,2150,0,Online - Nykaa
TXN-007042,SKU-0407,2024-08-09,3,2150,0,Online - Website
TXN-007043,SKU-0407,2024-08-10,3,2150,0,Online - Website
TXN-007044,SKU-0407,2024-08-11,3,2150,0,Online - Website
TXN-007045,SKU-0407,2024-08-13,2,2150,0,Store - MG Road
TXN-007046,SKU-0407,2024-08-16,3,2150,0,Online - Nykaa
TXN-007047,SKU-0407,2024-08-19,3,2150,0,Online - Nykaa
TXN-007048,SKU-0407,2024-08-22,1,2150,0,Online - Website
TXN-007049,SKU-0407,2024-08-23,2,2150,0,Store - Koramangala
TXN-007050,SKU-0407,2024-08-25,3,2150,0,Store - Koramangala
TXN-007051,SKU-0407,2024-08-28,1,1720,20,Online - Instagram
TXN-007052,SKU-0407,2024-08-30,3,2150,0,Store - MG Road
TXN-007053,SKU-0407,2024-09-01,3,2150,0,Online - Website
TXN-007054,SKU-0407,2024-09-02,3,2150,0,Store - Indiranagar
TXN-007055,SKU-0407,2024-09-05,2,2150,0,Store - Koramangala
TXN-007056,SKU-0407,2024-09-06,3,1828,15,Store - Koramangala
TXN-007057,SKU-0407,2024-09-07,3,2150,0,Online - Nykaa
TXN-007058,SKU-0407,2024-09-10,3,2150,0,Store - Koramangala
TXN-007059,SKU-0407,2024-09-11,3,2150,0,Online - Nykaa
TXN-007060,SKU-0407,2024-09-14,3,2150,0,Online - Instagram
TXN-007061,SKU-0407,2024-09-17,3,2150,0,Store - MG Road
TXN-007062,SKU-0407,2024-09-19,3,1828,15,Online - Nykaa
TXN-007063,SKU-0407,2024-09-21,1,2150,0,Store - Koramangala
TXN-007064,SKU-0407,2024-09-22,2,2150,0,Online - Website
TXN-007065,SKU-0407,2024-09-24,3,2150,0,Online - Nykaa
TXN-007066,SKU-0407,2024-09-27,3,1935,10,Store - Koramangala
TXN-007067,SKU-0408,2024-11-05,1,1536,0,Store - MG Road
TXN-007068,SKU-0409,2024-08-29,1,848,25,Online - Website
TXN-007069,SKU-0409,2024-09-01,3,1130,0,Online - Instagram
TXN-007070,SKU-0409,2024-09-03,2,960,15,Store - Koramangala
TXN-007071,SKU-0409,2024-09-05,1,1130,0,Online - Instagram
TXN-007072,SKU-0409,2024-09-06,1,1130,0,Store - Koramangala
TXN-007073,SKU-0409,2024-09-09,2,1130,0,Store - Koramangala
TXN-007074,SKU-0409,2024-09-11,2,1130,0,Store - Indiranagar
TXN-007075,SKU-0409,2024-09-12,1,1130,0,Online - Website
TXN-007076,SKU-0409,2024-09-14,2,1130,0,Online - Instagram
TXN-007077,SKU-0409,2024-09-16,3,1130,0,Online - Instagram
TXN-007078,SKU-0409,2024-09-17,2,1130,0,Online - Website
TXN-007079,SKU-0409,2024-09-19,2,1130,0,Online - Instagram
TXN-007080,SKU-0409,2024-09-22,3,1130,0,Store - Indiranagar
TXN-007081,SKU-0409,2024-09-24,2,1017,10,Store - Koramangala
TXN-007082,SKU-0409,2024-09-25,3,1130,0,Store - MG Road
TXN-007083,SKU-0409,2024-09-26,2,904,20,Online - Nykaa
TXN-007084,SKU-0409,2024-09-29,3,1130,0,Online - Nykaa
TXN-007085,SKU-0409,2024-10-01,2,904,20,Store - MG Road
TXN-007086,SKU-0409,2024-10-02,2,1130,0,Store - Koramangala
TXN-007087,SKU-0409,2024-10-05,2,960,15,Store - Indiranagar
TXN-007088,SKU-0409,2024-10-07,1,1130,0,Store - MG Road
TXN-007089,SKU-0409,2024-10-09,1,904,20,Online - Nykaa
TXN-007090,SKU-0409,2024-10-12,3,1130,0,Online - Nykaa
TXN-007091,SKU-0409,2024-10-14,2,1130,0,Store - Indiranagar
TXN-007092,SKU-0409,2024-10-15,2,1130,0,Online - Instagram
TXN-007093,SKU-0409,2024-10-16,2,1017,10,Store - Koramangala
TXN-007094,SKU-0409,2024-10-19,2,1130,0,Store - Koramangala
TXN-007095,SKU-0409,2024-10-22,2,1130,0,Store - Koramangala
TXN-007096,SKU-0409,2024-10-25,2,960,15,Store - Koramangala
TXN-007097,SKU-0409,2024-10-26,3,848,25,Online - Nykaa
TXN-007098,SKU-0409,2024-10-28,2,1130,0,Online - Nykaa
TXN-007099,SKU-0409,2024-10-29,1,1017,10,Store - Indiranagar
TXN-007100,SKU-0409,2024-10-31,3,1130,0,Store - MG Road
TXN-007101,SKU-0409,2024-11-01,3,1130,0,Store - Koramangala
TXN-007102,SKU-0409,2024-11-02,2,1130,0,Store - Koramangala
TXN-007103,SKU-0409,2024-11-04,1,1130,0,Online - Website
TXN-007104,SKU-0409,2024-11-05,1,1130,0,Online - Nykaa
TXN-007105,SKU-0410,2024-06-11,2,1759,0,Online - Instagram
TXN-007106,SKU-0410,2024-06-24,1,1759,0,Store - MG Road
TXN-007107,SKU-0410,2024-07-09,1,1759,0,Online - Website
TXN-007108,SKU-0410,2024-07-24,2,1759,0,Store - MG Road
TXN-007109,SKU-0410,2024-08-06,1,1759,0,Store - Koramangala
TXN-007110,SKU-0410,2024-08-21,2,1759,0,Online - Instagram
TXN-007111,SKU-0410,2024-09-03,3,1759,0,Store - MG Road
TXN-007112,SKU-0410,2024-09-16,1,1759,0,Store - Koramangala
TXN-007113,SKU-0411,2024-11-14,2,2153,0,Store - MG Road
TXN-007114,SKU-0411,2024-11-21,2,2153,0,Store - Indiranagar
TXN-007115,SKU-0411,2024-11-29,2,2153,0,Online - Instagram
TXN-007116,SKU-0412,2024-07-14,3,1453,0,Store - MG Road
TXN-007117,SKU-0412,2024-07-15,2,1453,0,Store - Koramangala
TXN-007118,SKU-0412,2024-07-16,3,1453,0,Online - Instagram
TXN-007119,SKU-0412,2024-07-19,1,1453,0,Online - Website
TXN-007120,SKU-0412,2024-07-21,1,1453,0,Store - MG Road
TXN-007121,SKU-0412,2024-07-22,3,1453,0,Online - Nykaa
TXN-007122,SKU-0412,2024-07-25,2,1453,0,Store - Koramangala
TXN-007123,SKU-0412,2024-07-26,3,1453,0,Store - MG Road
TXN-007124,SKU-0412,2024-07-27,2,1453,0,Store - Indiranagar
TXN-007125,SKU-0412,2024-07-29,1,1453,0,Store - Indiranagar
TXN-007126,SKU-0412,2024-07-30,2,1453,0,Store - MG Road
TXN-007127,SKU-0412,2024-08-02,2,1453,0,Online - Instagram
TXN-007128,SKU-0412,2024-08-05,3,1453,0,Store - Koramangala
TXN-007129,SKU-0412,2024-08-07,1,1453,0,Online - Instagram
TXN-007130,SKU-0412,2024-08-10,2,1308,10,Online - Instagram
TXN-007131,SKU-0412,2024-08-11,2,1453,0,Online - Instagram
TXN-007132,SKU-0412,2024-08-13,3,1453,0,Store - Koramangala
TXN-007133,SKU-0412,2024-08-15,1,1453,0,Store - Indiranagar
TXN-007134,SKU-0412,2024-08-17,3,1162,20,Store - Indiranagar
TXN-007135,SKU-0412,2024-08-19,2,1453,0,Store - Indiranagar
TXN-007136,SKU-0412,2024-08-20,2,1453,0,Online - Nykaa
TXN-007137,SKU-0412,2024-08-21,1,1453,0,Store - Koramangala
TXN-007138,SKU-0412,2024-08-23,3,1453,0,Online - Instagram
TXN-007139,SKU-0412,2024-08-24,1,1453,0,Store - Koramangala
TXN-007140,SKU-0412,2024-08-27,3,1453,0,Online - Nykaa
TXN-007141,SKU-0412,2024-08-30,2,1308,10,Online - Website
TXN-007142,SKU-0412,2024-08-31,1,1453,0,Online - Website
TXN-007143,SKU-0412,2024-09-02,1,1235,15,Store - MG Road
TXN-007144,SKU-0412,2024-09-05,3,1162,20,Store - Koramangala
TXN-007145,SKU-0412,2024-09-06,1,1453,0,Online - Website
TXN-007146,SKU-0412,2024-09-08,3,1453,0,Store - Indiranagar
TXN-007147,SKU-0412,2024-09-11,1,1453,0,Online - Nykaa
TXN-007148,SKU-0412,2024-09-13,3,1453,0,Online - Website
TXN-007149,SKU-0412,2024-09-15,2,1308,10,Online - Nykaa
TXN-007150,SKU-0412,2024-09-17,2,1453,0,Store - Indiranagar
TXN-007151,SKU-0412,2024-09-18,1,1453,0,Store - MG Road
TXN-007152,SKU-0412,2024-09-19,2,1453,0,Store - Koramangala
TXN-007153,SKU-0413,2024-08-23,2,1393,0,Online - Website
TXN-007154,SKU-0413,2024-08-28,3,1184,15,Store - MG Road
TXN-007155,SKU-0413,2024-09-02,1,1393,0,Online - Website
TXN-007156,SKU-0413,2024-09-05,3,1393,0,Online - Website
TXN-007157,SKU-0413,2024-09-10,1,1393,0,Online - Instagram
TXN-007158,SKU-0413,2024-09-14,2,1393,0,Store - Koramangala
TXN-007159,SKU-0413,2024-09-19,1,1393,0,Store - Indiranagar
TXN-007160,SKU-0413,2024-09-23,1,1393,0,Online - Website
TXN-007161,SKU-0413,2024-09-28,3,1393,0,Online - Instagram
TXN-007162,SKU-0413,2024-10-01,3,1254,10,Store - Indiranagar
TXN-007163,SKU-0413,2024-10-04,2,1393,0,Online - Website
TXN-007164,SKU-0413,2024-10-07,1,1393,0,Online - Website
TXN-007165,SKU-0413,2024-10-11,1,1393,0,Store - Indiranagar
TXN-007166,SKU-0413,2024-10-16,3,1393,0,Online - Website
TXN-007167,SKU-0413,2024-10-21,1,1184,15,Store - Koramangala
TXN-007168,SKU-0413,2024-10-24,1,1393,0,Online - Nykaa
TXN-007169,SKU-0413,2024-10-28,2,1393,0,Store - Indiranagar
TXN-007170,SKU-0413,2024-11-02,3,1045,25,Store - Koramangala
TXN-007171,SKU-0413,2024-11-06,2,1393,0,Online - Nykaa
TXN-007172,SKU-0413,2024-11-09,3,1114,20,Online - Nykaa
TXN-007173,SKU-0413,2024-11-14,2,1393,0,Store - Koramangala
TXN-007174,SKU-0413,2024-11-19,3,1393,0,Store - Koramangala
TXN-007175,SKU-0414,2024-07-02,1,1590,10,Online - Nykaa
TXN-007176,SKU-0414,2024-07-19,2,1767,0,Store - Indiranagar
TXN-007177,SKU-0414,2024-08-05,1,1767,0,Store - Koramangala
TXN-007178,SKU-0414,2024-08-20,1,1767,0,Store - Indiranagar
TXN-007179,SKU-0414,2024-09-06,3,1590,10,Online - Nykaa
TXN-007180,SKU-0414,2024-09-23,2,1502,15,Online - Instagram
TXN-007181,SKU-0415,2024-09-28,1,1708,15,Store - Koramangala
TXN-007182,SKU-0415,2024-09-30,1,2010,0,Store - MG Road
TXN-007183,SKU-0415,2024-10-01,1,2010,0,Store - MG Road
TXN-007184,SKU-0415,2024-10-04,1,1809,10,Store - Indiranagar
TXN-007185,SKU-0415,2024-10-07,1,1809,10,Store - Koramangala
TXN-007186,SKU-0415,2024-10-10,3,2010,0,Online - Instagram
TXN-007187,SKU-0415,2024-10-12,1,1809,10,Store - Koramangala
TXN-007188,SKU-0415,2024-10-13,3,2010,0,Online - Website
TXN-007189,SKU-0415,2024-10-16,1,2010,0,Store - Koramangala
TXN-007190,SKU-0415,2024-10-17,2,1708,15,Online - Instagram
TXN-007191,SKU-0415,2024-10-19,2,2010,0,Store - Indiranagar
TXN-007192,SKU-0415,2024-10-22,3,2010,0,Online - Instagram
TXN-007193,SKU-0415,2024-10-23,3,1708,15,Store - Indiranagar
TXN-007194,SKU-0415,2024-10-24,2,2010,0,Online - Website
TXN-007195,SKU-0415,2024-10-27,2,1809,10,Online - Instagram
TXN-007196,SKU-0415,2024-10-29,3,1708,15,Store - MG Road
TXN-007197,SKU-0415,2024-10-31,2,2010,0,Online - Nykaa
TXN-007198,SKU-0415,2024-11-02,3,1708,15,Store - MG Road
TXN-007199,SKU-0415,2024-11-03,3,2010,0,Online - Instagram
TXN-007200,SKU-0415,2024-11-04,1,2010,0,Online - Instagram
TXN-007201,SKU-0415,2024-11-05,1,2010,0,Store - MG Road
TXN-007202,SKU-0415,2024-11-06,1,1809,10,Online - Instagram
TXN-007203,SKU-0415,2024-11-09,1,1608,20,Online - Instagram
TXN-007204,SKU-0416,2024-06-14,2,1570,0,Online - Instagram
TXN-007205,SKU-0417,2024-08-09,1,1922,10,Online - Website
TXN-007206,SKU-0417,2024-08-12,2,2136,0,Store - Koramangala
TXN-007207,SKU-0417,2024-08-16,1,1922,10,Online - Website
TXN-007208,SKU-0417,2024-08-19,3,2136,0,Online - Website
TXN-007209,SKU-0417,2024-08-24,3,1816,15,Store - MG Road
TXN-007210,SKU-0417,2024-08-28,3,1816,15,Online - Nykaa
TXN-007211,SKU-0417,2024-08-31,3,2136,0,Online - Instagram
TXN-007212,SKU-0417,2024-09-04,3,1816,15,Online - Website
TXN-007213,SKU-0417,2024-09-08,3,2136,0,Store - Indiranagar
TXN-007214,SKU-0417,2024-09-13,2,2136,0,Store - Indiranagar
TXN-007215,SKU-0417,2024-09-18,3,1922,10,Online - Website
TXN-007216,SKU-0417,2024-09-21,1,2136,0,Store - Koramangala
TXN-007217,SKU-0417,2024-09-26,1,2136,0,Online - Instagram
TXN-007218,SKU-0417,2024-09-29,2,1816,15,Store - MG Road
TXN-007219,SKU-0417,2024-10-04,1,2136,0,Store - Indiranagar
TXN-007220,SKU-0418,2024-08-26,2,1632,0,Online - Website
TXN-007221,SKU-0418,2024-09-03,2,1387,15,Online - Nykaa
TXN-007222,SKU-0418,2024-09-10,1,1632,0,Online - Nykaa
TXN-007223,SKU-0418,2024-09-17,2,1632,0,Store - Indiranagar
TXN-007224,SKU-0418,2024-09-25,1,1469,10,Online - Website
TXN-007225,SKU-0418,2024-10-03,3,1632,0,Online - Nykaa
TXN-007226,SKU-0418,2024-10-10,1,1632,0,Store - Indiranagar
TXN-007227,SKU-0418,2024-10-19,2,1632,0,Store - Koramangala
TXN-007228,SKU-0418,2024-10-26,3,1224,25,Store - Koramangala
TXN-007229,SKU-0418,2024-11-03,2,1632,0,Store - Koramangala
TXN-007230,SKU-0418,2024-11-11,1,1469,10,Store - Koramangala
TXN-007231,SKU-0419,2024-10-21,2,1970,0,Online - Nykaa
TXN-007232,SKU-0419,2024-10-23,3,1970,0,Store - Koramangala
TXN-007233,SKU-0419,2024-10-26,2,1970,0,Online - Website
TXN-007234,SKU-0419,2024-10-27,2,1970,0,Online - Instagram
TXN-007235,SKU-0419,2024-10-30,1,1970,0,Store - MG Road
TXN-007236,SKU-0419,2024-11-02,1,1970,0,Store - Indiranagar
TXN-007237,SKU-0419,2024-11-05,2,1674,15,Online - Instagram
TXN-007238,SKU-0419,2024-11-07,1,1970,0,Online - Nykaa
TXN-007239,SKU-0419,2024-11-08,2,1970,0,Online - Nykaa
TXN-007240,SKU-0419,2024-11-11,3,1970,0,Online - Nykaa
TXN-007241,SKU-0419,2024-11-14,1,1773,10,Online - Instagram
TXN-007242,SKU-0419,2024-11-16,3,1773,10,Online - Website
TXN-007243,SKU-0419,2024-11-18,2,1970,0,Online - Website
TXN-007244,SKU-0419,2024-11-19,3,1970,0,Online - Instagram
TXN-007245,SKU-0419,2024-11-20,3,1970,0,Online - Instagram
TXN-007246,SKU-0419,2024-11-22,3,1674,15,Store - Koramangala
TXN-007247,SKU-0419,2024-11-24,3,1970,0,Store - Koramangala
TXN-007248,SKU-0419,2024-11-26,1,1970,0,Store - Indiranagar
TXN-007249,SKU-0419,2024-11-28,1,1576,20,Online - Nykaa
TXN-007250,SKU-0419,2024-11-29,2,1773,10,Store - Koramangala
TXN-007251,SKU-0419,2024-12-01,3,1478,25,Online - Website
TXN-007252,SKU-0420,2024-06-30,1,1309,0,Store - Koramangala
TXN-007253,SKU-0420,2024-08-01,3,1309,0,Online - Website
TXN-007254,SKU-0420,2024-09-02,1,1309,0,Online - Nykaa
TXN-007255,SKU-0421,2024-08-10,3,2051,0,Store - Koramangala
TXN-007256,SKU-0421,2024-08-15,3,2051,0,Online - Nykaa
TXN-007257,SKU-0421,2024-08-19,3,2051,0,Online - Nykaa
TXN-007258,SKU-0421,2024-08-23,2,2051,0,Online - Website
TXN-007259,SKU-0421,2024-08-26,2,1641,20,Store - Indiranagar
TXN-007260,SKU-0421,2024-08-30,3,2051,0,Store - MG Road
TXN-007261,SKU-0421,2024-09-04,1,1538,25,Online - Nykaa
TXN-007262,SKU-0421,2024-09-09,1,1846,10,Online - Website
TXN-007263,SKU-0421,2024-09-14,2,2051,0,Store - Indiranagar
TXN-007264,SKU-0421,2024-09-18,1,1641,20,Online - Nykaa
TXN-007265,SKU-0421,2024-09-21,2,2051,0,Store - MG Road
TXN-007266,SKU-0421,2024-09-26,1,2051,0,Store - Koramangala
TXN-007267,SKU-0421,2024-09-30,3,2051,0,Online - Website
TXN-007268,SKU-0421,2024-10-05,3,1641,20,Store - Indiranagar
TXN-007269,SKU-0421,2024-10-08,1,2051,0,Online - Nykaa
TXN-007270,SKU-0422,2024-11-15,1,1373,0,Store - Indiranagar
TXN-007271,SKU-0423,2024-10-28,2,1455,0,Online - Instagram
TXN-007272,SKU-0423,2024-11-02,2,1455,0,Online - Website
TXN-007273,SKU-0423,2024-11-07,1,1455,0,Online - Instagram
TXN-007274,SKU-0423,2024-11-11,1,1237,15,Store - Indiranagar
TXN-007275,SKU-0423,2024-11-16,3,1455,0,Store - Indiranagar
TXN-007276,SKU-0423,2024-11-19,1,1455,0,Store - Koramangala
TXN-007277,SKU-0423,2024-11-24,3,1164,20,Store - MG Road
TXN-007278,SKU-0423,2024-11-29,1,1237,15,Online - Nykaa
TXN-007279,SKU-0424,2024-10-05,2,1498,10,Store - MG Road
TXN-007280,SKU-0424,2024-10-08,3,1664,0,Online - Instagram
TXN-007281,SKU-0424,2024-10-11,2,1664,0,Store - MG Road
TXN-007282,SKU-0424,2024-10-14,3,1664,0,Online - Website
TXN-007283,SKU-0424,2024-10-17,1,1414,15,Store - MG Road
TXN-007284,SKU-0424,2024-10-20,1,1664,0,Store - MG Road
TXN-007285,SKU-0424,2024-10-23,1,1498,10,Online - Nykaa
TXN-007286,SKU-0424,2024-10-27,1,1664,0,Online - Instagram
TXN-007287,SKU-0424,2024-10-31,3,1664,0,Online - Instagram
TXN-007288,SKU-0424,2024-11-04,3,1414,15,Store - Koramangala
TXN-007289,SKU-0424,2024-11-08,2,1664,0,Online - Website
TXN-007290,SKU-0424,2024-11-10,2,1664,0,Store - MG Road
TXN-007291,SKU-0424,2024-11-13,1,1664,0,Online - Nykaa
TXN-007292,SKU-0425,2024-06-18,3,1774,0,Store - Indiranagar
TXN-007293,SKU-0425,2024-06-20,1,1774,0,Online - Nykaa
TXN-007294,SKU-0425,2024-06-22,2,1774,0,Store - Koramangala
TXN-007295,SKU-0425,2024-06-24,3,1597,10,Store - Indiranagar
TXN-007296,SKU-0425,2024-06-27,3,1774,0,Store - Indiranagar
TXN-007297,SKU-0425,2024-06-29,1,1774,0,Online - Nykaa
TXN-007298,SKU-0425,2024-07-02,1,1774,0,Online - Nykaa
TXN-007299,SKU-0425,2024-07-05,2,1774,0,Store - Koramangala
TXN-007300,SKU-0425,2024-07-08,2,1774,0,Store - Koramangala
TXN-007301,SKU-0425,2024-07-11,2,1774,0,Online - Website
TXN-007302,SKU-0425,2024-07-12,2,1774,0,Store - Koramangala
TXN-007303,SKU-0425,2024-07-15,2,1597,10,Store - Koramangala
TXN-007304,SKU-0425,2024-07-16,3,1774,0,Online - Website
TXN-007305,SKU-0425,2024-07-19,1,1419,20,Store - Indiranagar
TXN-007306,SKU-0425,2024-07-22,1,1774,0,Online - Instagram
TXN-007307,SKU-0425,2024-07-25,3,1774,0,Online - Website
TXN-007308,SKU-0425,2024-07-26,3,1774,0,Store - MG Road
TXN-007309,SKU-0425,2024-07-29,1,1774,0,Online - Website
TXN-007310,SKU-0425,2024-08-01,1,1774,0,Store - MG Road
TXN-007311,SKU-0425,2024-08-02,1,1774,0,Store - Koramangala
TXN-007312,SKU-0425,2024-08-04,3,1774,0,Online - Nykaa
TXN-007313,SKU-0425,2024-08-07,1,1774,0,Store - Koramangala
TXN-007314,SKU-0425,2024-08-10,3,1597,10,Store - Indiranagar
TXN-007315,SKU-0425,2024-08-13,2,1419,20,Online - Instagram
TXN-007316,SKU-0425,2024-08-16,1,1774,0,Online - Instagram
TXN-007317,SKU-0425,2024-08-17,2,1774,0,Store - MG Road
TXN-007318,SKU-0425,2024-08-20,3,1774,0,Online - Website
TXN-007319,SKU-0425,2024-08-23,1,1508,15,Online - Nykaa
TXN-007320,SKU-0425,2024-08-26,3,1774,0,Online - Website
TXN-007321,SKU-0425,2024-08-29,1,1419,20,Store - Indiranagar
TXN-007322,SKU-0425,2024-09-01,1,1508,15,Online - Nykaa
TXN-007323,SKU-0425,2024-09-02,3,1774,0,Store - Koramangala
TXN-007324,SKU-0425,2024-09-04,2,1774,0,Online - Instagram
TXN-007325,SKU-0425,2024-09-06,2,1597,10,Online - Instagram
TXN-007326,SKU-0425,2024-09-08,3,1774,0,Online - Instagram
TXN-007327,SKU-0425,2024-09-09,3,1774,0,Online - Instagram
TXN-007328,SKU-0425,2024-09-10,3,1508,15,Online - Nykaa
TXN-007329,SKU-0425,2024-09-13,3,1774,0,Online - Nykaa
TXN-007330,SKU-0425,2024-09-14,1,1774,0,Store - Koramangala
TXN-007331,SKU-0425,2024-09-15,2,1508,15,Store - MG Road
TXN-007332,SKU-0425,2024-09-17,3,1508,15,Online - Instagram
TXN-007333,SKU-0425,2024-09-18,1,1508,15,Store - Indiranagar
TXN-007334,SKU-0425,2024-09-19,2,1774,0,Store - Koramangala
TXN-007335,SKU-0425,2024-09-21,2,1774,0,Online - Website
TXN-007336,SKU-0425,2024-09-23,3,1774,0,Store - Indiranagar
TXN-007337,SKU-0425,2024-09-26,3,1774,0,Online - Website
TXN-007338,SKU-0425,2024-09-29,2,1774,0,Online - Website
TXN-007339,SKU-0425,2024-10-01,2,1774,0,Store - Koramangala
TXN-007340,SKU-0425,2024-10-03,3,1597,10,Online - Website
TXN-007341,SKU-0425,2024-10-05,3,1774,0,Online - Instagram
TXN-007342,SKU-0425,2024-10-07,1,1774,0,Store - MG Road
TXN-007343,SKU-0425,2024-10-10,1,1774,0,Store - MG Road
TXN-007344,SKU-0426,2024-06-18,2,1230,25,Online - Nykaa
TXN-007345,SKU-0427,2024-08-06,2,1883,0,Online - Instagram
TXN-007346,SKU-0427,2024-08-08,3,1883,0,Store - Koramangala
TXN-007347,SKU-0427,2024-08-10,3,1506,20,Store - Koramangala
TXN-007348,SKU-0427,2024-08-11,1,1883,0,Store - Indiranagar
TXN-007349,SKU-0427,2024-08-12,1,1883,0,Store - Koramangala
TXN-007350,SKU-0427,2024-08-14,2,1601,15,Online - Nykaa
TXN-007351,SKU-0427,2024-08-17,3,1883,0,Store - Indiranagar
TXN-007352,SKU-0427,2024-08-20,3,1883,0,Store - Indiranagar
TXN-007353,SKU-0427,2024-08-23,3,1883,0,Online - Website
TXN-007354,SKU-0427,2024-08-25,1,1883,0,Store - Indiranagar
TXN-007355,SKU-0427,2024-08-26,2,1695,10,Store - Koramangala
TXN-007356,SKU-0427,2024-08-29,3,1883,0,Store - MG Road
TXN-007357,SKU-0427,2024-09-01,2,1883,0,Online - Website
TXN-007358,SKU-0427,2024-09-04,1,1601,15,Store - MG Road
TXN-007359,SKU-0427,2024-09-05,2,1883,0,Online - Website
TXN-007360,SKU-0427,2024-09-07,1,1883,0,Store - Indiranagar
TXN-007361,SKU-0427,2024-09-08,3,1601,15,Online - Nykaa
TXN-007362,SKU-0427,2024-09-09,3,1883,0,Online - Website
TXN-007363,SKU-0427,2024-09-10,1,1883,0,Store - MG Road
TXN-007364,SKU-0427,2024-09-11,1,1883,0,Online - Instagram
TXN-007365,SKU-0427,2024-09-12,1,1883,0,Store - Koramangala
TXN-007366,SKU-0427,2024-09-15,1,1883,0,Online - Nykaa
TXN-007367,SKU-0427,2024-09-17,1,1883,0,Online - Website
TXN-007368,SKU-0427,2024-09-20,2,1883,0,Online - Website
TXN-007369,SKU-0427,2024-09-22,1,1883,0,Online - Website
TXN-007370,SKU-0427,2024-09-25,3,1412,25,Online - Website
TXN-007371,SKU-0427,2024-09-26,1,1412,25,Online - Nykaa
TXN-007372,SKU-0427,2024-09-28,3,1883,0,Online - Website
TXN-007373,SKU-0427,2024-10-01,1,1883,0,Store - Koramangala
TXN-007374,SKU-0427,2024-10-02,3,1695,10,Online - Nykaa
TXN-007375,SKU-0427,2024-10-03,1,1883,0,Store - Indiranagar
TXN-007376,SKU-0427,2024-10-04,1,1883,0,Online - Nykaa
TXN-007377,SKU-0427,2024-10-05,1,1883,0,Online - Website
TXN-007378,SKU-0427,2024-10-06,1,1695,10,Online - Nykaa
TXN-007379,SKU-0427,2024-10-07,2,1883,0,Online - Website
TXN-007380,SKU-0427,2024-10-08,2,1883,0,Online - Website
TXN-007381,SKU-0427,2024-10-11,1,1695,10,Store - MG Road
TXN-007382,SKU-0427,2024-10-13,1,1883,0,Online - Instagram
TXN-007383,SKU-0427,2024-10-16,3,1883,0,Store - MG Road
TXN-007384,SKU-0427,2024-10-19,3,1695,10,Online - Website
TXN-007385,SKU-0427,2024-10-22,1,1883,0,Online - Instagram
TXN-007386,SKU-0428,2024-06-09,3,1844,0,Online - Website
TXN-007387,SKU-0428,2024-06-14,1,1844,0,Online - Nykaa
TXN-007388,SKU-0428,2024-06-17,2,1660,10,Store - MG Road
TXN-007389,SKU-0428,2024-06-21,3,1844,0,Online - Website
TXN-007390,SKU-0428,2024-06-25,2,1844,0,Online - Website
TXN-007391,SKU-0428,2024-06-29,3,1660,10,Store - MG Road
TXN-007392,SKU-0428,2024-07-03,3,1844,0,Online - Nykaa
TXN-007393,SKU-0428,2024-07-08,3,1844,0,Store - Koramangala
TXN-007394,SKU-0428,2024-07-11,3,1844,0,Store - Koramangala
TXN-007395,SKU-0428,2024-07-15,3,1475,20,Online - Nykaa
TXN-007396,SKU-0428,2024-07-19,2,1844,0,Online - Website
TXN-007397,SKU-0428,2024-07-22,1,1844,0,Store - Indiranagar
TXN-007398,SKU-0428,2024-07-27,3,1844,0,Store - Koramangala
TXN-007399,SKU-0428,2024-08-01,3,1844,0,Store - Koramangala
TXN-007400,SKU-0428,2024-08-06,1,1844,0,Store - Koramangala
TXN-007401,SKU-0428,2024-08-09,3,1844,0,Store - Koramangala
TXN-007402,SKU-0428,2024-08-12,2,1844,0,Store - MG Road
TXN-007403,SKU-0428,2024-08-17,1,1844,0,Online - Website
TXN-007404,SKU-0428,2024-08-20,1,1844,0,Store - Indiranagar
TXN-007405,SKU-0428,2024-08-24,1,1844,0,Store - Indiranagar
TXN-007406,SKU-0428,2024-08-28,1,1844,0,Online - Nykaa
TXN-007407,SKU-0429,2024-09-22,3,1618,0,Store - MG Road
TXN-007408,SKU-0429,2024-09-25,3,1618,0,Store - MG Road
TXN-007409,SKU-0429,2024-09-30,3,1618,0,Online - Instagram
TXN-007410,SKU-0429,2024-10-03,3,1618,0,Store - MG Road
TXN-007411,SKU-0429,2024-10-08,3,1618,0,Store - MG Road
TXN-007412,SKU-0429,2024-10-11,1,1294,20,Store - Koramangala
TXN-007413,SKU-0429,2024-10-14,3,1618,0,Store - Koramangala
TXN-007414,SKU-0429,2024-10-19,3,1618,0,Online - Instagram
TXN-007415,SKU-0429,2024-10-22,1,1618,0,Online - Nykaa
TXN-007416,SKU-0429,2024-10-26,3,1294,20,Store - Koramangala
TXN-007417,SKU-0429,2024-10-31,2,1618,0,Store - MG Road
TXN-007418,SKU-0429,2024-11-05,1,1618,0,Online - Instagram
TXN-007419,SKU-0429,2024-11-08,1,1618,0,Online - Nykaa
TXN-007420,SKU-0429,2024-11-13,2,1618,0,Online - Website
TXN-007421,SKU-0429,2024-11-16,2,1618,0,Online - Website
TXN-007422,SKU-0429,2024-11-21,1,1618,0,Store - Indiranagar
TXN-007423,SKU-0430,2024-11-10,2,1430,0,Store - MG Road
TXN-007424,SKU-0430,2024-11-15,3,1430,0,Store - Koramangala
TXN-007425,SKU-0430,2024-11-19,2,1430,0,Online - Nykaa
TXN-007426,SKU-0430,2024-11-23,1,1430,0,Store - Indiranagar
TXN-007427,SKU-0430,2024-11-26,3,1430,0,Online - Nykaa
TXN-007428,SKU-0430,2024-11-30,2,1430,0,Online - Instagram
TXN-007429,SKU-0431,2024-06-14,3,1458,15,Online - Website
TXN-007430,SKU-0431,2024-06-20,1,1715,0,Online - Instagram
TXN-007431,SKU-0431,2024-06-25,2,1715,0,Online - Nykaa
TXN-007432,SKU-0431,2024-07-01,1,1715,0,Store - MG Road
TXN-007433,SKU-0431,2024-07-05,1,1715,0,Store - MG Road
TXN-007434,SKU-0431,2024-07-09,2,1715,0,Online - Website
TXN-007435,SKU-0431,2024-07-14,3,1715,0,Store - Indiranagar
TXN-007436,SKU-0431,2024-07-20,3,1715,0,Online - Instagram
TXN-007437,SKU-0431,2024-07-25,2,1458,15,Online - Instagram
TXN-007438,SKU-0431,2024-07-30,1,1715,0,Online - Instagram
TXN-007439,SKU-0431,2024-08-05,2,1715,0,Online - Instagram
TXN-007440,SKU-0431,2024-08-09,2,1715,0,Store - MG Road
TXN-007441,SKU-0431,2024-08-15,2,1715,0,Store - Koramangala
TXN-007442,SKU-0431,2024-08-21,3,1715,0,Store - Indiranagar
TXN-007443,SKU-0431,2024-08-27,2,1715,0,Store - MG Road
TXN-007444,SKU-0431,2024-09-01,2,1715,0,Store - MG Road
TXN-007445,SKU-0431,2024-09-05,1,1715,0,Store - Indiranagar
TXN-007446,SKU-0431,2024-09-10,3,1715,0,Store - Indiranagar
TXN-007447,SKU-0431,2024-09-15,3,1715,0,Store - MG Road
TXN-007448,SKU-0431,2024-09-20,1,1544,10,Online - Instagram
TXN-007449,SKU-0431,2024-09-26,1,1715,0,Online - Website
TXN-007450,SKU-0432,2024-08-20,2,1373,15,Store - MG Road
TXN-007451,SKU-0432,2024-08-21,1,1615,0,Store - MG Road
TXN-007452,SKU-0432,2024-08-24,1,1615,0,Store - Indiranagar
TXN-007453,SKU-0432,2024-08-26,3,1454,10,Online - Nykaa
TXN-007454,SKU-0432,2024-08-27,2,1615,0,Online - Instagram
TXN-007455,SKU-0432,2024-08-29,3,1373,15,Store - Koramangala
TXN-007456,SKU-0432,2024-08-31,3,1211,25,Online - Website
TXN-007457,SKU-0432,2024-09-02,1,1615,0,Store - Indiranagar
TXN-007458,SKU-0432,2024-09-04,1,1615,0,Online - Website
TXN-007459,SKU-0432,2024-09-05,2,1615,0,Online - Nykaa
TXN-007460,SKU-0432,2024-09-08,2,1615,0,Online - Website
TXN-007461,SKU-0432,2024-09-10,2,1615,0,Online - Instagram
TXN-007462,SKU-0432,2024-09-11,3,1615,0,Store - Koramangala
TXN-007463,SKU-0432,2024-09-12,3,1615,0,Store - Indiranagar
TXN-007464,SKU-0432,2024-09-15,2,1615,0,Store - Koramangala
TXN-007465,SKU-0432,2024-09-18,1,1292,20,Online - Website
TXN-007466,SKU-0432,2024-09-19,2,1454,10,Online - Nykaa
TXN-007467,SKU-0432,2024-09-21,2,1615,0,Online - Website
TXN-007468,SKU-0432,2024-09-23,3,1615,0,Online - Instagram
TXN-007469,SKU-0432,2024-09-24,3,1454,10,Store - MG Road
TXN-007470,SKU-0432,2024-09-26,2,1615,0,Online - Nykaa
TXN-007471,SKU-0432,2024-09-28,3,1454,10,Online - Instagram
TXN-007472,SKU-0432,2024-09-30,3,1615,0,Online - Instagram
TXN-007473,SKU-0432,2024-10-03,3,1454,10,Store - MG Road
TXN-007474,SKU-0432,2024-10-06,2,1615,0,Store - Koramangala
TXN-007475,SKU-0432,2024-10-08,3,1615,0,Store - MG Road
TXN-007476,SKU-0432,2024-10-09,3,1615,0,Store - Koramangala
TXN-007477,SKU-0432,2024-10-11,3,1615,0,Store - MG Road
TXN-007478,SKU-0432,2024-10-12,1,1454,10,Online - Website
TXN-007479,SKU-0432,2024-10-13,2,1292,20,Online - Nykaa
TXN-007480,SKU-0432,2024-10-16,1,1615,0,Store - Indiranagar
TXN-007481,SKU-0432,2024-10-19,1,1615,0,Store - Indiranagar
TXN-007482,SKU-0432,2024-10-20,3,1615,0,Store - Koramangala
TXN-007483,SKU-0432,2024-10-21,3,1615,0,Online - Instagram
TXN-007484,SKU-0432,2024-10-24,1,1615,0,Online - Website
TXN-007485,SKU-0432,2024-10-25,2,1615,0,Store - Koramangala
TXN-007486,SKU-0432,2024-10-28,2,1615,0,Online - Website
TXN-007487,SKU-0432,2024-10-30,1,1615,0,Online - Instagram
TXN-007488,SKU-0432,2024-11-01,2,1615,0,Online - Nykaa
TXN-007489,SKU-0432,2024-11-03,1,1615,0,Store - Indiranagar
TXN-007490,SKU-0432,2024-11-06,1,1615,0,Online - Website
TXN-007491,SKU-0432,2024-11-09,2,1615,0,Store - MG Road
TXN-007492,SKU-0432,2024-11-11,3,1615,0,Online - Website
TXN-007493,SKU-0432,2024-11-12,1,1615,0,Store - MG Road
TXN-007494,SKU-0432,2024-11-15,3,1615,0,Store - MG Road
TXN-007495,SKU-0432,2024-11-16,1,1615,0,Store - MG Road
TXN-007496,SKU-0433,2024-10-27,2,1639,0,Online - Instagram
TXN-007497,SKU-0433,2024-10-30,2,1639,0,Online - Instagram
TXN-007498,SKU-0433,2024-10-31,1,1393,15,Store - Indiranagar
TXN-007499,SKU-0433,2024-11-01,2,1639,0,Online - Instagram
TXN-007500,SKU-0433,2024-11-04,1,1639,0,Store - Koramangala
TXN-007501,SKU-0433,2024-11-07,3,1639,0,Online - Nykaa
TXN-007502,SKU-0433,2024-11-10,3,1639,0,Store - Indiranagar
TXN-007503,SKU-0433,2024-11-13,1,1639,0,Online - Instagram
TXN-007504,SKU-0433,2024-11-16,1,1311,20,Online - Nykaa
TXN-007505,SKU-0433,2024-11-18,2,1639,0,Online - Instagram
TXN-007506,SKU-0433,2024-11-21,1,1639,0,Online - Website
TXN-007507,SKU-0433,2024-11-22,2,1639,0,Online - Nykaa
TXN-007508,SKU-0433,2024-11-23,2,1639,0,Store - Koramangala
TXN-007509,SKU-0433,2024-11-25,3,1229,25,Online - Website
TXN-007510,SKU-0433,2024-11-27,3,1639,0,Store - Koramangala
TXN-007511,SKU-0433,2024-11-29,3,1639,0,Store - Koramangala
TXN-007512,SKU-0433,2024-11-30,1,1639,0,Store - Indiranagar
TXN-007513,SKU-0433,2024-12-01,1,1639,0,Store - Indiranagar
TXN-007514,SKU-0434,2024-07-03,2,2148,0,Store - MG Road
TXN-007515,SKU-0434,2024-07-07,1,2148,0,Store - Koramangala
TXN-007516,SKU-0434,2024-07-12,1,1933,10,Online - Website
TXN-007517,SKU-0434,2024-07-15,3,2148,0,Store - MG Road
TXN-007518,SKU-0434,2024-07-20,2,2148,0,Store - Koramangala
TXN-007519,SKU-0434,2024-07-23,2,2148,0,Store - Koramangala
TXN-007520,SKU-0434,2024-07-27,3,2148,0,Store - Koramangala
TXN-007521,SKU-0434,2024-07-30,3,2148,0,Online - Website
TXN-007522,SKU-0434,2024-08-02,1,2148,0,Online - Instagram
TXN-007523,SKU-0434,2024-08-07,1,2148,0,Store - MG Road
TXN-007524,SKU-0434,2024-08-12,3,2148,0,Online - Nykaa
TXN-007525,SKU-0434,2024-08-16,3,2148,0,Online - Nykaa
TXN-007526,SKU-0434,2024-08-19,1,1933,10,Online - Instagram
TXN-007527,SKU-0434,2024-08-22,2,2148,0,Online - Website
TXN-007528,SKU-0434,2024-08-26,1,2148,0,Online - Nykaa
TXN-007529,SKU-0434,2024-08-29,2,1611,25,Store - MG Road
TXN-007530,SKU-0434,2024-09-03,3,1933,10,Store - Indiranagar
TXN-007531,SKU-0434,2024-09-07,3,1826,15,Store - MG Road
TXN-007532,SKU-0434,2024-09-11,1,2148,0,Online - Nykaa
TXN-007533,SKU-0434,2024-09-15,2,2148,0,Store - Indiranagar
TXN-007534,SKU-0434,2024-09-20,2,2148,0,Store - Koramangala
TXN-007535,SKU-0434,2024-09-23,2,1933,10,Store - Indiranagar
TXN-007536,SKU-0434,2024-09-28,3,2148,0,Store - MG Road
TXN-007537,SKU-0434,2024-10-02,1,2148,0,Online - Nykaa
TXN-007538,SKU-0435,2024-08-08,3,1663,0,Store - Koramangala
TXN-007539,SKU-0435,2024-08-10,1,1414,15,Online - Nykaa
TXN-007540,SKU-0435,2024-08-12,2,1497,10,Store - Koramangala
TXN-007541,SKU-0435,2024-08-14,2,1663,0,Store - MG Road
TXN-007542,SKU-0435,2024-08-17,3,1247,25,Online - Instagram
TXN-007543,SKU-0435,2024-08-20,3,1330,20,Online - Nykaa
TXN-007544,SKU-0435,2024-08-23,3,1663,0,Online - Nykaa
TXN-007545,SKU-0435,2024-08-27,3,1663,0,Online - Website
TXN-007546,SKU-0435,2024-08-29,2,1663,0,Store - Indiranagar
TXN-007547,SKU-0435,2024-09-01,2,1663,0,Store - Indiranagar
TXN-007548,SKU-0435,2024-09-05,1,1663,0,Online - Nykaa
TXN-007549,SKU-0435,2024-09-07,1,1663,0,Store - Indiranagar
TXN-007550,SKU-0435,2024-09-10,1,1663,0,Online - Instagram
TXN-007551,SKU-0435,2024-09-14,1,1663,0,Store - Indiranagar
TXN-007552,SKU-0435,2024-09-17,2,1663,0,Online - Nykaa
TXN-007553,SKU-0435,2024-09-19,1,1497,10,Online - Instagram
TXN-007554,SKU-0435,2024-09-23,1,1663,0,Online - Instagram
TXN-007555,SKU-0435,2024-09-25,2,1663,0,Online - Nykaa
TXN-007556,SKU-0435,2024-09-29,3,1663,0,Online - Nykaa
TXN-007557,SKU-0435,2024-10-02,2,1663,0,Online - Website
TXN-007558,SKU-0435,2024-10-04,2,1663,0,Store - Koramangala
TXN-007559,SKU-0435,2024-10-08,1,1247,25,Online - Instagram
TXN-007560,SKU-0435,2024-10-11,2,1663,0,Store - MG Road
TXN-007561,SKU-0435,2024-10-15,1,1414,15,Store - Indiranagar
TXN-007562,SKU-0435,2024-10-17,1,1663,0,Store - Indiranagar
TXN-007563,SKU-0435,2024-10-20,1,1663,0,Store - Indiranagar
TXN-007564,SKU-0436,2024-08-26,3,994,10,Online - Website
TXN-007565,SKU-0436,2024-08-27,1,1104,0,Store - Koramangala
TXN-007566,SKU-0436,2024-08-28,1,994,10,Store - MG Road
TXN-007567,SKU-0436,2024-08-29,2,994,10,Online - Nykaa
TXN-007568,SKU-0436,2024-08-31,2,994,10,Store - Koramangala
TXN-007569,SKU-0436,2024-09-01,3,1104,0,Online - Website
TXN-007570,SKU-0436,2024-09-04,1,1104,0,Store - Koramangala
TXN-007571,SKU-0436,2024-09-05,3,1104,0,Store - MG Road
TXN-007572,SKU-0436,2024-09-07,3,1104,0,Online - Website
TXN-007573,SKU-0436,2024-09-10,1,828,25,Online - Instagram
TXN-007574,SKU-0436,2024-09-11,3,994,10,Store - MG Road
TXN-007575,SKU-0436,2024-09-13,2,1104,0,Store - Indiranagar
TXN-007576,SKU-0436,2024-09-16,3,1104,0,Online - Instagram
TXN-007577,SKU-0436,2024-09-19,3,1104,0,Store - MG Road
TXN-007578,SKU-0436,2024-09-21,3,1104,0,Online - Website
TXN-007579,SKU-0436,2024-09-24,1,994,10,Store - MG Road
TXN-007580,SKU-0436,2024-09-26,2,1104,0,Store - MG Road
TXN-007581,SKU-0436,2024-09-27,1,1104,0,Online - Website
TXN-007582,SKU-0436,2024-09-29,2,1104,0,Online - Website
TXN-007583,SKU-0436,2024-09-30,3,938,15,Store - Koramangala
TXN-007584,SKU-0436,2024-10-01,1,994,10,Store - Indiranagar
TXN-007585,SKU-0436,2024-10-02,3,1104,0,Online - Website
TXN-007586,SKU-0436,2024-10-05,2,1104,0,Online - Nykaa
TXN-007587,SKU-0436,2024-10-06,1,1104,0,Online - Instagram
TXN-007588,SKU-0436,2024-10-09,3,883,20,Online - Nykaa
TXN-007589,SKU-0436,2024-10-11,2,1104,0,Online - Nykaa
TXN-007590,SKU-0436,2024-10-14,1,1104,0,Online - Website
TXN-007591,SKU-0436,2024-10-16,3,1104,0,Online - Nykaa
TXN-007592,SKU-0436,2024-10-17,2,1104,0,Store - Koramangala
TXN-007593,SKU-0436,2024-10-18,2,1104,0,Store - MG Road
TXN-007594,SKU-0436,2024-10-21,3,1104,0,Online - Nykaa
TXN-007595,SKU-0436,2024-10-24,3,1104,0,Online - Website
TXN-007596,SKU-0437,2024-09-18,3,1114,0,Store - Indiranagar
TXN-007597,SKU-0437,2024-09-19,1,1114,0,Store - MG Road
TXN-007598,SKU-0437,2024-09-21,1,1114,0,Online - Nykaa
TXN-007599,SKU-0437,2024-09-22,1,1114,0,Store - Koramangala
TXN-007600,SKU-0437,2024-09-25,1,891,20,Store - Koramangala
TXN-007601,SKU-0437,2024-09-26,3,1114,0,Online - Website
TXN-007602,SKU-0437,2024-09-29,2,1114,0,Online - Instagram
TXN-007603,SKU-0437,2024-10-01,2,1114,0,Online - Website
TXN-007604,SKU-0437,2024-10-04,1,1114,0,Store - Koramangala
TXN-007605,SKU-0437,2024-10-06,3,947,15,Store - MG Road
TXN-007606,SKU-0437,2024-10-08,2,1114,0,Store - Koramangala
TXN-007607,SKU-0437,2024-10-09,3,1114,0,Store - MG Road
TXN-007608,SKU-0437,2024-10-11,1,1114,0,Store - MG Road
TXN-007609,SKU-0437,2024-10-14,1,1114,0,Online - Instagram
TXN-007610,SKU-0437,2024-10-15,2,1114,0,Online - Website
TXN-007611,SKU-0437,2024-10-18,1,1114,0,Store - MG Road
TXN-007612,SKU-0437,2024-10-19,1,1003,10,Online - Nykaa
TXN-007613,SKU-0437,2024-10-22,1,1114,0,Store - MG Road
TXN-007614,SKU-0437,2024-10-23,1,1114,0,Store - Indiranagar
TXN-007615,SKU-0437,2024-10-25,3,1114,0,Store - Koramangala
TXN-007616,SKU-0437,2024-10-27,2,1114,0,Store - Indiranagar
TXN-007617,SKU-0437,2024-10-29,2,1003,10,Store - Koramangala
TXN-007618,SKU-0437,2024-11-01,1,1003,10,Store - MG Road
TXN-007619,SKU-0437,2024-11-04,1,1114,0,Store - Indiranagar
TXN-007620,SKU-0437,2024-11-07,3,1114,0,Online - Website
TXN-007621,SKU-0437,2024-11-09,1,891,20,Online - Website
TXN-007622,SKU-0437,2024-11-12,2,1114,0,Online - Nykaa
TXN-007623,SKU-0437,2024-11-14,3,1114,0,Online - Website
TXN-007624,SKU-0437,2024-11-15,2,1114,0,Online - Instagram
TXN-007625,SKU-0437,2024-11-17,2,1114,0,Online - Website
TXN-007626,SKU-0437,2024-11-20,3,1114,0,Online - Nykaa
TXN-007627,SKU-0437,2024-11-23,3,1114,0,Online - Instagram
TXN-007628,SKU-0437,2024-11-26,1,1114,0,Store - MG Road
TXN-007629,SKU-0437,2024-11-27,3,836,25,Online - Website
TXN-007630,SKU-0437,2024-11-29,2,1114,0,Online - Nykaa
TXN-007631,SKU-0437,2024-12-01,2,1003,10,Store - Koramangala
TXN-007632,SKU-0438,2024-09-01,3,1545,0,Online - Website
TXN-007633,SKU-0438,2024-09-10,1,1545,0,Online - Instagram
TXN-007634,SKU-0438,2024-09-18,1,1159,25,Store - MG Road
TXN-007635,SKU-0438,2024-09-26,3,1545,0,Store - MG Road
TXN-007636,SKU-0438,2024-10-04,2,1545,0,Online - Instagram
TXN-007637,SKU-0438,2024-10-13,3,1545,0,Store - Indiranagar
TXN-007638,SKU-0438,2024-10-20,1,1545,0,Online - Instagram
TXN-007639,SKU-0439,2024-08-02,2,1592,0,Online - Instagram
TXN-007640,SKU-0439,2024-08-04,1,1592,0,Online - Instagram
TXN-007641,SKU-0439,2024-08-07,2,1592,0,Store - MG Road
TXN-007642,SKU-0439,2024-08-10,2,1592,0,Store - MG Road
TXN-007643,SKU-0439,2024-08-12,2,1274,20,Online - Nykaa
TXN-007644,SKU-0439,2024-08-16,1,1592,0,Online - Website
TXN-007645,SKU-0439,2024-08-19,1,1592,0,Store - Koramangala
TXN-007646,SKU-0439,2024-08-22,1,1433,10,Store - Koramangala
TXN-007647,SKU-0439,2024-08-25,3,1592,0,Online - Instagram
TXN-007648,SKU-0439,2024-08-28,1,1592,0,Online - Instagram
TXN-007649,SKU-0439,2024-08-30,3,1592,0,Online - Website
TXN-007650,SKU-0439,2024-09-03,3,1592,0,Store - Indiranagar
TXN-007651,SKU-0439,2024-09-06,2,1592,0,Online - Website
TXN-007652,SKU-0439,2024-09-08,2,1592,0,Online - Nykaa
TXN-007653,SKU-0439,2024-09-10,1,1592,0,Online - Website
TXN-007654,SKU-0439,2024-09-12,3,1194,25,Online - Nykaa
TXN-007655,SKU-0439,2024-09-14,2,1592,0,Online - Nykaa
TXN-007656,SKU-0439,2024-09-16,2,1592,0,Store - MG Road
TXN-007657,SKU-0439,2024-09-20,1,1592,0,Store - Indiranagar
TXN-007658,SKU-0439,2024-09-23,3,1592,0,Store - Koramangala
TXN-007659,SKU-0439,2024-09-27,3,1592,0,Online - Instagram
TXN-007660,SKU-0439,2024-09-30,3,1592,0,Online - Instagram
TXN-007661,SKU-0439,2024-10-04,1,1592,0,Store - Indiranagar
TXN-007662,SKU-0439,2024-10-08,2,1592,0,Store - Indiranagar
TXN-007663,SKU-0439,2024-10-11,3,1592,0,Online - Nykaa
TXN-007664,SKU-0440,2024-08-11,1,1679,0,Online - Instagram
TXN-007665,SKU-0440,2024-08-13,3,1679,0,Online - Website
TXN-007666,SKU-0440,2024-08-15,2,1259,25,Online - Instagram
TXN-007667,SKU-0440,2024-08-17,1,1679,0,Store - Indiranagar
TXN-007668,SKU-0440,2024-08-18,3,1511,10,Store - Indiranagar
TXN-007669,SKU-0440,2024-08-21,2,1679,0,Online - Instagram
TXN-007670,SKU-0440,2024-08-24,1,1679,0,Online - Website
TXN-007671,SKU-0440,2024-08-25,3,1679,0,Online - Website
TXN-007672,SKU-0440,2024-08-27,3,1343,20,Online - Nykaa
TXN-007673,SKU-0440,2024-08-30,1,1511,10,Online - Website
TXN-007674,SKU-0440,2024-09-01,1,1343,20,Store - Koramangala
TXN-007675,SKU-0440,2024-09-03,2,1679,0,Store - MG Road
TXN-007676,SKU-0440,2024-09-04,3,1679,0,Store - Indiranagar
TXN-007677,SKU-0440,2024-09-05,1,1679,0,Online - Instagram
TXN-007678,SKU-0440,2024-09-06,3,1679,0,Online - Instagram
TXN-007679,SKU-0440,2024-09-08,2,1679,0,Online - Instagram
TXN-007680,SKU-0440,2024-09-11,2,1679,0,Store - MG Road
TXN-007681,SKU-0440,2024-09-14,3,1679,0,Store - MG Road
TXN-007682,SKU-0440,2024-09-17,3,1427,15,Store - Indiranagar
TXN-007683,SKU-0440,2024-09-19,2,1679,0,Store - MG Road
TXN-007684,SKU-0440,2024-09-20,2,1679,0,Online - Nykaa
TXN-007685,SKU-0440,2024-09-22,2,1679,0,Online - Instagram
TXN-007686,SKU-0440,2024-09-25,3,1679,0,Store - Koramangala
TXN-007687,SKU-0440,2024-09-27,1,1511,10,Store - MG Road
TXN-007688,SKU-0440,2024-09-28,2,1679,0,Online - Instagram
TXN-007689,SKU-0440,2024-09-30,1,1679,0,Store - Koramangala
TXN-007690,SKU-0440,2024-10-02,3,1679,0,Online - Nykaa
TXN-007691,SKU-0440,2024-10-05,2,1679,0,Store - Indiranagar
TXN-007692,SKU-0440,2024-10-08,1,1427,15,Store - Indiranagar
TXN-007693,SKU-0440,2024-10-09,3,1679,0,Store - Indiranagar
TXN-007694,SKU-0440,2024-10-11,1,1343,20,Online - Website
TXN-007695,SKU-0440,2024-10-14,3,1427,15,Online - Website
TXN-007696,SKU-0440,2024-10-16,1,1679,0,Online - Website
TXN-007697,SKU-0440,2024-10-19,1,1679,0,Store - MG Road
TXN-007698,SKU-0440,2024-10-20,1,1679,0,Online - Instagram
TXN-007699,SKU-0440,2024-10-22,3,1679,0,Store - Koramangala
TXN-007700,SKU-0440,2024-10-23,2,1679,0,Online - Website
TXN-007701,SKU-0440,2024-10-25,3,1259,25,Online - Nykaa
TXN-007702,SKU-0440,2024-10-28,1,1679,0,Online - Nykaa
TXN-007703,SKU-0440,2024-10-29,2,1679,0,Online - Website
TXN-007704,SKU-0440,2024-10-31,1,1679,0,Store - Indiranagar
TXN-007705,SKU-0440,2024-11-01,3,1427,15,Store - MG Road
TXN-007706,SKU-0440,2024-11-04,1,1511,10,Online - Instagram
TXN-007707,SKU-0440,2024-11-05,1,1343,20,Online - Website
TXN-007708,SKU-0440,2024-11-06,3,1343,20,Store - Koramangala
TXN-007709,SKU-0440,2024-11-09,2,1679,0,Store - Koramangala
TXN-007710,SKU-0440,2024-11-10,2,1679,0,Online - Instagram
TXN-007711,SKU-0441,2024-08-21,1,1456,0,Store - MG Road
TXN-007712,SKU-0441,2024-08-25,3,1456,0,Online - Instagram
TXN-007713,SKU-0441,2024-08-29,3,1456,0,Store - Indiranagar
TXN-007714,SKU-0441,2024-09-02,3,1456,0,Online - Nykaa
TXN-007715,SKU-0441,2024-09-06,2,1456,0,Online - Website
TXN-007716,SKU-0441,2024-09-11,2,1310,10,Store - MG Road
TXN-007717,SKU-0441,2024-09-15,3,1310,10,Store - MG Road
TXN-007718,SKU-0441,2024-09-20,1,1456,0,Store - MG Road
TXN-007719,SKU-0441,2024-09-26,2,1456,0,Online - Nykaa
TXN-007720,SKU-0441,2024-09-30,1,1165,20,Store - MG Road
TXN-007721,SKU-0442,2024-07-26,3,1375,20,Store - MG Road
TXN-007722,SKU-0442,2024-07-28,2,1719,0,Online - Nykaa
TXN-007723,SKU-0442,2024-07-31,1,1719,0,Online - Nykaa
TXN-007724,SKU-0442,2024-08-01,1,1461,15,Online - Website
TXN-007725,SKU-0442,2024-08-03,2,1719,0,Online - Website
TXN-007726,SKU-0442,2024-08-04,1,1719,0,Store - Koramangala
TXN-007727,SKU-0442,2024-08-07,2,1719,0,Store - MG Road
TXN-007728,SKU-0442,2024-08-10,1,1719,0,Online - Website
TXN-007729,SKU-0442,2024-08-13,1,1719,0,Online - Instagram
TXN-007730,SKU-0442,2024-08-14,1,1719,0,Store - MG Road
TXN-007731,SKU-0442,2024-08-17,2,1719,0,Store - Indiranagar
TXN-007732,SKU-0442,2024-08-19,1,1547,10,Store - Koramangala
TXN-007733,SKU-0442,2024-08-22,3,1719,0,Store - Koramangala
TXN-007734,SKU-0442,2024-08-23,2,1719,0,Online - Nykaa
TXN-007735,SKU-0442,2024-08-25,1,1719,0,Store - MG Road
TXN-007736,SKU-0442,2024-08-27,1,1461,15,Store - Indiranagar
TXN-007737,SKU-0442,2024-08-28,2,1289,25,Store - Indiranagar
TXN-007738,SKU-0442,2024-08-29,2,1719,0,Store - Indiranagar
TXN-007739,SKU-0442,2024-08-31,1,1719,0,Online - Nykaa
TXN-007740,SKU-0442,2024-09-03,3,1719,0,Online - Website
TXN-007741,SKU-0442,2024-09-04,1,1547,10,Online - Instagram
TXN-007742,SKU-0442,2024-09-05,3,1375,20,Store - Koramangala
TXN-007743,SKU-0442,2024-09-08,2,1547,10,Store - Indiranagar
TXN-007744,SKU-0442,2024-09-10,1,1547,10,Store - MG Road
TXN-007745,SKU-0442,2024-09-11,2,1719,0,Online - Nykaa
TXN-007746,SKU-0442,2024-09-14,1,1547,10,Store - Koramangala
TXN-007747,SKU-0442,2024-09-17,1,1719,0,Store - Indiranagar
TXN-007748,SKU-0442,2024-09-20,1,1719,0,Store - MG Road
TXN-007749,SKU-0442,2024-09-21,2,1719,0,Online - Nykaa
TXN-007750,SKU-0442,2024-09-24,1,1719,0,Online - Instagram
TXN-007751,SKU-0442,2024-09-26,2,1719,0,Store - Koramangala
TXN-007752,SKU-0442,2024-09-29,3,1719,0,Online - Nykaa
TXN-007753,SKU-0442,2024-10-01,1,1719,0,Online - Nykaa
TXN-007754,SKU-0442,2024-10-04,3,1719,0,Online - Website
TXN-007755,SKU-0442,2024-10-05,3,1289,25,Online - Instagram
TXN-007756,SKU-0442,2024-10-08,2,1461,15,Online - Nykaa
TXN-007757,SKU-0442,2024-10-09,3,1719,0,Store - Indiranagar
TXN-007758,SKU-0442,2024-10-10,2,1719,0,Online - Nykaa
TXN-007759,SKU-0442,2024-10-13,3,1719,0,Store - Koramangala
TXN-007760,SKU-0442,2024-10-14,3,1719,0,Store - MG Road
TXN-007761,SKU-0442,2024-10-16,2,1719,0,Online - Nykaa
TXN-007762,SKU-0442,2024-10-17,3,1461,15,Online - Nykaa
TXN-007763,SKU-0442,2024-10-18,1,1719,0,Online - Instagram
TXN-007764,SKU-0442,2024-10-19,2,1719,0,Online - Instagram
TXN-007765,SKU-0442,2024-10-22,3,1719,0,Store - MG Road
TXN-007766,SKU-0442,2024-10-24,1,1375,20,Store - Koramangala
TXN-007767,SKU-0442,2024-10-27,3,1719,0,Online - Nykaa
TXN-007768,SKU-0442,2024-10-28,2,1719,0,Store - Koramangala
TXN-007769,SKU-0442,2024-10-31,2,1547,10,Store - Indiranagar
TXN-007770,SKU-0442,2024-11-01,3,1719,0,Store - MG Road
TXN-007771,SKU-0442,2024-11-04,1,1719,0,Store - Koramangala
TXN-007772,SKU-0442,2024-11-06,2,1719,0,Store - MG Road
TXN-007773,SKU-0442,2024-11-07,2,1719,0,Store - MG Road
TXN-007774,SKU-0442,2024-11-09,1,1719,0,Online - Instagram
TXN-007775,SKU-0442,2024-11-10,2,1719,0,Store - Indiranagar
TXN-007776,SKU-0442,2024-11-12,2,1719,0,Online - Instagram
TXN-007777,SKU-0442,2024-11-15,1,1719,0,Online - Website
TXN-007778,SKU-0442,2024-11-17,1,1719,0,Store - Koramangala
TXN-007779,SKU-0442,2024-11-19,2,1719,0,Online - Nykaa
TXN-007780,SKU-0442,2024-11-20,2,1719,0,Online - Website
TXN-007781,SKU-0442,2024-11-21,1,1719,0,Store - MG Road
TXN-007782,SKU-0442,2024-11-22,2,1375,20,Store - MG Road
TXN-007783,SKU-0442,2024-11-24,1,1719,0,Online - Website
TXN-007784,SKU-0442,2024-11-27,1,1719,0,Store - Indiranagar
TXN-007785,SKU-0442,2024-11-29,1,1719,0,Store - MG Road
TXN-007786,SKU-0442,2024-12-01,3,1719,0,Online - Instagram
TXN-007787,SKU-0443,2024-11-10,2,1461,0,Online - Instagram
TXN-007788,SKU-0443,2024-11-13,3,1461,0,Store - Indiranagar
TXN-007789,SKU-0443,2024-11-15,3,1461,0,Online - Instagram
TXN-007790,SKU-0443,2024-11-17,3,1461,0,Online - Website
TXN-007791,SKU-0443,2024-11-20,1,1315,10,Store - Indiranagar
TXN-007792,SKU-0443,2024-11-21,1,1461,0,Store - MG Road
TXN-007793,SKU-0443,2024-11-24,2,1461,0,Store - Indiranagar
TXN-007794,SKU-0443,2024-11-27,2,1461,0,Store - MG Road
TXN-007795,SKU-0443,2024-11-30,3,1461,0,Online - Nykaa
TXN-007796,SKU-0443,2024-12-01,3,1169,20,Online - Nykaa
TXN-007797,SKU-0445,2024-08-06,3,1270,0,Store - Koramangala
TXN-007798,SKU-0445,2024-08-08,2,1270,0,Store - Koramangala
TXN-007799,SKU-0445,2024-08-10,2,1270,0,Online - Website
TXN-007800,SKU-0445,2024-08-11,1,1270,0,Online - Nykaa
TXN-007801,SKU-0445,2024-08-12,3,1270,0,Store - Koramangala
TXN-007802,SKU-0445,2024-08-15,1,1270,0,Online - Nykaa
TXN-007803,SKU-0445,2024-08-16,3,1270,0,Store - MG Road
TXN-007804,SKU-0445,2024-08-18,3,1080,15,Online - Website
TXN-007805,SKU-0445,2024-08-19,1,1270,0,Store - Koramangala
TXN-007806,SKU-0445,2024-08-22,1,1270,0,Store - Indiranagar
TXN-007807,SKU-0445,2024-08-25,3,1270,0,Online - Nykaa
TXN-007808,SKU-0445,2024-08-27,1,1270,0,Store - MG Road
TXN-007809,SKU-0445,2024-08-28,2,1270,0,Store - Indiranagar
TXN-007810,SKU-0445,2024-08-29,2,1270,0,Store - Indiranagar
TXN-007811,SKU-0445,2024-09-01,1,1270,0,Store - Indiranagar
TXN-007812,SKU-0445,2024-09-04,3,1270,0,Store - Koramangala
TXN-007813,SKU-0445,2024-09-05,1,1270,0,Online - Instagram
TXN-007814,SKU-0445,2024-09-07,1,1270,0,Store - Indiranagar
TXN-007815,SKU-0445,2024-09-08,1,1270,0,Store - Indiranagar
TXN-007816,SKU-0445,2024-09-11,3,1270,0,Store - MG Road
TXN-007817,SKU-0445,2024-09-14,1,1270,0,Online - Website
TXN-007818,SKU-0445,2024-09-16,3,1270,0,Online - Instagram
TXN-007819,SKU-0445,2024-09-17,2,1270,0,Store - Indiranagar
TXN-007820,SKU-0445,2024-09-19,1,1270,0,Store - Indiranagar
TXN-007821,SKU-0445,2024-09-20,1,1270,0,Store - Koramangala
TXN-007822,SKU-0445,2024-09-22,3,1143,10,Store - Indiranagar
TXN-007823,SKU-0445,2024-09-24,3,1270,0,Store - MG Road
TXN-007824,SKU-0445,2024-09-26,3,1143,10,Online - Instagram
TXN-007825,SKU-0445,2024-09-29,2,1270,0,Store - Indiranagar
TXN-007826,SKU-0445,2024-10-02,1,952,25,Store - Koramangala
TXN-007827,SKU-0445,2024-10-04,2,1270,0,Store - Indiranagar
TXN-007828,SKU-0445,2024-10-06,2,1270,0,Online - Nykaa
TXN-007829,SKU-0445,2024-10-09,2,1270,0,Store - Koramangala
TXN-007830,SKU-0445,2024-10-12,2,1270,0,Store - Koramangala
TXN-007831,SKU-0445,2024-10-14,2,1270,0,Store - Koramangala
TXN-007832,SKU-0445,2024-10-15,2,1270,0,Store - MG Road
TXN-007833,SKU-0445,2024-10-17,2,1270,0,Store - Indiranagar
TXN-007834,SKU-0445,2024-10-19,1,1143,10,Online - Website
TXN-007835,SKU-0445,2024-10-22,3,1143,10,Store - Indiranagar
TXN-007836,SKU-0445,2024-10-25,3,1080,15,Store - Indiranagar
TXN-007837,SKU-0445,2024-10-27,3,1270,0,Online - Instagram
TXN-007838,SKU-0445,2024-10-29,3,1270,0,Store - Koramangala
TXN-007839,SKU-0445,2024-11-01,1,1270,0,Store - Indiranagar
TXN-007840,SKU-0445,2024-11-04,1,1270,0,Online - Instagram
TXN-007841,SKU-0445,2024-11-05,2,1270,0,Store - MG Road
TXN-007842,SKU-0445,2024-11-08,1,1270,0,Online - Nykaa
TXN-007843,SKU-0445,2024-11-10,1,1270,0,Online - Website
TXN-007844,SKU-0445,2024-11-12,2,1270,0,Store - Indiranagar
TXN-007845,SKU-0445,2024-11-13,1,1270,0,Online - Instagram
TXN-007846,SKU-0446,2024-08-17,2,1590,20,Store - Koramangala
TXN-007847,SKU-0446,2024-09-01,1,1988,0,Store - Koramangala
TXN-007848,SKU-0446,2024-09-14,2,1988,0,Store - Koramangala
TXN-007849,SKU-0446,2024-09-29,3,1690,15,Store - MG Road
TXN-007850,SKU-0447,2024-10-15,2,1766,0,Online - Website
TXN-007851,SKU-0447,2024-10-18,2,1766,0,Online - Instagram
TXN-007852,SKU-0447,2024-10-21,2,1766,0,Online - Website
TXN-007853,SKU-0447,2024-10-26,3,1766,0,Store - Indiranagar
TXN-007854,SKU-0447,2024-10-31,2,1413,20,Store - Indiranagar
TXN-007855,SKU-0447,2024-11-05,2,1589,10,Store - Indiranagar
TXN-007856,SKU-0447,2024-11-10,3,1766,0,Online - Website
TXN-007857,SKU-0447,2024-11-14,3,1766,0,Store - MG Road
TXN-007858,SKU-0447,2024-11-17,1,1766,0,Online - Nykaa
TXN-007859,SKU-0447,2024-11-20,3,1589,10,Online - Nykaa
TXN-007860,SKU-0447,2024-11-25,1,1589,10,Store - Indiranagar
TXN-007861,SKU-0447,2024-11-28,1,1766,0,Online - Instagram
TXN-007862,SKU-0448,2024-06-23,3,1767,15,Store - Koramangala
TXN-007863,SKU-0448,2024-06-26,1,1663,20,Store - MG Road
TXN-007864,SKU-0448,2024-06-27,1,1871,10,Online - Instagram
TXN-007865,SKU-0448,2024-06-28,2,2079,0,Online - Instagram
TXN-007866,SKU-0448,2024-07-01,3,2079,0,Online - Instagram
TXN-007867,SKU-0448,2024-07-03,1,2079,0,Store - Indiranagar
TXN-007868,SKU-0448,2024-07-04,3,2079,0,Store - Indiranagar
TXN-007869,SKU-0448,2024-07-07,2,1663,20,Store - Indiranagar
TXN-007870,SKU-0448,2024-07-10,2,2079,0,Store - Koramangala
TXN-007871,SKU-0448,2024-07-12,2,2079,0,Online - Instagram
TXN-007872,SKU-0448,2024-07-15,1,2079,0,Store - MG Road
TXN-007873,SKU-0448,2024-07-16,1,1767,15,Store - Indiranagar
TXN-007874,SKU-0448,2024-07-17,1,2079,0,Store - Indiranagar
TXN-007875,SKU-0448,2024-07-19,3,1663,20,Store - Indiranagar
TXN-007876,SKU-0448,2024-07-20,2,2079,0,Store - MG Road
TXN-007877,SKU-0448,2024-07-21,1,2079,0,Store - MG Road
TXN-007878,SKU-0448,2024-07-22,2,2079,0,Online - Instagram
TXN-007879,SKU-0448,2024-07-23,3,1767,15,Online - Nykaa
TXN-007880,SKU-0448,2024-07-24,2,2079,0,Store - Koramangala
TXN-007881,SKU-0448,2024-07-25,2,2079,0,Online - Website
TXN-007882,SKU-0448,2024-07-28,1,1871,10,Store - Indiranagar
TXN-007883,SKU-0448,2024-07-29,1,2079,0,Online - Nykaa
TXN-007884,SKU-0448,2024-07-30,3,2079,0,Store - Koramangala
TXN-007885,SKU-0448,2024-08-01,1,2079,0,Online - Website
TXN-007886,SKU-0448,2024-08-02,3,2079,0,Online - Instagram
TXN-007887,SKU-0448,2024-08-04,2,2079,0,Store - Koramangala
TXN-007888,SKU-0448,2024-08-06,2,2079,0,Store - Indiranagar
TXN-007889,SKU-0448,2024-08-09,2,1559,25,Online - Website
TXN-007890,SKU-0448,2024-08-12,2,2079,0,Online - Website
TXN-007891,SKU-0448,2024-08-13,1,1871,10,Online - Instagram
TXN-007892,SKU-0448,2024-08-15,2,2079,0,Store - Indiranagar
TXN-007893,SKU-0448,2024-08-18,2,2079,0,Online - Nykaa
TXN-007894,SKU-0448,2024-08-20,2,2079,0,Online - Nykaa
TXN-007895,SKU-0448,2024-08-23,1,1767,15,Store - Indiranagar
TXN-007896,SKU-0448,2024-08-26,3,1871,10,Store - MG Road
TXN-007897,SKU-0448,2024-08-27,3,1663,20,Online - Instagram
TXN-007898,SKU-0448,2024-08-30,3,2079,0,Online - Instagram
TXN-007899,SKU-0448,2024-08-31,1,1871,10,Online - Website
TXN-007900,SKU-0448,2024-09-02,1,2079,0,Online - Instagram
TXN-007901,SKU-0448,2024-09-03,1,1767,15,Online - Website
TXN-007902,SKU-0448,2024-09-05,2,2079,0,Online - Instagram
TXN-007903,SKU-0448,2024-09-06,2,1663,20,Online - Nykaa
TXN-007904,SKU-0448,2024-09-07,2,2079,0,Store - MG Road
TXN-007905,SKU-0448,2024-09-10,2,2079,0,Online - Instagram
TXN-007906,SKU-0448,2024-09-12,2,2079,0,Online - Instagram
TXN-007907,SKU-0448,2024-09-14,1,2079,0,Store - Koramangala
TXN-007908,SKU-0448,2024-09-16,3,2079,0,Store - Koramangala
TXN-007909,SKU-0448,2024-09-18,1,1559,25,Store - MG Road
TXN-007910,SKU-0448,2024-09-20,3,2079,0,Online - Website
TXN-007911,SKU-0448,2024-09-21,2,2079,0,Online - Nykaa
TXN-007912,SKU-0448,2024-09-23,2,1871,10,Online - Instagram
TXN-007913,SKU-0448,2024-09-25,3,2079,0,Store - Indiranagar
TXN-007914,SKU-0448,2024-09-27,1,2079,0,Store - MG Road
TXN-007915,SKU-0448,2024-09-29,2,1663,20,Store - MG Road
TXN-007916,SKU-0448,2024-10-02,1,2079,0,Store - Indiranagar
TXN-007917,SKU-0449,2024-11-01,3,1817,0,Online - Website
TXN-007918,SKU-0449,2024-11-05,3,1544,15,Online - Instagram
TXN-007919,SKU-0449,2024-11-08,2,1817,0,Online - Website
TXN-007920,SKU-0449,2024-11-13,3,1635,10,Online - Instagram
TXN-007921,SKU-0449,2024-11-18,2,1817,0,Store - Indiranagar
TXN-007922,SKU-0449,2024-11-22,3,1817,0,Online - Nykaa
TXN-007923,SKU-0449,2024-11-25,2,1454,20,Store - Koramangala
TXN-007924,SKU-0449,2024-11-30,2,1817,0,Online - Website
TXN-007925,SKU-0450,2024-07-27,3,1210,15,Online - Nykaa
TXN-007926,SKU-0450,2024-07-28,1,1210,15,Online - Website
TXN-007927,SKU-0450,2024-07-31,1,1210,15,Store - Koramangala
TXN-007928,SKU-0450,2024-08-03,1,1423,0,Store - Koramangala
TXN-007929,SKU-0450,2024-08-05,1,1423,0,Store - Koramangala
TXN-007930,SKU-0450,2024-08-07,2,1423,0,Online - Instagram
TXN-007931,SKU-0450,2024-08-09,1,1423,0,Store - MG Road
TXN-007932,SKU-0450,2024-08-12,1,1423,0,Store - Indiranagar
TXN-007933,SKU-0450,2024-08-15,2,1423,0,Store - MG Road
TXN-007934,SKU-0450,2024-08-18,2,1423,0,Store - Indiranagar
TXN-007935,SKU-0450,2024-08-20,3,1067,25,Online - Instagram
TXN-007936,SKU-0450,2024-08-23,2,1423,0,Online - Nykaa
TXN-007937,SKU-0450,2024-08-26,2,1423,0,Store - Indiranagar
TXN-007938,SKU-0450,2024-08-29,2,1423,0,Online - Instagram
TXN-007939,SKU-0450,2024-08-31,3,1423,0,Store - Koramangala
TXN-007940,SKU-0450,2024-09-01,2,1423,0,Store - Koramangala
TXN-007941,SKU-0450,2024-09-03,1,1423,0,Store - Indiranagar
TXN-007942,SKU-0450,2024-09-06,3,1423,0,Online - Instagram
TXN-007943,SKU-0450,2024-09-07,3,1423,0,Store - Koramangala
TXN-007944,SKU-0450,2024-09-10,2,1423,0,Online - Website
TXN-007945,SKU-0450,2024-09-11,3,1281,10,Online - Website
TXN-007946,SKU-0450,2024-09-13,1,1423,0,Store - Indiranagar
TXN-007947,SKU-0450,2024-09-15,2,1423,0,Store - Indiranagar
TXN-007948,SKU-0450,2024-09-16,3,1423,0,Store - Koramangala
TXN-007949,SKU-0450,2024-09-19,1,1423,0,Online - Website
TXN-007950,SKU-0450,2024-09-22,2,1423,0,Store - Indiranagar
TXN-007951,SKU-0450,2024-09-24,1,1210,15,Store - Koramangala
TXN-007952,SKU-0450,2024-09-25,2,1423,0,Online - Instagram
TXN-007953,SKU-0450,2024-09-28,1,1210,15,Store - Indiranagar
TXN-007954,SKU-0450,2024-10-01,3,1423,0,Online - Instagram
TXN-007955,SKU-0450,2024-10-04,1,1423,0,Store - Koramangala
TXN-007956,SKU-0450,2024-10-07,1,1423,0,Online - Website
TXN-007957,SKU-0450,2024-10-09,2,1423,0,Store - MG Road
TXN-007958,SKU-0450,2024-10-11,1,1423,0,Online - Website
TXN-007959,SKU-0450,2024-10-12,1,1423,0,Online - Nykaa
TXN-007960,SKU-0450,2024-10-13,3,1423,0,Store - MG Road
TXN-007961,SKU-0450,2024-10-15,2,1423,0,Store - Indiranagar
TXN-007962,SKU-0450,2024-10-17,2,1423,0,Store - MG Road
TXN-007963,SKU-0450,2024-10-19,2,1423,0,Online - Nykaa
TXN-007964,SKU-0450,2024-10-22,1,1423,0,Store - Koramangala
TXN-007965,SKU-0450,2024-10-23,1,1067,25,Online - Nykaa
TXN-007966,SKU-0450,2024-10-24,1,1423,0,Online - Website
TXN-007967,SKU-0450,2024-10-26,1,1423,0,Store - MG Road
TXN-007968,SKU-0450,2024-10-28,3,1423,0,Online - Website
TXN-007969,SKU-0450,2024-10-31,1,1210,15,Store - Indiranagar
TXN-007970,SKU-0450,2024-11-03,1,1138,20,Store - Indiranagar
TXN-007971,SKU-0450,2024-11-04,1,1423,0,Store - Koramangala
TXN-007972,SKU-0450,2024-11-07,2,1423,0,Online - Website
TXN-007973,SKU-0451,2024-09-20,3,815,0,Store - Indiranagar
TXN-007974,SKU-0451,2024-09-21,1,815,0,Online - Website
TXN-007975,SKU-0451,2024-09-22,1,734,10,Store - Koramangala
TXN-007976,SKU-0451,2024-09-24,1,815,0,Online - Website
TXN-007977,SKU-0451,2024-09-25,2,611,25,Online - Nykaa
TXN-007978,SKU-0451,2024-09-28,2,815,0,Online - Website
TXN-007979,SKU-0451,2024-09-29,2,815,0,Store - Indiranagar
TXN-007980,SKU-0451,2024-09-30,3,693,15,Store - Indiranagar
TXN-007981,SKU-0451,2024-10-02,2,815,0,Store - Koramangala
TXN-007982,SKU-0451,2024-10-03,1,693,15,Online - Instagram
TXN-007983,SKU-0451,2024-10-06,2,815,0,Store - MG Road
TXN-007984,SKU-0451,2024-10-09,2,611,25,Online - Website
TXN-007985,SKU-0451,2024-10-12,2,815,0,Store - MG Road
TXN-007986,SKU-0451,2024-10-15,2,815,0,Online - Website
TXN-007987,SKU-0451,2024-10-16,2,815,0,Store - Koramangala
TXN-007988,SKU-0451,2024-10-19,1,815,0,Store - MG Road
TXN-007989,SKU-0451,2024-10-21,2,815,0,Store - MG Road
TXN-007990,SKU-0451,2024-10-22,2,693,15,Online - Instagram
TXN-007991,SKU-0451,2024-10-24,3,815,0,Store - MG Road
TXN-007992,SKU-0451,2024-10-26,1,815,0,Store - MG Road
TXN-007993,SKU-0451,2024-10-28,1,815,0,Store - MG Road
TXN-007994,SKU-0452,2024-09-11,3,768,15,Store - MG Road
TXN-007995,SKU-0452,2024-09-13,3,903,0,Online - Website
TXN-007996,SKU-0452,2024-09-15,2,903,0,Store - Indiranagar
TXN-007997,SKU-0452,2024-09-16,3,903,0,Online - Website
TXN-007998,SKU-0452,2024-09-18,2,903,0,Store - Indiranagar
TXN-007999,SKU-0452,2024-09-21,2,813,10,Store - MG Road
TXN-008000,SKU-0452,2024-09-24,3,903,0,Online - Website
TXN-008001,SKU-0452,2024-09-26,1,903,0,Online - Instagram
TXN-008002,SKU-0452,2024-09-27,2,903,0,Store - MG Road
TXN-008003,SKU-0452,2024-09-29,2,813,10,Store - MG Road
TXN-008004,SKU-0452,2024-10-02,2,903,0,Online - Website
TXN-008005,SKU-0452,2024-10-04,3,903,0,Online - Nykaa
TXN-008006,SKU-0452,2024-10-05,2,903,0,Store - Indiranagar
TXN-008007,SKU-0452,2024-10-08,3,903,0,Online - Nykaa
TXN-008008,SKU-0452,2024-10-09,3,903,0,Online - Website
TXN-008009,SKU-0452,2024-10-11,3,813,10,Store - MG Road
TXN-008010,SKU-0452,2024-10-12,1,903,0,Online - Nykaa
TXN-008011,SKU-0452,2024-10-15,3,903,0,Online - Website
TXN-008012,SKU-0452,2024-10-17,1,903,0,Online - Instagram
TXN-008013,SKU-0452,2024-10-18,2,903,0,Online - Website
TXN-008014,SKU-0452,2024-10-19,1,903,0,Store - Indiranagar
TXN-008015,SKU-0452,2024-10-21,2,903,0,Store - MG Road
TXN-008016,SKU-0452,2024-10-23,2,903,0,Online - Nykaa
TXN-008017,SKU-0452,2024-10-26,3,677,25,Online - Instagram
TXN-008018,SKU-0452,2024-10-28,1,903,0,Online - Website
TXN-008019,SKU-0452,2024-10-30,2,903,0,Store - MG Road
TXN-008020,SKU-0452,2024-10-31,2,903,0,Store - MG Road
TXN-008021,SKU-0452,2024-11-01,2,903,0,Online - Nykaa
TXN-008022,SKU-0452,2024-11-04,3,903,0,Online - Instagram
TXN-008023,SKU-0452,2024-11-06,2,903,0,Online - Nykaa
TXN-008024,SKU-0452,2024-11-08,3,722,20,Store - Indiranagar
TXN-008025,SKU-0452,2024-11-11,2,903,0,Online - Nykaa
TXN-008026,SKU-0452,2024-11-13,2,768,15,Store - MG Road
TXN-008027,SKU-0452,2024-11-14,2,903,0,Store - Indiranagar
TXN-008028,SKU-0453,2024-07-26,2,831,0,Online - Instagram
TXN-008029,SKU-0453,2024-08-27,2,748,10,Online - Nykaa
TXN-008030,SKU-0454,2024-07-09,1,1011,0,Online - Website
TXN-008031,SKU-0454,2024-07-12,2,1011,0,Store - MG Road
TXN-008032,SKU-0454,2024-07-13,2,1011,0,Store - Koramangala
TXN-008033,SKU-0454,2024-07-16,1,1011,0,Store - MG Road
TXN-008034,SKU-0454,2024-07-19,1,1011,0,Store - MG Road
TXN-008035,SKU-0454,2024-07-22,2,1011,0,Online - Website
TXN-008036,SKU-0454,2024-07-25,3,910,10,Store - MG Road
TXN-008037,SKU-0454,2024-07-28,3,1011,0,Store - Indiranagar
TXN-008038,SKU-0454,2024-07-31,3,1011,0,Online - Website
TXN-008039,SKU-0454,2024-08-02,1,1011,0,Online - Website
TXN-008040,SKU-0454,2024-08-04,3,1011,0,Online - Instagram
TXN-008041,SKU-0454,2024-08-06,1,1011,0,Online - Website
TXN-008042,SKU-0454,2024-08-09,3,1011,0,Store - Koramangala
TXN-008043,SKU-0454,2024-08-11,1,809,20,Store - MG Road
TXN-008044,SKU-0454,2024-08-13,3,910,10,Store - Koramangala
TXN-008045,SKU-0454,2024-08-14,3,758,25,Online - Instagram
TXN-008046,SKU-0454,2024-08-15,3,1011,0,Online - Nykaa
TXN-008047,SKU-0454,2024-08-17,2,1011,0,Online - Instagram
TXN-008048,SKU-0454,2024-08-18,2,1011,0,Online - Nykaa
TXN-008049,SKU-0454,2024-08-21,3,1011,0,Online - Instagram
TXN-008050,SKU-0454,2024-08-23,3,1011,0,Online - Website
TXN-008051,SKU-0454,2024-08-26,1,809,20,Store - Koramangala
TXN-008052,SKU-0454,2024-08-27,2,1011,0,Store - Koramangala
TXN-008053,SKU-0454,2024-08-29,2,1011,0,Online - Nykaa
TXN-008054,SKU-0454,2024-08-31,3,809,20,Store - Indiranagar
TXN-008055,SKU-0454,2024-09-02,1,1011,0,Store - Indiranagar
TXN-008056,SKU-0454,2024-09-05,3,1011,0,Online - Instagram
TXN-008057,SKU-0454,2024-09-07,1,1011,0,Online - Website
TXN-008058,SKU-0454,2024-09-08,2,1011,0,Online - Nykaa
TXN-008059,SKU-0454,2024-09-11,2,1011,0,Online - Nykaa
TXN-008060,SKU-0454,2024-09-13,1,910,10,Store - MG Road
TXN-008061,SKU-0454,2024-09-14,2,1011,0,Online - Nykaa
TXN-008062,SKU-0454,2024-09-15,2,1011,0,Store - Indiranagar
TXN-008063,SKU-0454,2024-09-18,2,859,15,Online - Instagram
TXN-008064,SKU-0454,2024-09-21,2,1011,0,Online - Nykaa
TXN-008065,SKU-0454,2024-09-24,1,910,10,Store - Indiranagar
TXN-008066,SKU-0454,2024-09-25,2,1011,0,Online - Nykaa
TXN-008067,SKU-0454,2024-09-28,1,1011,0,Store - MG Road
TXN-008068,SKU-0454,2024-10-01,1,1011,0,Online - Website
TXN-008069,SKU-0454,2024-10-02,2,1011,0,Store - Koramangala
TXN-008070,SKU-0454,2024-10-04,1,1011,0,Online - Instagram
TXN-008071,SKU-0454,2024-10-06,2,1011,0,Online - Instagram
TXN-008072,SKU-0454,2024-10-07,1,1011,0,Online - Instagram
TXN-008073,SKU-0454,2024-10-09,3,1011,0,Store - MG Road
TXN-008074,SKU-0454,2024-10-10,1,859,15,Store - MG Road
TXN-008075,SKU-0454,2024-10-13,1,859,15,Online - Instagram
TXN-008076,SKU-0454,2024-10-14,1,1011,0,Store - MG Road
TXN-008077,SKU-0454,2024-10-17,2,1011,0,Online - Nykaa
TXN-008078,SKU-0454,2024-10-18,3,910,10,Online - Website
TXN-008079,SKU-0454,2024-10-21,1,910,10,Online - Nykaa
TXN-008080,SKU-0454,2024-10-22,2,1011,0,Online - Website
TXN-008081,SKU-0454,2024-10-23,1,1011,0,Online - Website
TXN-008082,SKU-0454,2024-10-24,2,1011,0,Online - Nykaa
TXN-008083,SKU-0454,2024-10-26,1,1011,0,Online - Website
TXN-008084,SKU-0454,2024-10-27,3,1011,0,Online - Instagram
TXN-008085,SKU-0454,2024-10-29,1,910,10,Store - Koramangala
TXN-008086,SKU-0454,2024-10-31,3,1011,0,Online - Instagram
TXN-008087,SKU-0454,2024-11-01,1,1011,0,Store - Indiranagar
TXN-008088,SKU-0454,2024-11-02,3,1011,0,Online - Website
TXN-008089,SKU-0454,2024-11-03,3,1011,0,Store - Koramangala
TXN-008090,SKU-0455,2024-06-24,3,688,25,Online - Instagram
TXN-008091,SKU-0455,2024-07-03,3,917,0,Online - Nykaa
TXN-008092,SKU-0455,2024-07-14,2,825,10,Online - Instagram
TXN-008093,SKU-0455,2024-07-23,1,917,0,Online - Instagram
TXN-008094,SKU-0455,2024-08-03,2,917,0,Online - Website
TXN-008095,SKU-0455,2024-08-14,2,917,0,Online - Instagram
TXN-008096,SKU-0455,2024-08-25,2,917,0,Store - Indiranagar
TXN-008097,SKU-0455,2024-09-04,2,917,0,Online - Website
TXN-008098,SKU-0456,2024-10-25,1,779,15,Store - Koramangala
TXN-008099,SKU-0456,2024-11-04,2,824,10,Store - Indiranagar
TXN-008100,SKU-0456,2024-11-14,1,916,0,Online - Website
TXN-008101,SKU-0457,2024-07-25,3,839,0,Online - Nykaa
TXN-008102,SKU-0457,2024-07-29,1,839,0,Store - MG Road
TXN-008103,SKU-0457,2024-07-31,3,839,0,Online - Instagram
TXN-008104,SKU-0457,2024-08-02,1,839,0,Online - Nykaa
TXN-008105,SKU-0457,2024-08-05,1,839,0,Store - Koramangala
TXN-008106,SKU-0457,2024-08-09,3,839,0,Online - Instagram
TXN-008107,SKU-0457,2024-08-13,2,713,15,Store - MG Road
TXN-008108,SKU-0457,2024-08-15,2,839,0,Online - Instagram
TXN-008109,SKU-0457,2024-08-19,1,839,0,Store - Indiranagar
TXN-008110,SKU-0457,2024-08-22,1,839,0,Online - Nykaa
TXN-008111,SKU-0457,2024-08-24,3,839,0,Store - MG Road
TXN-008112,SKU-0457,2024-08-26,1,713,15,Store - Koramangala
TXN-008113,SKU-0457,2024-08-30,2,839,0,Online - Website
TXN-008114,SKU-0457,2024-09-01,2,839,0,Online - Nykaa
TXN-008115,SKU-0457,2024-09-03,1,839,0,Store - Koramangala
TXN-008116,SKU-0457,2024-09-07,3,839,0,Online - Instagram
TXN-008117,SKU-0457,2024-09-11,3,839,0,Online - Website
TXN-008118,SKU-0457,2024-09-14,2,839,0,Online - Website
TXN-008119,SKU-0457,2024-09-17,3,713,15,Store - Indiranagar
TXN-008120,SKU-0457,2024-09-21,3,713,15,Store - Koramangala
TXN-008121,SKU-0457,2024-09-25,2,839,0,Online - Nykaa
TXN-008122,SKU-0457,2024-09-28,2,755,10,Online - Website
TXN-008123,SKU-0457,2024-10-02,1,839,0,Store - MG Road
TXN-008124,SKU-0457,2024-10-04,1,839,0,Online - Nykaa
TXN-008125,SKU-0457,2024-10-06,1,755,10,Online - Website
TXN-008126,SKU-0457,2024-10-09,1,839,0,Online - Website
TXN-008127,SKU-0457,2024-10-13,1,839,0,Online - Instagram
TXN-008128,SKU-0457,2024-10-17,2,839,0,Store - Koramangala
TXN-008129,SKU-0457,2024-10-19,1,839,0,Online - Nykaa
TXN-008130,SKU-0457,2024-10-21,1,839,0,Online - Website
TXN-008131,SKU-0458,2024-09-25,1,952,10,Store - Koramangala
TXN-008132,SKU-0458,2024-09-28,2,1058,0,Store - Koramangala
TXN-008133,SKU-0458,2024-10-02,3,952,10,Store - MG Road
TXN-008134,SKU-0458,2024-10-05,1,952,10,Store - MG Road
TXN-008135,SKU-0458,2024-10-07,3,1058,0,Store - Indiranagar
TXN-008136,SKU-0458,2024-10-09,3,1058,0,Online - Website
TXN-008137,SKU-0458,2024-10-13,1,1058,0,Online - Nykaa
TXN-008138,SKU-0458,2024-10-16,3,952,10,Online - Website
TXN-008139,SKU-0458,2024-10-19,2,1058,0,Store - Indiranagar
TXN-008140,SKU-0458,2024-10-22,3,1058,0,Online - Nykaa
TXN-008141,SKU-0458,2024-10-24,1,1058,0,Store - Indiranagar
TXN-008142,SKU-0458,2024-10-28,1,1058,0,Online - Website
TXN-008143,SKU-0459,2024-09-18,3,634,0,Online - Instagram
TXN-008144,SKU-0459,2024-09-20,3,634,0,Online - Website
TXN-008145,SKU-0459,2024-09-22,3,634,0,Online - Website
TXN-008146,SKU-0459,2024-09-23,1,507,20,Online - Website
TXN-008147,SKU-0459,2024-09-25,3,634,0,Online - Instagram
TXN-008148,SKU-0459,2024-09-28,2,571,10,Online - Website
TXN-008149,SKU-0459,2024-09-29,3,571,10,Store - Koramangala
TXN-008150,SKU-0459,2024-09-30,2,634,0,Store - MG Road
TXN-008151,SKU-0459,2024-10-03,3,634,0,Store - Indiranagar
TXN-008152,SKU-0459,2024-10-05,2,634,0,Store - MG Road
TXN-008153,SKU-0459,2024-10-07,2,634,0,Store - MG Road
TXN-008154,SKU-0459,2024-10-10,1,571,10,Store - Indiranagar
TXN-008155,SKU-0459,2024-10-13,3,571,10,Store - Koramangala
TXN-008156,SKU-0459,2024-10-15,3,476,25,Online - Instagram
TXN-008157,SKU-0459,2024-10-18,3,634,0,Store - Indiranagar
TXN-008158,SKU-0459,2024-10-20,1,634,0,Online - Nykaa
TXN-008159,SKU-0459,2024-10-21,1,634,0,Store - Indiranagar
TXN-008160,SKU-0459,2024-10-23,3,634,0,Online - Website
TXN-008161,SKU-0459,2024-10-26,1,634,0,Online - Instagram
TXN-008162,SKU-0459,2024-10-28,3,476,25,Store - MG Road
TXN-008163,SKU-0459,2024-10-29,3,634,0,Online - Nykaa
TXN-008164,SKU-0459,2024-10-31,1,634,0,Online - Instagram
TXN-008165,SKU-0459,2024-11-01,1,571,10,Online - Instagram
TXN-008166,SKU-0459,2024-11-02,2,539,15,Online - Website
TXN-008167,SKU-0459,2024-11-05,3,634,0,Store - Koramangala
TXN-008168,SKU-0459,2024-11-08,3,634,0,Store - Koramangala
TXN-008169,SKU-0459,2024-11-11,3,634,0,Store - Indiranagar
TXN-008170,SKU-0459,2024-11-12,1,634,0,Store - MG Road
TXN-008171,SKU-0459,2024-11-15,3,571,10,Store - MG Road
TXN-008172,SKU-0459,2024-11-17,3,634,0,Online - Nykaa
TXN-008173,SKU-0459,2024-11-18,3,634,0,Online - Website
TXN-008174,SKU-0459,2024-11-19,2,634,0,Online - Website
TXN-008175,SKU-0459,2024-11-20,2,634,0,Store - MG Road
TXN-008176,SKU-0459,2024-11-23,1,634,0,Online - Instagram
TXN-008177,SKU-0459,2024-11-26,2,634,0,Online - Nykaa
TXN-008178,SKU-0459,2024-11-28,1,634,0,Online - Website
TXN-008179,SKU-0459,2024-11-30,3,634,0,Online - Nykaa
TXN-008180,SKU-0460,2024-06-07,1,587,0,Store - Indiranagar
TXN-008181,SKU-0460,2024-06-11,3,470,20,Online - Nykaa
TXN-008182,SKU-0460,2024-06-15,3,587,0,Online - Nykaa
TXN-008183,SKU-0460,2024-06-18,1,528,10,Online - Nykaa
TXN-008184,SKU-0460,2024-06-21,2,587,0,Online - Nykaa
TXN-008185,SKU-0460,2024-06-25,1,587,0,Store - Indiranagar
TXN-008186,SKU-0460,2024-06-28,1,470,20,Online - Website
TXN-008187,SKU-0460,2024-07-03,3,587,0,Store - Indiranagar
TXN-008188,SKU-0460,2024-07-08,1,587,0,Online - Nykaa
TXN-008189,SKU-0460,2024-07-11,3,528,10,Store - Koramangala
TXN-008190,SKU-0460,2024-07-16,3,528,10,Online - Instagram
TXN-008191,SKU-0460,2024-07-20,2,587,0,Store - Indiranagar
TXN-008192,SKU-0460,2024-07-23,2,587,0,Store - Koramangala
TXN-008193,SKU-0460,2024-07-28,2,528,10,Online - Instagram
TXN-008194,SKU-0460,2024-08-02,3,587,0,Store - Indiranagar
TXN-008195,SKU-0460,2024-08-06,1,587,0,Online - Website
TXN-008196,SKU-0460,2024-08-09,1,587,0,Online - Nykaa
TXN-008197,SKU-0460,2024-08-13,1,587,0,Store - Indiranagar
TXN-008198,SKU-0460,2024-08-18,2,587,0,Store - MG Road
TXN-008199,SKU-0460,2024-08-22,1,587,0,Online - Website
TXN-008200,SKU-0460,2024-08-25,1,528,10,Store - Indiranagar
TXN-008201,SKU-0460,2024-08-29,2,587,0,Store - Koramangala
TXN-008202,SKU-0460,2024-09-03,1,587,0,Online - Nykaa
TXN-008203,SKU-0460,2024-09-06,2,499,15,Online - Instagram
TXN-008204,SKU-0460,2024-09-11,2,587,0,Store - MG Road
TXN-008205,SKU-0460,2024-09-16,2,528,10,Store - MG Road
TXN-008206,SKU-0460,2024-09-21,1,587,0,Store - Koramangala
TXN-008207,SKU-0461,2024-07-29,1,1086,0,Store - Indiranagar
TXN-008208,SKU-0461,2024-07-31,3,1086,0,Online - Website
TXN-008209,SKU-0461,2024-08-01,3,977,10,Store - Indiranagar
TXN-008210,SKU-0461,2024-08-04,1,1086,0,Online - Nykaa
TXN-008211,SKU-0461,2024-08-05,3,1086,0,Store - Indiranagar
TXN-008212,SKU-0461,2024-08-08,3,869,20,Store - Koramangala
TXN-008213,SKU-0461,2024-08-11,1,1086,0,Online - Nykaa
TXN-008214,SKU-0461,2024-08-14,1,923,15,Online - Website
TXN-008215,SKU-0461,2024-08-17,2,1086,0,Store - Indiranagar
TXN-008216,SKU-0461,2024-08-18,2,1086,0,Online - Instagram
TXN-008217,SKU-0461,2024-08-21,2,977,10,Store - MG Road
TXN-008218,SKU-0461,2024-08-23,1,1086,0,Store - Koramangala
TXN-008219,SKU-0461,2024-08-24,2,1086,0,Store - Indiranagar
TXN-008220,SKU-0461,2024-08-26,3,1086,0,Online - Nykaa
TXN-008221,SKU-0461,2024-08-28,2,1086,0,Store - MG Road
TXN-008222,SKU-0461,2024-08-30,2,1086,0,Online - Instagram
TXN-008223,SKU-0461,2024-09-01,1,1086,0,Online - Instagram
TXN-008224,SKU-0461,2024-09-04,2,1086,0,Store - Koramangala
TXN-008225,SKU-0461,2024-09-05,2,923,15,Store - MG Road
TXN-008226,SKU-0461,2024-09-08,1,1086,0,Store - Indiranagar
TXN-008227,SKU-0461,2024-09-10,3,977,10,Store - Indiranagar
TXN-008228,SKU-0461,2024-09-11,1,923,15,Online - Nykaa
TXN-008229,SKU-0461,2024-09-12,1,1086,0,Store - MG Road
TXN-008230,SKU-0461,2024-09-13,2,923,15,Online - Nykaa
TXN-008231,SKU-0461,2024-09-16,3,1086,0,Online - Website
TXN-008232,SKU-0461,2024-09-19,2,923,15,Store - Koramangala
TXN-008233,SKU-0461,2024-09-20,2,1086,0,Online - Instagram
TXN-008234,SKU-0461,2024-09-23,3,1086,0,Online - Instagram
TXN-008235,SKU-0461,2024-09-24,2,1086,0,Online - Nykaa
TXN-008236,SKU-0461,2024-09-26,1,1086,0,Online - Instagram
TXN-008237,SKU-0461,2024-09-27,1,1086,0,Online - Instagram
TXN-008238,SKU-0461,2024-09-28,2,814,25,Store - MG Road
TXN-008239,SKU-0461,2024-10-01,2,1086,0,Store - Indiranagar
TXN-008240,SKU-0461,2024-10-03,1,869,20,Online - Nykaa
TXN-008241,SKU-0461,2024-10-06,2,1086,0,Online - Nykaa
TXN-008242,SKU-0461,2024-10-09,3,923,15,Online - Nykaa
TXN-008243,SKU-0461,2024-10-11,2,869,20,Online - Instagram
TXN-008244,SKU-0461,2024-10-14,1,1086,0,Online - Instagram
TXN-008245,SKU-0461,2024-10-17,1,1086,0,Online - Website
TXN-008246,SKU-0461,2024-10-20,3,1086,0,Store - Koramangala
TXN-008247,SKU-0461,2024-10-23,2,1086,0,Store - Koramangala
TXN-008248,SKU-0461,2024-10-24,1,1086,0,Store - Indiranagar
TXN-008249,SKU-0461,2024-10-26,2,1086,0,Online - Nykaa
TXN-008250,SKU-0461,2024-10-27,3,1086,0,Online - Instagram
TXN-008251,SKU-0461,2024-10-28,2,1086,0,Online - Nykaa
TXN-008252,SKU-0461,2024-10-29,1,869,20,Online - Website
TXN-008253,SKU-0461,2024-10-31,3,1086,0,Online - Nykaa
TXN-008254,SKU-0461,2024-11-03,1,1086,0,Online - Nykaa
TXN-008255,SKU-0461,2024-11-06,2,1086,0,Store - MG Road
TXN-008256,SKU-0461,2024-11-08,2,1086,0,Store - Indiranagar
TXN-008257,SKU-0461,2024-11-09,3,1086,0,Store - Koramangala
TXN-008258,SKU-0461,2024-11-12,1,1086,0,Online - Website
TXN-008259,SKU-0461,2024-11-15,2,1086,0,Online - Instagram
TXN-008260,SKU-0461,2024-11-16,2,923,15,Store - MG Road
TXN-008261,SKU-0461,2024-11-18,2,1086,0,Store - Koramangala
TXN-008262,SKU-0461,2024-11-19,1,1086,0,Online - Nykaa
TXN-008263,SKU-0461,2024-11-21,1,1086,0,Store - Indiranagar
TXN-008264,SKU-0461,2024-11-24,1,1086,0,Online - Nykaa
TXN-008265,SKU-0461,2024-11-27,3,977,10,Online - Website
TXN-008266,SKU-0461,2024-11-30,3,923,15,Online - Instagram
TXN-008267,SKU-0462,2024-10-27,3,1077,0,Online - Website
TXN-008268,SKU-0462,2024-10-29,1,1077,0,Store - Indiranagar
TXN-008269,SKU-0462,2024-10-31,3,915,15,Online - Website
TXN-008270,SKU-0462,2024-11-01,3,1077,0,Online - Website
TXN-008271,SKU-0462,2024-11-04,2,969,10,Store - Koramangala
TXN-008272,SKU-0462,2024-11-07,2,1077,0,Store - MG Road
TXN-008273,SKU-0462,2024-11-08,3,1077,0,Online - Instagram
TXN-008274,SKU-0462,2024-11-11,3,969,10,Store - Indiranagar
TXN-008275,SKU-0462,2024-11-12,1,1077,0,Online - Website
TXN-008276,SKU-0462,2024-11-14,3,1077,0,Online - Instagram
TXN-008277,SKU-0462,2024-11-16,3,1077,0,Store - Koramangala
TXN-008278,SKU-0462,2024-11-17,3,1077,0,Store - MG Road
TXN-008279,SKU-0462,2024-11-20,1,1077,0,Store - Indiranagar
TXN-008280,SKU-0462,2024-11-22,3,1077,0,Online - Website
TXN-008281,SKU-0462,2024-11-24,1,1077,0,Store - Indiranagar
TXN-008282,SKU-0462,2024-11-26,2,1077,0,Online - Instagram
TXN-008283,SKU-0462,2024-11-27,2,1077,0,Online - Nykaa
TXN-008284,SKU-0462,2024-11-29,2,808,25,Store - Koramangala
TXN-008285,SKU-0463,2024-10-17,1,676,10,Store - Koramangala
TXN-008286,SKU-0463,2024-10-24,1,751,0,Store - Koramangala
TXN-008287,SKU-0463,2024-11-02,3,751,0,Store - Koramangala
TXN-008288,SKU-0463,2024-11-09,1,601,20,Store - Indiranagar
TXN-008289,SKU-0463,2024-11-16,2,638,15,Store - Koramangala
TXN-008290,SKU-0463,2024-11-24,3,751,0,Store - Indiranagar
TXN-008291,SKU-0464,2024-07-30,2,788,20,Store - Indiranagar
TXN-008292,SKU-0464,2024-08-02,1,886,10,Online - Website
TXN-008293,SKU-0464,2024-08-05,3,985,0,Store - MG Road
TXN-008294,SKU-0464,2024-08-08,2,985,0,Store - Indiranagar
TXN-008295,SKU-0464,2024-08-10,1,985,0,Online - Website
TXN-008296,SKU-0464,2024-08-13,3,985,0,Store - MG Road
TXN-008297,SKU-0464,2024-08-14,1,985,0,Store - MG Road
TXN-008298,SKU-0464,2024-08-17,1,985,0,Store - MG Road
TXN-008299,SKU-0464,2024-08-20,3,985,0,Online - Nykaa
TXN-008300,SKU-0464,2024-08-23,3,985,0,Online - Website
TXN-008301,SKU-0464,2024-08-25,2,985,0,Store - Koramangala
TXN-008302,SKU-0464,2024-08-27,2,985,0,Online - Nykaa
TXN-008303,SKU-0464,2024-08-28,1,985,0,Online - Nykaa
TXN-008304,SKU-0464,2024-08-31,1,837,15,Online - Nykaa
TXN-008305,SKU-0464,2024-09-03,3,985,0,Store - MG Road
TXN-008306,SKU-0464,2024-09-06,1,837,15,Online - Instagram
TXN-008307,SKU-0464,2024-09-08,3,985,0,Store - Indiranagar
TXN-008308,SKU-0464,2024-09-11,3,985,0,Online - Nykaa
TXN-008309,SKU-0464,2024-09-13,1,985,0,Store - Indiranagar
TXN-008310,SKU-0464,2024-09-16,2,739,25,Online - Website
TXN-008311,SKU-0464,2024-09-18,1,985,0,Online - Website
TXN-008312,SKU-0464,2024-09-21,1,985,0,Store - MG Road
TXN-008313,SKU-0464,2024-09-23,2,985,0,Store - MG Road
TXN-008314,SKU-0464,2024-09-26,3,985,0,Store - Koramangala
TXN-008315,SKU-0464,2024-09-28,1,985,0,Store - MG Road
TXN-008316,SKU-0464,2024-09-30,2,985,0,Store - Koramangala
TXN-008317,SKU-0464,2024-10-03,1,788,20,Online - Nykaa
TXN-008318,SKU-0464,2024-10-05,1,985,0,Online - Website
TXN-008319,SKU-0464,2024-10-07,3,985,0,Store - MG Road
TXN-008320,SKU-0464,2024-10-10,2,886,10,Online - Website
TXN-008321,SKU-0464,2024-10-12,1,985,0,Online - Instagram
TXN-008322,SKU-0464,2024-10-13,1,985,0,Online - Website
TXN-008323,SKU-0464,2024-10-14,2,788,20,Store - Indiranagar
TXN-008324,SKU-0464,2024-10-17,3,788,20,Store - Koramangala
TXN-008325,SKU-0464,2024-10-20,1,985,0,Online - Instagram
TXN-008326,SKU-0464,2024-10-21,1,985,0,Store - MG Road
TXN-008327,SKU-0464,2024-10-22,1,985,0,Online - Instagram
TXN-008328,SKU-0464,2024-10-24,1,985,0,Store - MG Road
TXN-008329,SKU-0464,2024-10-25,1,985,0,Online - Nykaa
TXN-008330,SKU-0464,2024-10-28,3,985,0,Online - Nykaa
TXN-008331,SKU-0464,2024-10-31,2,985,0,Online - Instagram
TXN-008332,SKU-0464,2024-11-01,2,985,0,Online - Instagram
TXN-008333,SKU-0464,2024-11-03,2,985,0,Store - Koramangala
TXN-008334,SKU-0464,2024-11-04,3,985,0,Online - Instagram
TXN-008335,SKU-0464,2024-11-07,2,985,0,Store - MG Road
TXN-008336,SKU-0464,2024-11-10,1,985,0,Online - Website
TXN-008337,SKU-0464,2024-11-13,1,985,0,Online - Website
TXN-008338,SKU-0464,2024-11-16,3,985,0,Store - MG Road
TXN-008339,SKU-0464,2024-11-18,2,985,0,Store - Indiranagar
TXN-008340,SKU-0464,2024-11-19,2,837,15,Online - Instagram
TXN-008341,SKU-0464,2024-11-20,1,985,0,Store - Koramangala
TXN-008342,SKU-0464,2024-11-23,1,985,0,Store - Koramangala
TXN-008343,SKU-0464,2024-11-25,1,985,0,Store - MG Road
TXN-008344,SKU-0465,2024-09-28,1,740,0,Store - MG Road
TXN-008345,SKU-0465,2024-10-01,2,740,0,Online - Nykaa
TXN-008346,SKU-0465,2024-10-05,3,740,0,Store - Indiranagar
TXN-008347,SKU-0465,2024-10-08,3,740,0,Store - MG Road
TXN-008348,SKU-0465,2024-10-12,2,740,0,Store - MG Road
TXN-008349,SKU-0465,2024-10-15,2,740,0,Online - Nykaa
TXN-008350,SKU-0465,2024-10-18,3,740,0,Store - Koramangala
TXN-008351,SKU-0465,2024-10-21,2,740,0,Online - Website
TXN-008352,SKU-0465,2024-10-24,1,740,0,Online - Nykaa
TXN-008353,SKU-0465,2024-10-26,2,740,0,Store - Indiranagar
TXN-008354,SKU-0465,2024-10-28,2,740,0,Online - Website
TXN-008355,SKU-0465,2024-10-30,2,740,0,Online - Instagram
TXN-008356,SKU-0465,2024-11-03,2,740,0,Online - Instagram
TXN-008357,SKU-0466,2024-07-18,2,778,20,Store - Indiranagar
TXN-008358,SKU-0466,2024-07-23,3,972,0,Store - Koramangala
TXN-008359,SKU-0466,2024-07-28,1,972,0,Online - Website
TXN-008360,SKU-0466,2024-08-02,3,972,0,Online - Nykaa
TXN-008361,SKU-0466,2024-08-05,1,972,0,Store - Indiranagar
TXN-008362,SKU-0466,2024-08-08,1,972,0,Online - Nykaa
TXN-008363,SKU-0466,2024-08-12,3,972,0,Store - MG Road
TXN-008364,SKU-0466,2024-08-16,3,972,0,Store - Koramangala
TXN-008365,SKU-0466,2024-08-19,1,826,15,Store - MG Road
TXN-008366,SKU-0466,2024-08-22,2,972,0,Store - MG Road
TXN-008367,SKU-0466,2024-08-25,2,972,0,Store - MG Road
TXN-008368,SKU-0466,2024-08-30,2,972,0,Store - Koramangala
TXN-008369,SKU-0466,2024-09-03,2,972,0,Store - MG Road
TXN-008370,SKU-0466,2024-09-06,1,972,0,Online - Instagram
TXN-008371,SKU-0466,2024-09-10,3,826,15,Store - Indiranagar
TXN-008372,SKU-0466,2024-09-15,1,972,0,Store - Koramangala
TXN-008373,SKU-0466,2024-09-19,2,972,0,Store - MG Road
TXN-008374,SKU-0466,2024-09-23,2,972,0,Store - Koramangala
TXN-008375,SKU-0466,2024-09-26,2,875,10,Store - MG Road
TXN-008376,SKU-0467,2024-09-06,3,967,0,Store - Koramangala
TXN-008377,SKU-0467,2024-09-09,1,822,15,Online - Website
TXN-008378,SKU-0467,2024-09-13,3,967,0,Online - Website
TXN-008379,SKU-0467,2024-09-18,3,967,0,Store - Indiranagar
TXN-008380,SKU-0467,2024-09-21,3,967,0,Store - Koramangala
TXN-008381,SKU-0467,2024-09-26,3,774,20,Online - Instagram
TXN-008382,SKU-0467,2024-09-30,3,967,0,Store - Indiranagar
TXN-008383,SKU-0467,2024-10-05,2,967,0,Store - Indiranagar
TXN-008384,SKU-0467,2024-10-08,2,967,0,Online - Website
TXN-008385,SKU-0468,2024-07-29,2,625,0,Online - Website
TXN-008386,SKU-0468,2024-08-19,1,625,0,Online - Nykaa
TXN-008387,SKU-0468,2024-09-09,3,625,0,Store - Indiranagar
TXN-008388,SKU-0469,2024-08-14,2,1093,0,Store - Indiranagar
TXN-008389,SKU-0469,2024-08-16,2,1093,0,Online - Website
TXN-008390,SKU-0469,2024-08-19,3,1093,0,Online - Instagram
TXN-008391,SKU-0469,2024-08-22,1,1093,0,Store - Koramangala
TXN-008392,SKU-0469,2024-08-26,3,1093,0,Store - Koramangala
TXN-008393,SKU-0469,2024-08-29,2,1093,0,Store - Indiranagar
TXN-008394,SKU-0469,2024-09-02,3,874,20,Online - Nykaa
TXN-008395,SKU-0469,2024-09-06,3,1093,0,Online - Nykaa
TXN-008396,SKU-0469,2024-09-09,1,1093,0,Store - MG Road
TXN-008397,SKU-0469,2024-09-13,2,984,10,Online - Nykaa
TXN-008398,SKU-0469,2024-09-15,2,1093,0,Online - Instagram
TXN-008399,SKU-0469,2024-09-19,3,1093,0,Store - Koramangala
TXN-008400,SKU-0469,2024-09-22,3,1093,0,Store - Indiranagar
TXN-008401,SKU-0469,2024-09-24,2,1093,0,Online - Website
TXN-008402,SKU-0469,2024-09-28,2,1093,0,Online - Website
TXN-008403,SKU-0469,2024-09-30,1,1093,0,Store - MG Road
TXN-008404,SKU-0469,2024-10-02,3,929,15,Online - Instagram
TXN-008405,SKU-0469,2024-10-05,1,1093,0,Store - Koramangala
TXN-008406,SKU-0469,2024-10-07,3,984,10,Store - Koramangala
TXN-008407,SKU-0469,2024-10-11,1,1093,0,Online - Nykaa
TXN-008408,SKU-0470,2024-06-09,1,614,25,Online - Instagram
TXN-008409,SKU-0470,2024-06-18,3,819,0,Store - Indiranagar
TXN-008410,SKU-0470,2024-06-26,3,819,0,Store - MG Road
TXN-008411,SKU-0470,2024-07-04,2,819,0,Online - Nykaa
TXN-008412,SKU-0470,2024-07-12,3,737,10,Online - Website
TXN-008413,SKU-0470,2024-07-21,3,819,0,Online - Instagram
TXN-008414,SKU-0470,2024-07-31,1,819,0,Store - Indiranagar
TXN-008415,SKU-0470,2024-08-08,1,696,15,Online - Instagram
TXN-008416,SKU-0470,2024-08-18,2,819,0,Store - Indiranagar
TXN-008417,SKU-0471,2024-08-27,3,717,0,Store - Koramangala
TXN-008418,SKU-0471,2024-08-28,2,717,0,Online - Nykaa
TXN-008419,SKU-0471,2024-08-29,3,717,0,Store - MG Road
TXN-008420,SKU-0471,2024-08-31,3,609,15,Store - Koramangala
TXN-008421,SKU-0471,2024-09-02,1,717,0,Online - Instagram
TXN-008422,SKU-0471,2024-09-05,1,574,20,Store - Koramangala
TXN-008423,SKU-0471,2024-09-07,1,717,0,Online - Instagram
TXN-008424,SKU-0471,2024-09-08,3,609,15,Store - MG Road
TXN-008425,SKU-0471,2024-09-11,3,717,0,Store - MG Road
TXN-008426,SKU-0471,2024-09-14,3,538,25,Store - Koramangala
TXN-008427,SKU-0471,2024-09-15,2,717,0,Online - Nykaa
TXN-008428,SKU-0471,2024-09-18,1,717,0,Online - Website
TXN-008429,SKU-0471,2024-09-20,1,717,0,Online - Instagram
TXN-008430,SKU-0471,2024-09-21,2,717,0,Store - MG Road
TXN-008431,SKU-0471,2024-09-24,1,717,0,Store - Indiranagar
TXN-008432,SKU-0471,2024-09-26,1,717,0,Store - Koramangala
TXN-008433,SKU-0471,2024-09-28,3,717,0,Online - Instagram
TXN-008434,SKU-0471,2024-10-01,3,717,0,Store - Koramangala
TXN-008435,SKU-0471,2024-10-02,2,717,0,Store - Indiranagar
TXN-008436,SKU-0471,2024-10-04,2,717,0,Online - Instagram
TXN-008437,SKU-0471,2024-10-05,2,717,0,Store - Koramangala
TXN-008438,SKU-0471,2024-10-07,2,717,0,Online - Website
TXN-008439,SKU-0471,2024-10-08,1,609,15,Online - Nykaa
TXN-008440,SKU-0471,2024-10-09,1,717,0,Online - Nykaa
TXN-008441,SKU-0471,2024-10-11,2,717,0,Store - Koramangala
TXN-008442,SKU-0471,2024-10-13,3,609,15,Store - MG Road
TXN-008443,SKU-0471,2024-10-16,3,717,0,Online - Nykaa
TXN-008444,SKU-0471,2024-10-19,3,717,0,Store - Indiranagar
TXN-008445,SKU-0471,2024-10-22,3,717,0,Online - Instagram
TXN-008446,SKU-0471,2024-10-24,2,645,10,Online - Nykaa
TXN-008447,SKU-0471,2024-10-25,1,717,0,Store - MG Road
TXN-008448,SKU-0471,2024-10-27,2,717,0,Online - Nykaa
TXN-008449,SKU-0471,2024-10-30,2,609,15,Store - MG Road
TXN-008450,SKU-0471,2024-11-01,3,717,0,Store - Indiranagar
TXN-008451,SKU-0471,2024-11-02,3,645,10,Online - Website
TXN-008452,SKU-0471,2024-11-05,2,645,10,Store - MG Road
TXN-008453,SKU-0471,2024-11-07,1,717,0,Online - Instagram
TXN-008454,SKU-0472,2024-09-15,3,789,0,Online - Nykaa
TXN-008455,SKU-0472,2024-09-26,3,789,0,Store - Koramangala
TXN-008456,SKU-0472,2024-10-05,2,789,0,Store - MG Road
TXN-008457,SKU-0473,2024-11-16,2,700,0,Online - Instagram
TXN-008458,SKU-0473,2024-11-19,1,700,0,Store - MG Road
TXN-008459,SKU-0473,2024-11-21,1,595,15,Store - Indiranagar
TXN-008460,SKU-0473,2024-11-23,3,700,0,Store - Koramangala
TXN-008461,SKU-0473,2024-11-26,2,630,10,Online - Instagram
TXN-008462,SKU-0473,2024-11-28,1,700,0,Store - Indiranagar
TXN-008463,SKU-0473,2024-11-30,1,700,0,Online - Instagram
TXN-008464,SKU-0474,2024-07-22,3,755,0,Store - Koramangala
TXN-008465,SKU-0474,2024-07-31,2,566,25,Online - Instagram
TXN-008466,SKU-0474,2024-08-07,2,755,0,Online - Website
TXN-008467,SKU-0474,2024-08-14,1,755,0,Store - MG Road
TXN-008468,SKU-0474,2024-08-21,1,755,0,Online - Nykaa
TXN-008469,SKU-0474,2024-08-29,2,755,0,Online - Nykaa
TXN-008470,SKU-0474,2024-09-07,1,755,0,Online - Nykaa
TXN-008471,SKU-0474,2024-09-14,2,755,0,Online - Instagram
TXN-008472,SKU-0474,2024-09-23,2,755,0,Online - Website
TXN-008473,SKU-0474,2024-10-02,1,755,0,Store - Indiranagar
TXN-008474,SKU-0475,2024-07-28,1,606,10,Online - Instagram
TXN-008475,SKU-0475,2024-09-09,2,538,20,Store - MG Road
TXN-008476,SKU-0476,2024-09-22,2,959,10,Store - Koramangala
TXN-008477,SKU-0476,2024-09-23,3,959,10,Online - Nykaa
TXN-008478,SKU-0476,2024-09-26,1,1066,0,Online - Nykaa
TXN-008479,SKU-0476,2024-09-27,1,959,10,Store - Indiranagar
TXN-008480,SKU-0476,2024-09-30,2,1066,0,Online - Instagram
TXN-008481,SKU-0476,2024-10-01,3,853,20,Online - Instagram
TXN-008482,SKU-0476,2024-10-04,3,1066,0,Online - Website
TXN-008483,SKU-0476,2024-10-07,1,1066,0,Store - Indiranagar
TXN-008484,SKU-0476,2024-10-10,2,1066,0,Online - Nykaa
TXN-008485,SKU-0476,2024-10-11,2,1066,0,Store - Koramangala
TXN-008486,SKU-0476,2024-10-13,3,1066,0,Store - MG Road
TXN-008487,SKU-0476,2024-10-14,3,1066,0,Online - Nykaa
TXN-008488,SKU-0476,2024-10-16,1,1066,0,Online - Instagram
TXN-008489,SKU-0476,2024-10-19,2,1066,0,Store - MG Road
TXN-008490,SKU-0476,2024-10-20,3,1066,0,Store - Koramangala
TXN-008491,SKU-0476,2024-10-23,1,1066,0,Store - Indiranagar
TXN-008492,SKU-0476,2024-10-26,1,853,20,Online - Website
TXN-008493,SKU-0476,2024-10-28,1,1066,0,Online - Website
TXN-008494,SKU-0476,2024-10-30,1,1066,0,Store - Koramangala
TXN-008495,SKU-0476,2024-11-02,1,906,15,Online - Nykaa
TXN-008496,SKU-0476,2024-11-04,2,1066,0,Online - Nykaa
TXN-008497,SKU-0476,2024-11-07,1,906,15,Store - Indiranagar
TXN-008498,SKU-0476,2024-11-10,3,1066,0,Online - Website
TXN-008499,SKU-0476,2024-11-11,2,1066,0,Store - Koramangala
TXN-008500,SKU-0476,2024-11-14,3,906,15,Store - Indiranagar
TXN-008501,SKU-0476,2024-11-15,2,1066,0,Online - Nykaa
TXN-008502,SKU-0476,2024-11-16,3,1066,0,Online - Website
TXN-008503,SKU-0476,2024-11-18,2,1066,0,Store - MG Road
TXN-008504,SKU-0476,2024-11-21,2,1066,0,Online - Website
TXN-008505,SKU-0477,2024-10-30,1,882,15,Online - Instagram
TXN-008506,SKU-0477,2024-11-02,3,1038,0,Online - Website
TXN-008507,SKU-0477,2024-11-05,1,1038,0,Store - Koramangala
TXN-008508,SKU-0477,2024-11-07,2,1038,0,Online - Instagram
TXN-008509,SKU-0477,2024-11-08,3,1038,0,Store - MG Road
TXN-008510,SKU-0477,2024-11-11,2,1038,0,Store - Koramangala
TXN-008511,SKU-0477,2024-11-13,3,1038,0,Store - Indiranagar
TXN-008512,SKU-0477,2024-11-14,1,1038,0,Store - MG Road
TXN-008513,SKU-0477,2024-11-15,2,1038,0,Online - Nykaa
TXN-008514,SKU-0477,2024-11-17,2,934,10,Store - Koramangala
TXN-008515,SKU-0477,2024-11-19,1,1038,0,Online - Instagram
TXN-008516,SKU-0477,2024-11-20,3,1038,0,Online - Nykaa
TXN-008517,SKU-0477,2024-11-23,1,1038,0,Store - Koramangala
TXN-008518,SKU-0477,2024-11-24,3,778,25,Online - Website
TXN-008519,SKU-0477,2024-11-27,3,778,25,Store - MG Road
TXN-008520,SKU-0477,2024-11-28,2,934,10,Store - Koramangala
TXN-008521,SKU-0477,2024-11-30,2,1038,0,Store - MG Road
TXN-008522,SKU-0477,2024-12-01,1,830,20,Online - Instagram
TXN-008523,SKU-0478,2024-08-26,2,690,0,Store - Koramangala
TXN-008524,SKU-0478,2024-08-30,1,690,0,Online - Instagram
TXN-008525,SKU-0478,2024-09-03,2,690,0,Store - Koramangala
TXN-008526,SKU-0478,2024-09-07,3,690,0,Store - Koramangala
TXN-008527,SKU-0478,2024-09-11,3,690,0,Online - Instagram
TXN-008528,SKU-0478,2024-09-15,3,690,0,Online - Instagram
TXN-008529,SKU-0478,2024-09-18,3,586,15,Store - Koramangala
TXN-008530,SKU-0478,2024-09-21,1,621,10,Store - MG Road
TXN-008531,SKU-0478,2024-09-24,2,690,0,Online - Instagram
TXN-008532,SKU-0478,2024-09-29,2,621,10,Store - Indiranagar
TXN-008533,SKU-0478,2024-10-04,2,690,0,Store - MG Road
TXN-008534,SKU-0478,2024-10-08,3,586,15,Store - MG Road
TXN-008535,SKU-0479,2024-06-23,1,1026,0,Online - Instagram
TXN-008536,SKU-0479,2024-08-03,2,1026,0,Store - Koramangala
TXN-008537,SKU-0479,2024-09-12,1,1026,0,Store - MG Road
TXN-008538,SKU-0480,2024-11-01,2,751,0,Online - Instagram
TXN-008539,SKU-0480,2024-11-02,3,751,0,Store - Indiranagar
TXN-008540,SKU-0480,2024-11-03,3,601,20,Store - Koramangala
TXN-008541,SKU-0480,2024-11-05,3,563,25,Store - Koramangala
TXN-008542,SKU-0480,2024-11-07,3,751,0,Store - Koramangala
TXN-008543,SKU-0480,2024-11-09,1,638,15,Store - Koramangala
TXN-008544,SKU-0480,2024-11-10,1,751,0,Online - Nykaa
TXN-008545,SKU-0480,2024-11-13,1,751,0,Online - Nykaa
TXN-008546,SKU-0480,2024-11-15,1,638,15,Online - Instagram
TXN-008547,SKU-0480,2024-11-17,2,751,0,Online - Instagram
TXN-008548,SKU-0480,2024-11-19,2,751,0,Store - Indiranagar
TXN-008549,SKU-0480,2024-11-22,2,751,0,Store - MG Road
TXN-008550,SKU-0480,2024-11-25,1,676,10,Store - Koramangala
TXN-008551,SKU-0480,2024-11-26,3,751,0,Store - MG Road
TXN-008552,SKU-0480,2024-11-29,3,751,0,Online - Nykaa
TXN-008553,SKU-0481,2024-09-08,3,1023,0,Online - Nykaa
TXN-008554,SKU-0481,2024-09-14,1,1023,0,Store - MG Road
TXN-008555,SKU-0481,2024-09-20,3,1023,0,Online - Nykaa
TXN-008556,SKU-0481,2024-09-24,3,818,20,Store - Koramangala
TXN-008557,SKU-0481,2024-09-29,1,818,20,Online - Nykaa
TXN-008558,SKU-0481,2024-10-03,1,1023,0,Store - MG Road
TXN-008559,SKU-0481,2024-10-09,3,1023,0,Store - Indiranagar
TXN-008560,SKU-0481,2024-10-13,3,1023,0,Store - MG Road
TXN-008561,SKU-0481,2024-10-17,2,1023,0,Store - MG Road
TXN-008562,SKU-0481,2024-10-22,1,1023,0,Online - Instagram
TXN-008563,SKU-0482,2024-10-27,1,572,20,Store - MG Road
TXN-008564,SKU-0482,2024-10-31,3,715,0,Store - Indiranagar
TXN-008565,SKU-0482,2024-11-06,3,715,0,Store - MG Road
TXN-008566,SKU-0482,2024-11-10,1,715,0,Online - Instagram
TXN-008567,SKU-0483,2024-08-02,3,697,0,Store - Indiranagar
TXN-008568,SKU-0483,2024-08-04,2,523,25,Store - Indiranagar
TXN-008569,SKU-0483,2024-08-08,3,592,15,Store - Indiranagar
TXN-008570,SKU-0483,2024-08-10,2,627,10,Online - Nykaa
TXN-008571,SKU-0483,2024-08-14,2,697,0,Store - Koramangala
TXN-008572,SKU-0483,2024-08-18,2,627,10,Online - Nykaa
TXN-008573,SKU-0483,2024-08-20,3,697,0,Store - MG Road
TXN-008574,SKU-0483,2024-08-24,2,523,25,Store - Koramangala
TXN-008575,SKU-0483,2024-08-26,2,697,0,Online - Website
TXN-008576,SKU-0483,2024-08-30,3,627,10,Online - Instagram
TXN-008577,SKU-0483,2024-09-01,2,627,10,Online - Website
TXN-008578,SKU-0483,2024-09-05,2,627,10,Store - Koramangala
TXN-008579,SKU-0483,2024-09-09,1,697,0,Online - Instagram
TXN-008580,SKU-0483,2024-09-12,1,697,0,Store - Indiranagar
TXN-008581,SKU-0483,2024-09-15,3,697,0,Store - MG Road
TXN-008582,SKU-0483,2024-09-19,1,697,0,Online - Website
TXN-008583,SKU-0483,2024-09-22,1,627,10,Online - Nykaa
TXN-008584,SKU-0483,2024-09-25,3,627,10,Online - Website
TXN-008585,SKU-0483,2024-09-27,1,592,15,Store - Indiranagar
TXN-008586,SKU-0483,2024-10-01,2,697,0,Store - Indiranagar
TXN-008587,SKU-0483,2024-10-03,3,697,0,Store - MG Road
TXN-008588,SKU-0483,2024-10-06,3,627,10,Online - Website
TXN-008589,SKU-0483,2024-10-10,1,697,0,Store - Koramangala
TXN-008590,SKU-0483,2024-10-12,2,697,0,Store - Indiranagar
TXN-008591,SKU-0483,2024-10-15,3,592,15,Online - Instagram
TXN-008592,SKU-0483,2024-10-19,2,697,0,Online - Instagram
TXN-008593,SKU-0484,2024-10-22,2,683,0,Store - Koramangala
TXN-008594,SKU-0484,2024-10-25,1,683,0,Online - Instagram
TXN-008595,SKU-0484,2024-10-26,1,683,0,Store - Koramangala
TXN-008596,SKU-0484,2024-10-28,3,683,0,Online - Nykaa
TXN-008597,SKU-0484,2024-10-29,1,581,15,Online - Instagram
TXN-008598,SKU-0484,2024-10-30,1,615,10,Store - Indiranagar
TXN-008599,SKU-0484,2024-11-01,3,683,0,Store - Indiranagar
TXN-008600,SKU-0484,2024-11-03,3,546,20,Online - Nykaa
TXN-008601,SKU-0484,2024-11-05,1,683,0,Online - Nykaa
TXN-008602,SKU-0484,2024-11-07,1,683,0,Store - Indiranagar
TXN-008603,SKU-0484,2024-11-08,2,615,10,Online - Website
TXN-008604,SKU-0484,2024-11-10,3,683,0,Store - Indiranagar
TXN-008605,SKU-0484,2024-11-11,1,683,0,Store - Indiranagar
TXN-008606,SKU-0484,2024-11-13,1,683,0,Store - MG Road
TXN-008607,SKU-0484,2024-11-15,1,683,0,Store - Koramangala
TXN-008608,SKU-0484,2024-11-16,2,683,0,Online - Instagram
TXN-008609,SKU-0484,2024-11-18,2,683,0,Store - Koramangala
TXN-008610,SKU-0484,2024-11-19,3,683,0,Online - Instagram
TXN-008611,SKU-0484,2024-11-22,3,683,0,Online - Nykaa
TXN-008612,SKU-0484,2024-11-25,2,683,0,Online - Website
TXN-008613,SKU-0484,2024-11-27,3,683,0,Online - Instagram
TXN-008614,SKU-0484,2024-11-30,1,683,0,Online - Nykaa
TXN-008615,SKU-0485,2024-11-16,3,608,0,Online - Website
TXN-008616,SKU-0485,2024-11-18,2,547,10,Store - Indiranagar
TXN-008617,SKU-0485,2024-11-21,3,517,15,Online - Instagram
TXN-008618,SKU-0485,2024-11-24,1,608,0,Store - Indiranagar
TXN-008619,SKU-0485,2024-11-25,2,517,15,Online - Nykaa
TXN-008620,SKU-0485,2024-11-27,2,608,0,Store - Indiranagar
TXN-008621,SKU-0485,2024-11-28,1,608,0,Store - MG Road
TXN-008622,SKU-0485,2024-11-30,1,608,0,Online - Nykaa
TXN-008623,SKU-0486,2024-09-20,2,628,0,Store - MG Road
TXN-008624,SKU-0486,2024-09-24,1,628,0,Online - Website
TXN-008625,SKU-0486,2024-09-28,1,628,0,Store - MG Road
TXN-008626,SKU-0486,2024-10-03,1,628,0,Online - Website
TXN-008627,SKU-0486,2024-10-08,1,628,0,Store - Indiranagar
TXN-008628,SKU-0486,2024-10-11,2,534,15,Store - Koramangala
TXN-008629,SKU-0486,2024-10-16,1,628,0,Store - Indiranagar
TXN-008630,SKU-0486,2024-10-19,3,628,0,Online - Nykaa
TXN-008631,SKU-0486,2024-10-23,2,628,0,Online - Website
TXN-008632,SKU-0486,2024-10-27,3,628,0,Store - MG Road
TXN-008633,SKU-0486,2024-10-30,2,471,25,Store - Koramangala
TXN-008634,SKU-0486,2024-11-04,1,628,0,Store - Koramangala
TXN-008635,SKU-0487,2024-10-24,1,963,0,Store - Indiranagar
TXN-008636,SKU-0487,2024-10-29,3,963,0,Store - Koramangala
TXN-008637,SKU-0487,2024-11-01,2,963,0,Online - Website
TXN-008638,SKU-0487,2024-11-04,2,963,0,Store - Indiranagar
TXN-008639,SKU-0487,2024-11-08,2,963,0,Online - Website
TXN-008640,SKU-0487,2024-11-13,2,819,15,Store - Koramangala
TXN-008641,SKU-0487,2024-11-17,3,963,0,Online - Nykaa
TXN-008642,SKU-0487,2024-11-22,3,963,0,Online - Website
TXN-008643,SKU-0487,2024-11-27,1,963,0,Online - Website
TXN-008644,SKU-0488,2024-09-06,2,969,0,Store - MG Road
TXN-008645,SKU-0488,2024-09-07,1,969,0,Online - Nykaa
TXN-008646,SKU-0488,2024-09-09,1,969,0,Online - Instagram
TXN-008647,SKU-0488,2024-09-10,2,824,15,Online - Nykaa
TXN-008648,SKU-0488,2024-09-13,3,969,0,Online - Instagram
TXN-008649,SKU-0488,2024-09-16,3,969,0,Store - Koramangala
TXN-008650,SKU-0488,2024-09-18,2,969,0,Store - MG Road
TXN-008651,SKU-0488,2024-09-19,2,872,10,Store - Indiranagar
TXN-008652,SKU-0488,2024-09-22,1,727,25,Store - MG Road
TXN-008653,SKU-0488,2024-09-24,1,775,20,Store - Indiranagar
TXN-008654,SKU-0488,2024-09-26,3,969,0,Store - Indiranagar
TXN-008655,SKU-0488,2024-09-29,2,969,0,Online - Instagram
TXN-008656,SKU-0488,2024-10-01,2,969,0,Online - Instagram
TXN-008657,SKU-0488,2024-10-02,2,775,20,Online - Instagram
TXN-008658,SKU-0488,2024-10-04,1,872,10,Online - Nykaa
TXN-008659,SKU-0488,2024-10-07,2,727,25,Store - Indiranagar
TXN-008660,SKU-0488,2024-10-08,1,969,0,Online - Instagram
TXN-008661,SKU-0488,2024-10-09,3,872,10,Online - Instagram
TXN-008662,SKU-0488,2024-10-12,1,969,0,Store - Koramangala
TXN-008663,SKU-0488,2024-10-14,3,969,0,Store - Koramangala
TXN-008664,SKU-0488,2024-10-15,1,969,0,Online - Website
TXN-008665,SKU-0488,2024-10-17,3,969,0,Store - Indiranagar
TXN-008666,SKU-0488,2024-10-19,1,969,0,Online - Nykaa
TXN-008667,SKU-0488,2024-10-21,2,969,0,Store - MG Road
TXN-008668,SKU-0488,2024-10-23,3,969,0,Online - Instagram
TXN-008669,SKU-0488,2024-10-25,2,969,0,Online - Instagram
TXN-008670,SKU-0488,2024-10-27,2,969,0,Store - Indiranagar
TXN-008671,SKU-0488,2024-10-28,3,969,0,Online - Website
TXN-008672,SKU-0488,2024-10-30,1,969,0,Store - MG Road
TXN-008673,SKU-0488,2024-11-01,1,872,10,Online - Instagram
TXN-008674,SKU-0488,2024-11-03,2,824,15,Store - MG Road
TXN-008675,SKU-0488,2024-11-05,1,872,10,Online - Nykaa
TXN-008676,SKU-0488,2024-11-06,2,969,0,Store - Indiranagar
TXN-008677,SKU-0488,2024-11-07,1,775,20,Online - Instagram
TXN-008678,SKU-0488,2024-11-08,1,727,25,Online - Instagram
TXN-008679,SKU-0488,2024-11-10,2,969,0,Online - Nykaa
TXN-008680,SKU-0488,2024-11-12,2,727,25,Store - Indiranagar
TXN-008681,SKU-0488,2024-11-15,2,824,15,Online - Nykaa
TXN-008682,SKU-0488,2024-11-17,3,824,15,Store - Indiranagar
TXN-008683,SKU-0488,2024-11-18,3,969,0,Online - Website
TXN-008684,SKU-0488,2024-11-20,3,775,20,Store - MG Road
TXN-008685,SKU-0488,2024-11-22,2,969,0,Online - Nykaa
TXN-008686,SKU-0488,2024-11-25,3,969,0,Online - Nykaa
TXN-008687,SKU-0488,2024-11-27,3,969,0,Online - Instagram
TXN-008688,SKU-0488,2024-11-28,1,969,0,Online - Nykaa
TXN-008689,SKU-0488,2024-11-29,1,969,0,Online - Website
TXN-008690,SKU-0488,2024-11-30,3,872,10,Store - MG Road
TXN-008691,SKU-0489,2024-06-08,2,603,0,Store - Koramangala
TXN-008692,SKU-0490,2024-06-16,2,622,0,Store - Koramangala
TXN-008693,SKU-0490,2024-06-24,1,622,0,Store - Koramangala
TXN-008694,SKU-0490,2024-07-02,1,466,25,Store - MG Road
TXN-008695,SKU-0490,2024-07-10,1,622,0,Online - Website
TXN-008696,SKU-0490,2024-07-20,2,622,0,Store - Koramangala
TXN-008697,SKU-0490,2024-07-28,2,498,20,Store - Koramangala
TXN-008698,SKU-0490,2024-08-05,3,622,0,Online - Website
TXN-008699,SKU-0490,2024-08-15,2,622,0,Store - Koramangala
TXN-008700,SKU-0490,2024-08-23,2,560,10,Store - Koramangala
TXN-008701,SKU-0490,2024-09-02,2,622,0,Store - Indiranagar
TXN-008702,SKU-0490,2024-09-10,1,622,0,Store - MG Road
TXN-008703,SKU-0491,2024-10-10,3,590,0,Store - Indiranagar
TXN-008704,SKU-0491,2024-10-15,2,590,0,Online - Instagram
TXN-008705,SKU-0491,2024-10-20,2,590,0,Online - Website
TXN-008706,SKU-0491,2024-10-23,1,502,15,Store - Koramangala
TXN-008707,SKU-0491,2024-10-27,3,590,0,Online - Website
TXN-008708,SKU-0491,2024-10-31,1,590,0,Store - Indiranagar
TXN-008709,SKU-0491,2024-11-04,3,590,0,Store - MG Road
TXN-008710,SKU-0491,2024-11-08,1,531,10,Online - Instagram
TXN-008711,SKU-0491,2024-11-12,3,472,20,Online - Nykaa
TXN-008712,SKU-0491,2024-11-15,2,590,0,Online - Instagram
TXN-008713,SKU-0491,2024-11-19,2,442,25,Online - Instagram
TXN-008714,SKU-0491,2024-11-23,1,590,0,Online - Instagram
TXN-008715,SKU-0491,2024-11-28,2,590,0,Online - Website
TXN-008716,SKU-0492,2024-10-15,2,763,10,Store - Indiranagar
TXN-008717,SKU-0492,2024-10-16,1,848,0,Store - Koramangala
TXN-008718,SKU-0492,2024-10-17,3,848,0,Online - Nykaa
TXN-008719,SKU-0492,2024-10-20,3,848,0,Online - Website
TXN-008720,SKU-0492,2024-10-22,3,848,0,Store - Indiranagar
TXN-008721,SKU-0492,2024-10-23,1,848,0,Store - Koramangala
TXN-008722,SKU-0492,2024-10-24,3,848,0,Store - MG Road
TXN-008723,SKU-0492,2024-10-25,2,848,0,Online - Website
TXN-008724,SKU-0492,2024-10-27,3,721,15,Online - Website
TXN-008725,SKU-0492,2024-10-28,1,848,0,Store - Indiranagar
TXN-008726,SKU-0492,2024-10-30,3,848,0,Store - Indiranagar
TXN-008727,SKU-0492,2024-11-02,1,848,0,Online - Nykaa
TXN-008728,SKU-0492,2024-11-05,1,848,0,Store - Indiranagar
TXN-008729,SKU-0492,2024-11-08,2,848,0,Online - Website
TXN-008730,SKU-0492,2024-11-10,3,678,20,Store - Indiranagar
TXN-008731,SKU-0492,2024-11-13,2,848,0,Online - Website
TXN-008732,SKU-0492,2024-11-15,2,636,25,Online - Website
TXN-008733,SKU-0492,2024-11-16,3,848,0,Store - Indiranagar
TXN-008734,SKU-0492,2024-11-18,1,848,0,Online - Instagram
TXN-008735,SKU-0492,2024-11-20,2,848,0,Store - Koramangala
TXN-008736,SKU-0492,2024-11-23,2,763,10,Store - MG Road
TXN-008737,SKU-0492,2024-11-26,2,848,0,Store - Indiranagar
TXN-008738,SKU-0494,2024-07-10,3,1053,0,Online - Instagram
TXN-008739,SKU-0494,2024-07-15,3,1053,0,Store - Indiranagar
TXN-008740,SKU-0494,2024-07-20,2,1053,0,Store - MG Road
TXN-008741,SKU-0494,2024-07-23,3,1053,0,Online - Website
TXN-008742,SKU-0494,2024-07-27,2,1053,0,Store - MG Road
TXN-008743,SKU-0494,2024-08-01,2,842,20,Online - Website
TXN-008744,SKU-0494,2024-08-04,1,1053,0,Store - Koramangala
TXN-008745,SKU-0494,2024-08-08,1,1053,0,Store - MG Road
TXN-008746,SKU-0494,2024-08-13,1,948,10,Online - Website
TXN-008747,SKU-0494,2024-08-16,3,1053,0,Store - Koramangala
TXN-008748,SKU-0494,2024-08-21,2,1053,0,Online - Website
TXN-008749,SKU-0494,2024-08-26,1,948,10,Online - Instagram
TXN-008750,SKU-0494,2024-08-29,2,842,20,Store - MG Road
TXN-008751,SKU-0494,2024-09-03,2,1053,0,Online - Nykaa
TXN-008752,SKU-0494,2024-09-08,2,1053,0,Store - Koramangala
TXN-008753,SKU-0494,2024-09-13,3,1053,0,Online - Instagram
TXN-008754,SKU-0494,2024-09-18,2,948,10,Store - Indiranagar
TXN-008755,SKU-0494,2024-09-22,1,895,15,Online - Website
TXN-008756,SKU-0494,2024-09-25,1,1053,0,Store - MG Road
TXN-008757,SKU-0494,2024-09-29,2,1053,0,Store - Indiranagar
TXN-008758,SKU-0494,2024-10-04,1,1053,0,Online - Website
TXN-008759,SKU-0494,2024-10-09,2,1053,0,Store - MG Road
TXN-008760,SKU-0494,2024-10-14,2,1053,0,Online - Website
TXN-008761,SKU-0494,2024-10-17,3,790,25,Online - Website
TXN-008762,SKU-0495,2024-07-07,2,1058,0,Store - Indiranagar
TXN-008763,SKU-0495,2024-07-12,2,1058,0,Store - Indiranagar
TXN-008764,SKU-0495,2024-07-16,1,1058,0,Store - Indiranagar
TXN-008765,SKU-0495,2024-07-20,3,1058,0,Store - Koramangala
TXN-008766,SKU-0495,2024-07-24,1,1058,0,Store - MG Road
TXN-008767,SKU-0495,2024-07-27,2,1058,0,Store - MG Road
TXN-008768,SKU-0495,2024-08-01,3,846,20,Store - MG Road
TXN-008769,SKU-0495,2024-08-04,1,1058,0,Store - Koramangala
TXN-008770,SKU-0495,2024-08-08,1,1058,0,Online - Nykaa
TXN-008771,SKU-0495,2024-08-13,3,1058,0,Online - Instagram
TXN-008772,SKU-0495,2024-08-18,2,1058,0,Store - Koramangala
TXN-008773,SKU-0495,2024-08-23,1,794,25,Online - Website
TXN-008774,SKU-0495,2024-08-27,3,1058,0,Store - MG Road
TXN-008775,SKU-0495,2024-09-01,3,1058,0,Online - Nykaa
TXN-008776,SKU-0495,2024-09-04,3,1058,0,Store - Indiranagar
TXN-008777,SKU-0495,2024-09-08,2,1058,0,Store - Koramangala
TXN-008778,SKU-0495,2024-09-11,3,952,10,Online - Instagram
TXN-008779,SKU-0495,2024-09-16,2,1058,0,Store - Koramangala
TXN-008780,SKU-0495,2024-09-19,1,794,25,Store - Indiranagar
TXN-008781,SKU-0496,2024-08-25,2,662,10,Online - Nykaa
TXN-008782,SKU-0496,2024-08-28,1,552,25,Store - MG Road
TXN-008783,SKU-0496,2024-08-31,2,662,10,Store - Koramangala
TXN-008784,SKU-0496,2024-09-02,1,736,0,Store - MG Road
TXN-008785,SKU-0496,2024-09-06,1,736,0,Online - Instagram
TXN-008786,SKU-0496,2024-09-09,2,589,20,Store - MG Road
TXN-008787,SKU-0496,2024-09-12,2,662,10,Store - Koramangala
TXN-008788,SKU-0496,2024-09-15,3,662,10,Online - Website
TXN-008789,SKU-0496,2024-09-18,1,736,0,Store - Indiranagar
TXN-008790,SKU-0496,2024-09-21,2,736,0,Store - Indiranagar
TXN-008791,SKU-0496,2024-09-24,3,736,0,Store - Koramangala
TXN-008792,SKU-0496,2024-09-28,3,736,0,Store - Koramangala
TXN-008793,SKU-0496,2024-10-02,3,626,15,Store - Indiranagar
TXN-008794,SKU-0496,2024-10-05,3,736,0,Online - Nykaa
TXN-008795,SKU-0496,2024-10-08,2,552,25,Store - Koramangala
TXN-008796,SKU-0496,2024-10-10,1,736,0,Online - Instagram
TXN-008797,SKU-0496,2024-10-12,1,736,0,Online - Instagram
TXN-008798,SKU-0496,2024-10-14,3,736,0,Online - Website
TXN-008799,SKU-0496,2024-10-16,2,626,15,Store - Koramangala
TXN-008800,SKU-0496,2024-10-20,3,736,0,Online - Instagram
TXN-008801,SKU-0496,2024-10-24,2,736,0,Store - MG Road
TXN-008802,SKU-0496,2024-10-26,2,662,10,Online - Nykaa
TXN-008803,SKU-0496,2024-10-30,3,736,0,Store - MG Road
TXN-008804,SKU-0497,2024-08-03,2,801,0,Store - Koramangala
TXN-008805,SKU-0497,2024-08-13,2,801,0,Store - MG Road
TXN-008806,SKU-0497,2024-08-23,2,801,0,Store - MG Road
TXN-008807,SKU-0497,2024-08-31,1,801,0,Store - Koramangala
TXN-008808,SKU-0497,2024-09-08,3,801,0,Online - Website
TXN-008809,SKU-0497,2024-09-16,3,801,0,Store - MG Road
TXN-008810,SKU-0497,2024-09-24,2,721,10,Store - Koramangala
TXN-008811,SKU-0498,2024-07-06,1,763,0,Online - Website
TXN-008812,SKU-0498,2024-07-18,1,763,0,Store - Indiranagar
TXN-008813,SKU-0498,2024-07-29,2,763,0,Online - Nykaa
TXN-008814,SKU-0498,2024-08-09,1,763,0,Store - Koramangala
TXN-008815,SKU-0498,2024-08-22,2,763,0,Online - Website
TXN-008816,SKU-0498,2024-09-02,3,763,0,Store - MG Road
TXN-008817,SKU-0498,2024-09-15,2,763,0,Online - Nykaa
TXN-008818,SKU-0498,2024-09-26,1,649,15,Store - MG Road
TXN-008819,SKU-0499,2024-08-08,1,934,0,Online - Nykaa
TXN-008820,SKU-0499,2024-08-10,1,934,0,Store - Koramangala
TXN-008821,SKU-0499,2024-08-12,3,934,0,Store - Indiranagar
TXN-008822,SKU-0499,2024-08-13,3,934,0,Online - Instagram
TXN-008823,SKU-0499,2024-08-15,1,934,0,Store - Indiranagar
TXN-008824,SKU-0499,2024-08-18,3,700,25,Store - MG Road
TXN-008825,SKU-0499,2024-08-21,3,841,10,Store - Koramangala
TXN-008826,SKU-0499,2024-08-24,1,934,0,Store - Indiranagar
TXN-008827,SKU-0499,2024-08-27,3,934,0,Store - MG Road
TXN-008828,SKU-0499,2024-08-29,2,934,0,Store - Koramangala
TXN-008829,SKU-0499,2024-09-01,3,934,0,Online - Website
TXN-008830,SKU-0499,2024-09-04,1,934,0,Store - Koramangala
TXN-008831,SKU-0499,2024-09-07,2,934,0,Store - Indiranagar
TXN-008832,SKU-0499,2024-09-09,2,934,0,Store - Indiranagar
TXN-008833,SKU-0499,2024-09-12,1,934,0,Online - Instagram
TXN-008834,SKU-0499,2024-09-15,3,934,0,Online - Instagram
TXN-008835,SKU-0499,2024-09-18,1,934,0,Store - Koramangala
TXN-008836,SKU-0499,2024-09-19,2,934,0,Online - Nykaa
TXN-008837,SKU-0499,2024-09-20,1,841,10,Online - Instagram
TXN-008838,SKU-0499,2024-09-21,2,934,0,Online - Nykaa
TXN-008839,SKU-0499,2024-09-22,1,794,15,Store - MG Road
TXN-008840,SKU-0499,2024-09-25,3,841,10,Online - Website
TXN-008841,SKU-0499,2024-09-28,2,934,0,Online - Website
TXN-008842,SKU-0499,2024-09-30,1,934,0,Store - MG Road
TXN-008843,SKU-0499,2024-10-02,2,934,0,Online - Instagram
TXN-008844,SKU-0499,2024-10-03,3,934,0,Store - Koramangala
TXN-008845,SKU-0499,2024-10-04,1,934,0,Store - MG Road
TXN-008846,SKU-0499,2024-10-06,3,934,0,Store - Indiranagar
TXN-008847,SKU-0499,2024-10-07,3,934,0,Store - Koramangala
TXN-008848,SKU-0499,2024-10-09,2,841,10,Store - Indiranagar
TXN-008849,SKU-0499,2024-10-11,1,794,15,Online - Nykaa
TXN-008850,SKU-0499,2024-10-13,1,934,0,Online - Website
TXN-008851,SKU-0499,2024-10-14,3,934,0,Store - Koramangala
TXN-008852,SKU-0499,2024-10-16,1,934,0,Online - Website
TXN-008853,SKU-0499,2024-10-17,3,934,0,Online - Website
TXN-008854,SKU-0499,2024-10-20,2,934,0,Online - Website
TXN-008855,SKU-0499,2024-10-21,2,841,10,Online - Nykaa
TXN-008856,SKU-0499,2024-10-23,3,934,0,Store - MG Road
TXN-008857,SKU-0499,2024-10-26,1,934,0,Store - MG Road
TXN-008858,SKU-0499,2024-10-29,1,934,0,Online - Nykaa
TXN-008859,SKU-0499,2024-10-30,3,934,0,Online - Website
TXN-008860,SKU-0499,2024-10-31,2,934,0,Online - Instagram
TXN-008861,SKU-0499,2024-11-03,2,841,10,Online - Nykaa
TXN-008862,SKU-0499,2024-11-05,3,934,0,Store - Indiranagar
TXN-008863,SKU-0499,2024-11-07,3,934,0,Online - Website
TXN-008864,SKU-0499,2024-11-08,1,934,0,Store - MG Road
TXN-008865,SKU-0499,2024-11-10,3,934,0,Store - MG Road
TXN-008866,SKU-0499,2024-11-11,2,794,15,Store - MG Road
TXN-008867,SKU-0499,2024-11-12,3,934,0,Store - MG Road
TXN-008868,SKU-0499,2024-11-15,2,934,0,Store - Indiranagar
TXN-008869,SKU-0499,2024-11-17,2,934,0,Online - Instagram
TXN-008870,SKU-0500,2024-08-01,3,791,0,Online - Website
TXN-008871,SKU-0500,2024-08-25,2,791,0,Store - Indiranagar
